{
	"width": 640,
	"height": 491,
	"linearGradients": [
		{
		"#1-1": [
					[0.0923968,0.0127851,0.841566],
					[0.0837012,0.0115819,0.844522],
					[0.0374488,0.00518187,0.860802],
					[0.00989968,0.00136984,0.990035]
				],
		"#1-2": [
					[-0.127927,-0,0.853173],
					[-0.104588,-0,0.856507],
					[-0.117464,-0,0.868492],
					[0.01,0,0.990706]
				],
		"#1-3": [
					[-0.333555,-0.16671,0.910579],
					[-0.140597,-0.07027,0.838746],
					[-0.282266,-0.141075,0.901891],
					[0,0,0.99]
				],
		"#1-4": [
					[-0.748812,0.662782,0.188661],
					[-0.748812,0.662782,0.16842],
					[-0.748812,0.662782,0.168926],
					[-0,0,1]
				],
		"#1-5": [
					[0.977165,0.212483,0.412734],
					[0.977165,0.212483,0.349609],
					[0.977165,0.212483,0.274087],
					[0,0,1]
				],
		"#1-6": [
					[0.268031,0.632735,0.464919],
					[0.26889,0.634764,0.403257],
					[0.295685,0.698018,0.301645],
					[0,0,0.99]
				],
		"#1-7": [
					[-0.285665,-0,0.776491],
					[-0.152035,-0,0.769287],
					[-0.40648,-0,0.813783],
					[0.01,0,0.99]
				],
		"#1-8": [
					[-1,-0,0.570869],
					[-1,-0,0.566174],
					[-1,-0,0.557698],
					[0.01,0,1]
				],
		"#1-9": [
					[0.813162,0.000638901,-0.120142],
					[0.803198,0.000631072,-0.118469],
					[0.68519,0.000538354,-0.0908929],
					[0.00986702,7.75251e-06,0.99]
				],
		"#1-10": [
					[-0.00583286,-0.00758795,0.673534],
					[0.0434658,0.0565446,0.683833],
					[0.0308747,0.0401647,0.682638],
					[0,0,0.998523]
				],
		"#1-11": [
					[-0.410277,-0,0.616907],
					[-0.366669,-0,0.657871],
					[-0.236029,-0,0.588749],
					[0,0,0.991501]
				],
		"#1-12": [
					[-0.995181,-0.0980569,0.374301],
					[-0.988301,-0.097379,0.370405],
					[-0.995181,-0.0980569,0.3692],
					[0.00995181,0.000980569,1]
				],
		"#1-13": [
					[-0.142361,-0.126766,0.72695],
					[-0.0991624,-0.0882995,0.730755],
					[-0.238549,-0.212417,0.821656],
					[0.00746829,0.00665016,0.993713]
				],
		"#1-14": [
					[-0.239548,-0,0.570113],
					[-0.223189,-0,0.615513],
					[-0.209247,-0,0.584083],
					[0,0,0.995431]
				],
		"#1-15": [
					[0.509227,0,-0.0912269],
					[0.447789,0,-0.0769686],
					[0.368142,0,-0.0508513],
					[0.01,0,0.990406]
				],
		"#1-16": [
					[1,0,0.281207],
					[1,0,0.218462],
					[1,0,-0.0647769],
					[0,0,1]
				],
		"#1-17": [
					[-0.386586,-0,0.988541],
					[-0.426698,-0,0.982041],
					[-0.565996,-0,1],
					[0.01,0,0.99]
				],
		"#1-18": [
					[0.368182,0.147492,0.627873],
					[-0.0824524,-0.0330299,0.861234],
					[-0.136283,-0.054594,0.857706],
					[0.00928286,0.00371866,0.99]
				],
		"#1-19": [
					[-0.676706,-0.0554247,1],
					[-0.900447,-0.07375,1],
					[-0.996663,-0.0816304,0.986611],
					[0.00996663,0.000816304,0.999327]
				],
		"#1-20": [
					[-0.500277,-0.43502,0.557058],
					[-0.423818,-0.368535,0.47791],
					[-0.420633,-0.365766,0.471273],
					[0,0,1]
				],
		"#1-21": [
					[0.110803,0.0765748,0.346711],
					[0.100057,0.0691486,0.409968],
					[0.130225,0.0899969,0.392787],
					[0.00822661,0.00568532,0.99]
				],
		"#1-22": [
					[-0.751533,-0.235997,1],
					[-0.807755,-0.253652,1],
					[-0.954066,-0.299597,0.975471],
					[0.00954066,0.00299597,0.993376]
				],
		"#1-23": [
					[-0.563847,0.503161,0.99971],
					[-0.486439,0.434084,0.940284],
					[-0.496336,0.442916,0.896852],
					[-0,0,1]
				],
		"#1-24": [
					[0.216646,0,0.258393],
					[0.115345,0,0.370472],
					[-0.633551,-0,0.802609],
					[0,0,0.99]
				],
		"#1-25": [
					[-0.0226763,0.267193,0.357269],
					[-0.0176368,0.207813,0.411552],
					[-0.0160613,0.189249,0.367122],
					[-0.000845645,0.00996418,0.99]
				],
		"#1-26": [
					[-0.465764,-0.14288,0.81619],
					[-0.516079,-0.158315,0.914888],
					[-0.427225,-0.131058,0.773683],
					[0,0,0.99947]
				],
		"#1-27": [
					[-0.0913341,-0.0958211,0.411908],
					[0.0522108,0.0547757,0.331652],
					[0.00699085,0.00733429,0.345802],
					[0.00689956,0.00723851,0.99]
				],
		"#1-28": [
					[0.104518,0.0372757,0.253141],
					[0.112479,0.0401152,0.310316],
					[0.169315,0.0603854,0.254391],
					[0.0094189,0.0033592,0.99]
				],
		"#1-29": [
					[-0.170123,-0.78767,1],
					[-0.192256,-0.890145,1],
					[-0.211115,-0.977461,0.939137],
					[0.00211115,0.00977461,0.999831]
				],
		"#1-30": [
					[0.580324,0.104577,0.0305367],
					[0.315761,0.0569014,0.271181],
					[0.234727,0.0422988,0.18147],
					[0.000103625,1.86736e-05,1]
				],
		"#1-31": [
					[0.15581,0.106801,0.376938],
					[0.148635,0.101883,0.411848],
					[0.338901,0.232302,0.0918167],
					[0.00816838,0.00559909,0.99]
				],
		"#1-32": [
					[0.0650606,0.0486593,0.454187],
					[0.0114426,0.008558,0.55669],
					[-0.350488,-0.262133,0.793105],
					[0.00698808,0.00522644,0.99]
				],
		"#1-33": [
					[0.159738,0.615442,0.155889],
					[0.238276,0.918032,-0.114219],
					[0.251226,0.967928,-0.263144],
					[0.00251226,0.00967928,0.990413]
				],
		"#1-34": [
					[0.199682,0.0363681,0.336235],
					[0.060294,0.0109814,0.488845],
					[-0.0975831,-0.0177728,0.330959],
					[0.00983816,0.00179183,0.99]
				],
		"#1-35": [
					[0.0115048,0.0250227,0.525246],
					[0.0648322,0.141009,0.366803],
					[0.0312088,0.0678789,0.143728],
					[0.00346376,0.00753364,0.99]
				],
		"#1-36": [
					[0.24454,0.152865,0.272074],
					[0.19373,0.121104,0.345973],
					[0.0985919,0.0616312,0.138423],
					[0.00847955,0.00530069,0.99]
				],
		"#1-37": [
					[-0.00450851,0.277783,0.238137],
					[-0.00429333,0.264526,0.267391],
					[-0.00351126,0.21634,0.0637811],
					[-0.000162282,0.00999868,0.990082]
				],
		"#1-38": [
					[0.234254,0.203998,0.277084],
					[0.206377,0.179721,0.338409],
					[0.126149,0.109855,0.102013],
					[0.00302103,0.00263084,0.99]
				],
		"#1-39": [
					[0.134693,0.127248,0.355824],
					[0.207192,0.195739,0.328218],
					[-0.00320384,-0.00302673,0.220605],
					[0.00726913,0.00686729,0.99]
				],
		"#1-40": [
					[-0.0534934,-0.0195855,0.540504],
					[0.081381,0.029796,0.449433],
					[-0.0630919,-0.0230998,0.313542],
					[0.00938569,0.00343638,0.99]
				],
		"#1-41": [
					[0.00623633,-0.165787,0.660709],
					[0.00483401,-0.128508,0.661445],
					[0.00345662,-0.0918912,0.340074],
					[-5.4649e-07,1.4528e-05,0.992456]
				]
		},
		{
		"#2-1": [
					[0.767744,0,-0.181991],
					[0.759671,0,-0.186299],
					[0.758695,0,-0.191843],
					[0.910581,0,0.631329]
				],
		"#2-2": [
					[1,0,0.10266],
					[1,0,0.0344903],
					[1,0,-0.304077],
					[-0.791023,-0,1]
				],
		"#2-3": [
					[0.12017,0,-0.0536107],
					[0.149172,0,-0.0767839],
					[0.120729,0,-0.0626575],
					[0.325972,0,0.746659]
				],
		"#2-4": [
					[-0.754337,-0,0.535237],
					[-0.743674,-0,0.502466],
					[-0.824311,-0,0.53862],
					[0.989432,0,0.324494]
				],
		"#2-5": [
					[0.269017,0.413495,-0.389434],
					[0.182556,0.280599,-0.255603],
					[0.10494,0.161299,-0.145351],
					[-0.0188514,-0.0289757,0.999786]
				],
		"#2-6": [
					[-0.13294,0.94429,-0.474737],
					[-0.0973898,0.691773,-0.355937],
					[-0.0619274,0.439878,-0.241761],
					[0.0342896,-0.243564,1]
				],
		"#2-7": [
					[0.352474,0,0.153633],
					[0.200025,0,0.326933],
					[0.245907,0,-0.0364916],
					[0.172766,0,0.749288]
				],
		"#2-8": [
					[0.569395,0,-0.128039],
					[0.324003,0,0.0641627],
					[0.429316,0,-0.191121],
					[-0.107094,-0,0.999675]
				]
		}
	]
}
