{
	"width": 700,
	"height": 700,
	"linearGradients": [
		{
		"#1-1": [
					[2.05035e-05,2.33752e-05,0.999981],
					[2.05035e-05,2.33752e-05,0.999981],
					[2.05035e-05,2.33752e-05,0.999981],
					[0,0,0.99]
				],
		"#1-2": [
					[0.359629,0.125269,0.808508],
					[0.423489,0.147513,0.817862],
					[0.284001,0.0989253,0.806499],
					[0,0,0.99]
				],
		"#1-3": [
					[-0.103758,-0.0836326,0.577702],
					[-0.406464,-0.327626,0.93046],
					[-0.397582,-0.320466,0.726471],
					[0,0,0.99]
				],
		"#1-4": [
					[0.587351,0,0.782251],
					[0.358397,0,0.874858],
					[0.551426,0,0.765176],
					[4.32117e-05,0,0.990537]
				],
		"#1-5": [
					[-0.0741378,-0.0540312,0.963832],
					[-0.0190679,-0.0138966,0.963596],
					[-0.0603976,-0.0440174,0.924705],
					[0.00171758,0.00125176,0.99062]
				],
		"#1-6": [
					[0.369727,0.257533,0.693248],
					[-0.107388,-0.0748011,0.999523],
					[-0.145961,-0.101669,0.964449],
					[0.0082056,0.0057156,0.99009]
				],
		"#1-7": [
					[0.520851,0.177248,0.759993],
					[0.441971,0.150405,0.779123],
					[0.493767,0.168031,0.751855],
					[0,0,0.99]
				],
		"#1-8": [
					[0.164354,0.55679,0.55242],
					[0.272356,0.922672,0.22117],
					[0.266349,0.902323,0.238279],
					[0.0005913,0.00200317,0.999825]
				],
		"#1-9": [
					[0.509001,0,0.846764],
					[0.31628,0,0.812711],
					[0.323152,0,0.802848],
					[3.19928e-06,0,0.99]
				],
		"#1-10": [
					[-0.0417393,0.909191,0.285634],
					[-0.0458599,0.998948,0.110514],
					[-0.0458599,0.998948,0.110388],
					[-0.000286651,0.00624402,0.999706]
				],
		"#1-11": [
					[0.418062,0.306079,0.697965],
					[0.359303,0.263059,0.700851],
					[0.354371,0.259448,0.698432],
					[0,0,0.99]
				],
		"#1-12": [
					[-0.330731,-0.123519,0.965714],
					[-0.381895,-0.142627,0.962181],
					[-0.78968,-0.294922,0.996599],
					[0.00114758,0.000428586,0.99094]
				],
		"#1-13": [
					[-0.0290662,0.83477,0.629425],
					[-0.0232522,0.667794,0.669614],
					[-0.0307504,0.88314,0.529919],
					[-7.35993e-05,0.00211374,1]
				],
		"#1-14": [
					[-0.150127,0.988667,0.480064],
					[-0.150127,0.988667,0.439636],
					[-0.150127,0.988667,0.279371],
					[-0.000388402,0.00255783,1]
				],
		"#1-15": [
					[0.0909076,0,0.964338],
					[0.0790178,0,0.966962],
					[0.242183,0,0.907232],
					[1.34856e-06,0,0.990004]
				],
		"#1-16": [
					[0.247634,0.202017,0.73818],
					[0.308909,0.252004,0.576216],
					[0.345811,0.282108,0.534168],
					[0,0,0.99]
				],
		"#1-17": [
					[0.481667,0.310495,0.768709],
					[0.436471,0.28136,0.766804],
					[0.443654,0.285991,0.754165],
					[0,0,0.99]
				],
		"#1-18": [
					[-0.0511738,-0.000209717,0.673628],
					[-0.999992,-0.00409809,0.671588],
					[-0.999992,-0.00409809,0.59902],
					[0.00999992,4.09809e-05,1]
				],
		"#1-19": [
					[0.523973,0,0.789211],
					[0.358138,0,0.750898],
					[0.379267,0,0.740126],
					[2.05486e-06,0,0.99]
				],
		"#1-20": [
					[-0.323048,-0,1],
					[-1,-0,0.865285],
					[-1,-0,0.889105],
					[0.01,0,1]
				],
		"#1-21": [
					[0.0344792,0.0232845,0.955725],
					[0.0846255,0.0571493,0.851709],
					[0.032152,0.0217129,0.796659],
					[0,0,0.990651]
				],
		"#1-22": [
					[0.107253,0.994232,0.28505],
					[0.107253,0.994232,0.0217253],
					[0.107253,0.994232,-0.0339485],
					[0.000553542,0.0051313,1]
				],
		"#1-23": [
					[0.0611234,0.24703,0.706182],
					[0.00850749,0.0343829,0.844153],
					[0.0158261,0.0639612,0.82398],
					[0,0,0.99]
				],
		"#1-24": [
					[0.115834,0,0.915915],
					[0.230364,0,0.807627],
					[0.203681,0,0.71804],
					[0,0,0.99035]
				],
		"#1-25": [
					[0.385542,0.291369,0.544447],
					[0.373968,0.282623,0.524716],
					[0.361933,0.273527,0.543406],
					[0,0,0.99]
				],
		"#1-26": [
					[0.662249,0.121369,0.598601],
					[0.925859,0.169681,0.395239],
					[0.831048,0.152305,0.46744],
					[0.00141154,0.000258691,0.999963]
				],
		"#1-27": [
					[0.423575,0.418424,0.373559],
					[0.154713,0.152832,-0.0890442],
					[0.141603,0.139881,-0.045604],
					[0,0,1]
				],
		"#1-28": [
					[-0.685618,-0.0571371,1],
					[-0.994949,-0.0829158,1],
					[-0.996545,-0.0830488,0.916221],
					[0.00996545,0.000830488,0.99718]
				],
		"#1-29": [
					[-0.229524,-0.0586383,1],
					[-0.935563,-0.239015,0.900252],
					[-0.285114,-0.0728402,0.436869],
					[0.00968881,0.00247527,0.995076]
				],
		"#1-30": [
					[0.0193189,0.0139284,0.934732],
					[0.716318,0.516446,-0.113972],
					[0.479418,0.345647,0.0125816],
					[0,0,1]
				],
		"#1-31": [
					[0.3288,-0.9444,1],
					[0.3288,-0.9444,0.712272],
					[0.3288,-0.9444,0.719552],
					[-0.003288,0.009444,1]
				],
		"#1-32": [
					[-0.436781,0.899568,0.531054],
					[-0.436781,0.899568,0.268113],
					[-0.436781,0.899568,0.290262],
					[-0,0,1]
				],
		"#1-33": [
					[-0.0927411,0.61307,0.47785],
					[-0.0982615,0.649563,0.323284],
					[-0.0998988,0.660387,0.296596],
					[-0.000707915,0.00467971,0.999202]
				],
		"#1-34": [
					[0.137746,0.0714403,0.115391],
					[0.125581,0.0651314,-0.0699316],
					[0.105284,0.0546043,-0.018484],
					[0.000251179,0.000130271,0.990387]
				],
		"#1-35": [
					[0.000863198,0.000448846,0.321821],
					[0.00829475,0.00431311,0.126852],
					[0.0380231,0.0197712,0.125234],
					[0.00887224,0.00461339,0.99]
				],
		"#1-36": [
					[0.162842,0.0840996,0.154603],
					[0.00921108,0.00475707,0.089634],
					[0.0198454,0.0102492,0.102758],
					[0.00888504,0.00458869,0.99]
				],
		"#1-37": [
					[0.150617,0.0693641,0.122596],
					[0.111418,0.0513115,-0.0065292],
					[0.0701168,0.032291,0.044643],
					[0.00898017,0.00413566,0.99]
				],
		"#1-38": [
					[-0.49788,0.867246,0.480173],
					[-0.49788,0.867246,0.238739],
					[-0.49788,0.867246,0.211041],
					[-8.29857e-05,0.000144551,1]
				],
		"#1-39": [
					[-0.271446,-0.297134,1],
					[-0.142761,-0.156272,0.58002],
					[-0.378542,-0.414365,0.948753],
					[0.00674471,0.00738301,0.99]
				]
		},
		{
		"#2-1": [
					[0.170246,0.0659624,0.643105],
					[0.932456,0.361283,-0.475811],
					[0.932456,0.361283,-0.40322],
					[0.932456,0.361283,0.131437]
				],
		"#2-2": [
					[0.364267,0.217871,0.636714],
					[0.0355203,0.021245,0.273961],
					[0.0430236,0.0257327,0.171767],
					[0.601076,0.359508,-0.0250627]
				],
		"#2-3": [
					[-0.0119118,-0.0066267,0.730728],
					[0.270917,0.150715,0.112417],
					[-0.127088,-0.0707009,0.104053],
					[0.660891,0.367663,0.0439981]
				],
		"#2-4": [
					[0.429808,0.370223,0.41377],
					[0.753491,0.649034,-0.0389966],
					[0.757672,0.652635,-0.239084],
					[-0.0810741,-0.0698347,1]
				],
		"#2-5": [
					[-0.106207,0.155843,0.867509],
					[-0.563159,0.826349,0.269628],
					[-0.442365,0.649103,0.235487],
					[-0.402005,0.58988,0.862365]
				],
		"#2-6": [
					[-0.384174,-0.454143,1],
					[-0.517378,-0.611607,0.872506],
					[-0.614161,-0.726017,0.857617],
					[0.645844,0.76347,-0.262163]
				],
		"#2-7": [
					[0.272399,0.197493,0.622672],
					[0.282722,0.204977,0.558282],
					[0.407054,0.29512,0.331257],
					[0.253349,0.183682,0.322497]
				],
		"#2-8": [
					[-0.285533,-0.0969668,0.961853],
					[-0.151634,-0.0514947,0.666929],
					[0.88234,0.299642,-0.453323],
					[0.419805,0.142566,0.592196]
				]
		}
	]
}
