{
	"width": 1497,
	"height": 1014,
	"linearGradients": [
		{
		"#1-1": [
					[0.244072,0.0973484,0.25413],
					[0.247913,0.0988801,0.352985],
					[0.287369,0.114617,0.570933],
					[0.00928844,0.0037047,0.995424]
				],
		"#1-2": [
					[0.418762,0.119873,0.235377],
					[0.37853,0.108356,0.345794],
					[0.352281,0.100842,0.568063],
					[0.00961386,0.00275202,0.991414]
				],
		"#1-3": [
					[0.27742,0.113908,0.332832],
					[0.310849,0.127633,0.38685],
					[0.305844,0.125579,0.591959],
					[0.00925058,0.00379826,0.99]
				],
		"#1-4": [
					[0.200521,0.1449,0.327766],
					[0.208956,0.150995,0.401724],
					[0.448255,0.323917,0.339868],
					[0,0,0.999996]
				],
		"#1-5": [
					[0.148692,0.0925222,0.208588],
					[0.133713,0.0832018,0.249506],
					[0.275001,0.171116,0.0288378],
					[0.0084905,0.00528312,0.99]
				],
		"#1-6": [
					[0.700023,0.381309,0.0912454],
					[0.728985,0.397086,0.149087],
					[-0.87817,-0.478348,0.961174],
					[0.0087817,0.00478348,0.997709]
				],
		"#1-7": [
					[0.255081,0.150832,0.2794],
					[0.322444,0.190664,0.307725],
					[0.418569,0.247504,0.447841],
					[0.00860775,0.00508985,0.990532]
				],
		"#1-8": [
					[0.0992441,0.0518072,0.359623],
					[0.199183,0.103977,0.382755],
					[0.344775,0.179979,0.505163],
					[0.00886483,0.0046276,0.99]
				],
		"#1-9": [
					[-0.183541,-0.025629,0.581975],
					[-0.00436677,-0.000609762,0.590575],
					[0.330964,0.0462147,0.64916],
					[0.00990391,0.00138295,0.99]
				],
		"#1-10": [
					[0.245114,0.152666,0.252597],
					[0.264015,0.164438,0.329232],
					[0.339634,0.211536,0.481363],
					[0.00848823,0.00528677,0.99]
				],
		"#1-11": [
					[-0.0612567,-0.0250804,0.767443],
					[0.0163478,0.00669331,0.738424],
					[0.119605,0.0489701,0.743404],
					[0.00925437,0.00378902,0.99]
				],
		"#1-12": [
					[0.169428,0.105112,0.313036],
					[0.365591,0.226811,0.275929],
					[0.547515,0.339676,0.308848],
					[0.00634452,0.00393611,0.996263]
				],
		"#1-13": [
					[-0.950341,-0.31121,0.82683],
					[-0.950341,-0.31121,0.862879],
					[-0.950341,-0.31121,0.701505],
					[0.00950341,0.0031121,1]
				],
		"#1-14": [
					[0.615591,0.00361282,0.286757],
					[0.497337,0.0029188,0.402634],
					[-0.999983,-0.00586876,0.922554],
					[0.00999924,5.86841e-05,0.999555]
				],
		"#1-15": [
					[0.331154,0.121772,0.256376],
					[0.361657,0.132988,0.336712],
					[0.468444,0.172256,0.493678],
					[0,0,0.99]
				],
		"#1-16": [
					[0.119733,0,0.481041],
					[0.276947,0,0.471833],
					[0.845168,0,0.333741],
					[0.000200864,0,1]
				],
		"#1-17": [
					[1,0,0.10251],
					[0.881461,0,0.22883],
					[1,0,0.226322],
					[0.01,0,0.997344]
				],
		"#1-18": [
					[0.19943,0.10818,0.469058],
					[0.284413,0.15428,0.448162],
					[-0.0885791,-0.0480496,0.583325],
					[0.00879004,0.00476815,0.99]
				],
		"#1-19": [
					[-0.0921514,-0.0455065,0.631289],
					[0.0872951,0.0431084,0.590104],
					[0.284331,0.140409,0.593136],
					[0.00896529,0.00442727,0.99]
				],
		"#1-20": [
					[0.0172247,0.00226441,0.366347],
					[0.100077,0.0131564,0.363093],
					[0.991469,0.130342,-0.191495],
					[0,0,1]
				],
		"#1-21": [
					[0.242027,0.108474,0.621886],
					[0.260429,0.116722,0.623527],
					[0.325258,0.145777,0.618488],
					[0.00912539,0.00408991,0.99]
				],
		"#1-22": [
					[0.416183,0.136516,-0.118199],
					[0.494208,0.16211,-0.142123],
					[0.106121,0.0348098,0.0199866],
					[0,0,1]
				],
		"#1-23": [
					[1,0,0.0724431],
					[1,0,0.0921817],
					[1,0,0.052313],
					[0,0,1]
				],
		"#1-24": [
					[0.983789,0.179332,0.117745],
					[0.983789,0.179332,0.138095],
					[0.801194,0.146047,0.208616],
					[0.000452738,8.25284e-05,1]
				],
		"#1-25": [
					[-0.985109,-0.171932,0.931977],
					[-0.985109,-0.171932,0.968318],
					[-0.985109,-0.171932,0.768331],
					[0.00985109,0.00171932,0.999761]
				],
		"#1-26": [
					[0.417294,0.333756,0.191881],
					[0.413508,0.330729,0.243451],
					[0.347848,0.278213,0.446561],
					[0.000108074,8.64388e-05,1]
				],
		"#1-27": [
					[0.848497,0.5292,0.0595192],
					[0.848497,0.5292,0.0854505],
					[0.848497,0.5292,0.0698918],
					[8.70841e-05,5.43136e-05,1]
				],
		"#1-28": [
					[0.433622,0.140492,0.463439],
					[0.462389,0.149812,0.477094],
					[0.491166,0.159136,0.514411],
					[0.00159196,0.000515789,0.99347]
				],
		"#1-29": [
					[-0.325834,0.114108,0.979037],
					[-0.277123,0.0970496,0.986158],
					[-0.252515,0.0884318,1],
					[-0,0,1]
				],
		"#1-30": [
					[1,0,0.148827],
					[1,0,0.159659],
					[1,0,0.152611],
					[0.00280432,0,1]
				],
		"#1-31": [
					[0.502854,0.543172,0.343049],
					[0.509415,0.550259,0.362999],
					[-0.133372,-0.144065,0.909844],
					[0.00639478,0.0069075,0.99499]
				],
		"#1-32": [
					[-0.124,0.253133,0.708988],
					[-0.133949,0.273441,0.7278],
					[-0.330442,0.674562,0.696342],
					[-0,0,1]
				],
		"#1-33": [
					[-0.873039,-0.00278128,1],
					[-0.859041,-0.00273669,0.999869],
					[-0.916309,-0.00291913,0.999824],
					[0.00999995,3.18573e-05,0.994794]
				],
		"#1-34": [
					[-0.252712,-0,1],
					[-0.243134,-0,1],
					[-0.2572,-0,1],
					[0.01,0,0.99]
				],
		"#1-35": [
					[0.00514305,0.00249588,0.133991],
					[0.0328076,0.0159213,0.122429],
					[0.0571412,0.0277302,0.0416763],
					[0.00899658,0.00436596,0.99]
				],
		"#1-36": [
					[0.256051,0.0105406,0.491076],
					[0.322272,0.0132666,0.47792],
					[0.415774,0.0171157,0.442312],
					[0,0,0.99]
				],
		"#1-37": [
					[0.111739,0.0236549,0.627993],
					[0.248313,0.0525674,0.506742],
					[-0.189144,-0.0400414,0.852519],
					[0.00978318,0.00207108,0.99]
				],
		"#1-38": [
					[-0.236566,-0.61297,1],
					[-0.222532,-0.576605,1],
					[-0.277185,-0.718219,0.927875],
					[0.0036005,0.00932933,0.99]
				],
		"#1-39": [
					[0.405203,0.0988276,0.0551284],
					[0.347421,0.0847348,0.162477],
					[0.306947,0.0748633,-0.130562],
					[2.51228e-05,6.12736e-06,1]
				],
		"#1-40": [
					[0.0395703,0.00925729,0.37112],
					[0.0667041,0.0156051,0.399022],
					[0.0582225,0.0136209,0.0861618],
					[0.00973709,0.00227795,0.99]
				],
		"#1-41": [
					[0.240621,0.0935461,0.211692],
					[0.205823,0.0800176,0.299598],
					[0.187596,0.0729316,-0.0334979],
					[0,0,0.997794]
				]
		},
		{
		"#2-1": [
					[0.489206,0.107936,0.104478],
					[0.58136,0.128269,0.165218],
					[0.627976,0.138554,0.396916],
					[0.128584,0.0283703,0.682878]
				],
		"#2-2": [
					[0.194791,2.2649e-06,0.0409645],
					[0.340194,3.95554e-06,0.156739],
					[0.568037,6.60474e-06,0.468365],
					[-0.797723,-9.27537e-06,0.839719]
				],
		"#2-3": [
					[0.434814,0,0.219562],
					[0.342372,0,0.140785],
					[0.125909,0,-0.0833461],
					[-1,-0,0.784244]
				],
		"#2-4": [
					[0.224461,0.157245,0.730744],
					[0.259143,0.181541,0.675407],
					[0.262747,0.184066,0.62182],
					[0.10002,0.0700686,0.365937]
				],
		"#2-5": [
					[-0.454697,-0,0.355105],
					[-0.252518,-0,0.238813],
					[-0.0703079,-0,0.0443132],
					[1,0,-0.167869]
				],
		"#2-6": [
					[-0.0969006,-0,0.0688468],
					[-0.147403,-0,0.110153],
					[-0.293745,-0,0.232128],
					[1,0,-0.599856]
				],
		"#2-7": [
					[0.0278304,0.0309057,-0.0296416],
					[0.00270129,0.00299978,0.0122643],
					[0.12502,0.138834,-0.190893],
					[-0.0710034,-0.0788493,0.917743]
				],
		"#2-8": [
					[-0.361561,0.330432,0.521929],
					[-0.313891,0.286867,0.523734],
					[0.00786509,-0.00718795,0.00598866],
					[0.66446,-0.607253,0.322479]
				]
		}
	]
}
