{
	"width": 640,
	"height": 491,
	"linearGradients": [
		{
		"#1-1": [
					[0.405517,0.107034,0.816921],
					[0.399591,0.10547,0.822457],
					[0.428298,0.113047,0.835216],
					[0.00966887,0.00255204,0.99]
				],
		"#1-2": [
					[0.333729,0.00396241,0.846384],
					[0.315627,0.00374747,0.850184],
					[0.289839,0.0034413,0.860022],
					[0.00556952,6.61275e-05,0.992701]
				],
		"#1-3": [
					[-0.185092,-0,0.854485],
					[-0.12824,-0,0.85656],
					[-0.142832,-0,0.868869],
					[0.00999465,0,0.994097]
				],
		"#1-4": [
					[0.342439,0.0111697,0.840074],
					[0.320819,0.0104645,0.843979],
					[0.287855,0.00938926,0.854116],
					[9.15261e-05,2.9854e-06,0.994917]
				],
		"#1-5": [
					[0.0344891,0.0636758,0.633067],
					[0.0731676,0.135086,0.588804],
					[0.04284,0.0790938,0.62381],
					[0.00473899,0.0087494,0.99]
				],
		"#1-6": [
					[1,0,0.504565],
					[0.918692,0,0.471039],
					[0.801518,0,0.443526],
					[0,0,1]
				],
		"#1-7": [
					[-0.808566,-0.152474,0.431652],
					[-0.736097,-0.138808,0.39282],
					[-0.668167,-0.125998,0.367473],
					[0.00982681,0.00185307,1]
				],
		"#1-8": [
					[-0.683677,-0.000204667,0.25518],
					[-0.606754,-0.000181639,0.234033],
					[-0.678144,-0.000203011,0.251925],
					[0.01,2.99362e-06,1]
				],
		"#1-9": [
					[0.0224687,0.0051014,0.696421],
					[-0.0674987,-0.0153252,0.736633],
					[-0.11274,-0.025597,0.747121],
					[0.00975181,0.00221409,0.99]
				],
		"#1-10": [
					[-0.649086,-0.286207,0.341751],
					[-0.552449,-0.243596,0.299507],
					[-0.6915,-0.304909,0.350131],
					[0.00914998,0.00403458,1]
				],
		"#1-11": [
					[-0.537834,-0,0.666092],
					[-0.459673,-0,0.69518],
					[-0.283686,-0,0.610182],
					[0,0,0.996071]
				],
		"#1-12": [
					[0.527751,0.0595746,0.487677],
					[0.500444,0.056492,0.528433],
					[0.430226,0.0485655,0.528475],
					[0,0,0.993202]
				],
		"#1-13": [
					[-0.393339,-0.0839109,0.65641],
					[-0.364762,-0.0778145,0.692689],
					[-0.224639,-0.0479221,0.606236],
					[0.000123053,2.62507e-05,0.996061]
				],
		"#1-14": [
					[-0.0565625,-0.0236595,0.13375],
					[-0.0322301,-0.0134815,0.114869],
					[-0.0795784,-0.0332869,0.138423],
					[0.00922544,0.00385891,0.990008]
				],
		"#1-15": [
					[-0.194445,-0.0728678,0.185348],
					[-0.184804,-0.0692548,0.179075],
					[-0.195958,-0.0734346,0.182577],
					[0.00936407,0.00350916,0.990035]
				],
		"#1-16": [
					[1,0,0.26337],
					[1,0,0.211797],
					[1,0,-0.041965],
					[0,0,1]
				],
		"#1-17": [
					[1,0,0.314724],
					[1,0,0.248229],
					[0.848979,0,-0.0176136],
					[0,0,1]
				],
		"#1-18": [
					[0.828319,0,0.2201],
					[0.888318,0,0.205269],
					[0.848386,0,0.200292],
					[0,0,1]
				],
		"#1-19": [
					[0.282344,0.291839,0.219393],
					[0.349798,0.361562,0.179765],
					[0.308014,0.318373,0.164973],
					[0,0,0.99997]
				],
		"#1-20": [
					[0.250987,0.185769,0.391298],
					[0.265789,0.196725,0.442247],
					[0.273679,0.202565,0.435306],
					[0.00803782,0.00594923,0.99]
				],
		"#1-21": [
					[-0.404546,-0,0.984723],
					[-0.446355,-0,0.97309],
					[-0.563791,-0,0.965558],
					[0.01,0,0.99]
				],
		"#1-22": [
					[-0.0130957,-0.00528289,0.428083],
					[-0.0683385,-0.0275682,0.436659],
					[-0.47573,-0.191912,0.62542],
					[0.00927383,0.00374112,0.99]
				],
		"#1-23": [
					[-0.103056,-0.0450211,0.15078],
					[-0.0996187,-0.0435194,0.146043],
					[-0.10145,-0.0443193,0.146148],
					[0.00916098,0.00400206,0.990002]
				],
		"#1-24": [
					[0.237091,0.226518,0.635579],
					[0.128994,0.123242,0.684459],
					[0.0616698,0.0589197,0.69819],
					[0.00334165,0.00319263,0.99]
				],
		"#1-25": [
					[-0.665008,-0.0200426,1],
					[-0.90977,-0.0274195,1],
					[-0.999066,-0.0301108,0.995274],
					[0.00999546,0.000301252,1]
				],
		"#1-26": [
					[-0.307693,-0.226667,0.338805],
					[-0.279475,-0.205879,0.311097],
					[-0.282873,-0.208382,0.310478],
					[0.00805124,0.00593106,0.990069]
				],
		"#1-27": [
					[0.642613,0.154241,0.199263],
					[0.639773,0.153559,0.171236],
					[0.548157,0.131569,0.157417],
					[0,0,1]
				],
		"#1-28": [
					[-0.0257112,-0.00854823,0.209611],
					[-0.0730631,-0.0242914,0.224621],
					[-0.146544,-0.0487218,0.26989],
					[0.00948928,0.00315492,0.99]
				],
		"#1-29": [
					[-0.0216228,-0.0128574,0.418232],
					[0.0273174,0.0162436,0.419105],
					[0.0462848,0.027522,0.382438],
					[0.00859525,0.00511094,0.99]
				],
		"#1-30": [
					[-0.212591,-0.0805372,0.634894],
					[-0.287002,-0.108727,0.746434],
					[-0.370124,-0.140216,0.756813],
					[0.00935145,0.00354266,0.99]
				],
		"#1-31": [
					[-0.111931,-0.0701841,0.573239],
					[-0.0428271,-0.026854,0.536256],
					[-0.0990427,-0.0621029,0.543224],
					[0.00847224,0.00531236,0.99]
				],
		"#1-32": [
					[0.0679341,0.0330389,0.367798],
					[0.0831112,0.0404201,0.402566],
					[0.0994116,0.0483476,0.36397],
					[0.00899288,0.00437358,0.99]
				],
		"#1-33": [
					[-0.763245,-0.000222025,0.878098],
					[-0.667725,-0.000194239,0.866397],
					[-0.552657,-0.000160766,0.750992],
					[0.01,2.90897e-06,1]
				],
		"#1-34": [
					[-0.218565,-0.0940034,0.597239],
					[-0.16524,-0.0710684,0.598825],
					[-0.133226,-0.0572994,0.512583],
					[0.00918638,0.003951,0.99]
				],
		"#1-35": [
					[-0.14912,-0.83433,0.998007],
					[-0.175759,-0.983372,1],
					[-0.175942,-0.9844,0.90682],
					[0.00175942,0.009844,1]
				],
		"#1-36": [
					[-0.185938,-0.0745093,0.261449],
					[-0.213732,-0.0856471,0.283356],
					[-0.253652,-0.101644,0.312824],
					[0.00928246,0.00371968,0.990065]
				],
		"#1-37": [
					[0.0883601,0.0280155,0.424439],
					[0.0280601,0.00889677,0.520646],
					[-0.15176,-0.048117,0.435141],
					[0.00953234,0.00302233,0.990179]
				],
		"#1-38": [
					[-0.0161021,-0.00970514,0.141319],
					[-0.0991633,-0.0597681,0.228423],
					[-0.124178,-0.0748452,0.238946],
					[0.00856462,0.0051621,0.990495]
				],
		"#1-39": [
					[0.251137,0.100423,0.278957],
					[0.150023,0.0599902,0.402745],
					[-0.329623,-0.131807,0.553943],
					[0.00927707,0.00370965,0.99]
				],
		"#1-40": [
					[0.0810785,0.109673,0.309278],
					[0.0724417,0.09799,0.341683],
					[0.0727415,0.0983955,0.0909482],
					[2.23857e-06,3.02806e-06,0.99]
				],
		"#1-41": [
					[0.190048,0.133526,0.304592],
					[0.207274,0.145629,0.2977],
					[0.1541,0.10827,0.0814845],
					[0,0,0.99]
				],
		"#1-42": [
					[0.289871,0.139238,0.164769],
					[0.27081,0.130082,0.132458],
					[0.222078,0.106674,0.0617301],
					[0,0,0.99943]
				],
		"#1-43": [
					[0.081486,0.0132339,0.418892],
					[0.163053,0.026481,0.385246],
					[0.0204147,0.0033155,0.243188],
					[0.00987067,0.00160307,0.993394]
				],
		"#1-44": [
					[0.154716,0.0979999,0.293209],
					[0.126889,0.0803738,0.369298],
					[0.0674142,0.0427015,0.159631],
					[1.64049e-05,1.03912e-05,0.99]
				],
		"#1-45": [
					[0.266,0.238559,0.264749],
					[0.252385,0.226349,0.28864],
					[0.214542,0.19241,0.0118509],
					[0,0,1]
				],
		"#1-46": [
					[0.193626,0.139419,0.255474],
					[0.178135,0.128266,0.307798],
					[0.0841816,0.0606146,0.119719],
					[0,0,0.990111]
				],
		"#1-47": [
					[0.213548,0.0670938,0.255903],
					[0.181982,0.057176,0.331567],
					[0.127224,0.039972,0.0995171],
					[3.29547e-05,1.03539e-05,0.990007]
				]
		},
		{
		"#2-1": [
					[-0.0970281,-0.029119,0.16951],
					[-0.200123,-0.0600588,0.124299],
					[-0.195548,-0.0586858,0.127052],
					[0.957797,0.287444,-0.410161]
				],
		"#2-2": [
					[0.502566,0.4934,-0.0170929],
					[0.471273,0.462677,0.0451226],
					[0.314494,0.308757,0.118077],
					[0.0483517,0.0474698,0.953977]
				]
		}
	]
}
