{
	"width": 1000,
	"height": 730,
	"linearGradients": [
		{
		"#1-1": [
					[0.233601,0.000131338,0.999611],
					[0.233601,0.000131338,0.999611],
					[0.233601,0.000131338,0.999611],
					[0,0,0.99968]
				],
		"#1-2": [
					[-0.0036141,-0,0.999722],
					[-0.0036141,-0,0.999722],
					[-0.0036141,-0,0.999722],
					[0,0,0.99]
				],
		"#1-3": [
					[-0.0395904,-0.0129644,1],
					[-0.59937,-0.196272,0.938311],
					[-0.422113,-0.138227,0.325405],
					[0.00950344,0.00311203,1]
				],
		"#1-4": [
					[0.591355,0.0886605,0.820825],
					[0.192207,0.0288172,0.845194],
					[-0.374157,-0.0560965,0.842136],
					[0.00972523,0.00145808,0.999102]
				],
		"#1-5": [
					[-0.0153017,-0.0230227,1],
					[-0.203422,-0.306065,0.757031],
					[-0.316935,-0.476853,0.324118],
					[0,0,0.996319]
				],
		"#1-6": [
					[0.367378,0.434861,0.785391],
					[0.46343,0.548556,0.465774],
					[0.645347,0.763889,0.0484701],
					[0,0,1]
				],
		"#1-7": [
					[0.502855,0.221403,0.762398],
					[0.620416,0.273164,0.435127],
					[0.814902,0.358795,0.0740026],
					[0,0,1]
				],
		"#1-8": [
					[-0.0211746,0.0460696,0.985377],
					[-0.38556,0.838862,0.511067],
					[-0.417622,0.908621,-0.0310668],
					[-0,0,1]
				],
		"#1-9": [
					[0.058988,0.201018,0.431816],
					[0.0575644,0.196166,0.319172],
					[0.0742918,0.253169,0.0816708],
					[0,0,1]
				],
		"#1-10": [
					[0.534421,0.174694,0.74272],
					[0.491785,0.160757,0.479307],
					[0.590894,0.193154,0.0788136],
					[0,0,1]
				],
		"#1-11": [
					[0.289545,0.0287019,0.791225],
					[0.274483,0.0272087,0.666721],
					[0.306018,0.0303347,0.499376],
					[0,0,0.99]
				],
		"#1-12": [
					[-0.796763,0.604292,0.795999],
					[-0.771563,0.58518,0.805446],
					[-0.796763,0.604292,0.799776],
					[-1.4715e-05,1.11604e-05,1]
				],
		"#1-13": [
					[0.359442,0.250002,0.784518],
					[-0.108516,-0.0754762,1],
					[-0.282113,-0.196217,1],
					[0.00820953,0.00570996,0.99]
				],
		"#1-14": [
					[0.251599,0.226367,0.764809],
					[0.029463,0.0265083,0.834016],
					[-0.2839,-0.255429,0.975386],
					[0.007434,0.00668848,0.990041]
				],
		"#1-15": [
					[0.20529,0.339024,0.774989],
					[0.167802,0.277115,0.523381],
					[-0.51797,-0.855398,0.768765],
					[0.0051797,0.00855398,1]
				],
		"#1-16": [
					[-0.00597049,-0.00321069,0.975733],
					[0.224756,0.120865,0.533741],
					[0.765669,0.411747,-0.382816],
					[0.00880729,0.00473621,0.99]
				],
		"#1-17": [
					[0.0512505,0.0384204,0.937679],
					[-0.116858,-0.0876037,0.683939],
					[-0.503696,-0.3776,0.483136],
					[0.00789818,0.00592093,0.994336]
				],
		"#1-18": [
					[0.0848067,0.0848146,0.925864],
					[-0.089652,-0.0896603,0.99507],
					[-0.204124,-0.204143,1],
					[0.00707074,0.0070714,0.990491]
				],
		"#1-19": [
					[-0.00351944,-0.00341997,1],
					[-0.00369497,-0.00359054,1],
					[-0.0040711,-0.00395604,1],
					[0.000179651,0.000174574,0.99]
				],
		"#1-20": [
					[0.203205,0.158213,0.850009],
					[0.206359,0.160668,0.845897],
					[0.18853,0.146787,0.857072],
					[0,0,0.99]
				],
		"#1-21": [
					[-0.0887373,0.797183,0.290678],
					[-0.0929544,0.835068,0.255993],
					[-0.096881,0.870343,0.221042],
					[-0.000175184,0.00157379,0.999954]
				],
		"#1-22": [
					[0.0765656,0.0564633,0.91794],
					[0.172918,0.127518,0.446681],
					[-0.083955,-0.0619126,0.113362],
					[0.00804822,0.00593516,0.99]
				],
		"#1-23": [
					[0.153052,0,0.885002],
					[-0.292797,-0,1],
					[-0.770448,-0,1],
					[0.01,0,0.99]
				],
		"#1-24": [
					[0.00693518,0.0214394,0.975533],
					[-0.0139819,-0.0432236,0.745089],
					[0.307776,0.951459,-0.753998],
					[0,0,0.999991]
				],
		"#1-25": [
					[0.0724892,0.000100277,0.93853],
					[-0.439966,-0.000608623,0.999941],
					[-0.999999,-0.00138334,0.917453],
					[0.00999999,1.38334e-05,1]
				],
		"#1-26": [
					[0.115739,0.00582159,0.823125],
					[0.139444,0.00701392,0.745234],
					[0.238771,0.01201,0.629782],
					[0.00998737,0.000502356,0.99]
				],
		"#1-27": [
					[0.0446928,0.0406239,0.937813],
					[-0.108114,-0.0982708,0.814316],
					[-0.214519,-0.194989,0.487728],
					[0.00739989,0.00672619,0.99]
				],
		"#1-28": [
					[0.541598,0.211996,-0.289089],
					[0.682498,0.267147,-0.328452],
					[0.512043,0.200427,-0.528775],
					[0.000590469,0.000231125,1]
				],
		"#1-29": [
					[0.191275,0.0630368,0.837319],
					[-0.062074,-0.0204571,1],
					[-0.0770129,-0.0253804,1],
					[0.00949753,0.00313001,0.99]
				],
		"#1-30": [
					[0.1275,0.0598775,0.855864],
					[0.270981,0.12726,0.395276],
					[0.577344,0.271136,-0.453342],
					[0,0,1]
				],
		"#1-31": [
					[0.0304577,0.0409599,0.73391],
					[-0.392631,-0.528015,0.912625],
					[-0.586307,-0.788473,1],
					[0.00553593,0.0074448,0.991817]
				],
		"#1-32": [
					[0.403828,0.149213,0.39048],
					[0.227736,0.0841476,0.216472],
					[0.271564,0.100342,0.0774314],
					[3.37214e-05,1.246e-05,1]
				],
		"#1-33": [
					[0.116287,0.553181,0.592752],
					[0.104708,0.498095,0.439217],
					[0.101997,0.4852,0.269527],
					[0,0,0.999993]
				],
		"#1-34": [
					[0.900426,0,0.0279768],
					[0.879891,0,-0.0822178],
					[1,0,-0.252872],
					[0.0002952,0,1]
				],
		"#1-35": [
					[0.21637,0.139678,0.762733],
					[-0.166052,-0.107195,0.766003],
					[0.619588,0.399976,-0.372122],
					[0.000274861,0.000177437,1]
				],
		"#1-36": [
					[0.376531,0,0.619658],
					[0.376339,0,0.618541],
					[0.376427,0,0.619108],
					[1.03216e-07,0,0.999811]
				],
		"#1-37": [
					[0.376588,0,0.619739],
					[0.376424,0,0.618334],
					[0.376736,0,0.619069],
					[0,0,1]
				],
		"#1-38": [
					[0.374431,0,0.621919],
					[0.374455,0,0.620325],
					[0.374458,0,0.621107],
					[0,0,0.999421]
				]
		},
		{
		"#2-1": [
					[0.311208,0.00279884,0.921566],
					[0.311208,0.00279884,0.921566],
					[0.311208,0.00279884,0.921566],
					[0.445366,0.00400539,0.000811066]
				],
		"#2-2": [
					[-0.0266348,-0.0256909,1],
					[0.367787,0.354753,0.63982],
					[0.719745,0.694238,0.341503],
					[0.326882,0.315298,0.767596]
				],
		"#2-3": [
					[0.00580905,0.0484816,0.963698],
					[-0.073141,-0.610425,0.919792],
					[-0.0510397,-0.42597,0.303057],
					[0.0912615,0.761656,0.601312]
				],
		"#2-4": [
					[0.157975,0.117986,0.896923],
					[-0.800504,-0.597869,1],
					[-0.801204,-0.598392,0.498271],
					[0.801204,0.598392,0.209613]
				],
		"#2-5": [
					[0.0316565,0.0906924,0.920922],
					[0.0874122,0.250426,0.560966],
					[0.2487,0.712499,-0.153179],
					[0.0693151,0.19858,0.824516]
				],
		"#2-6": [
					[-0.436376,-0,0.801811],
					[0.0494658,0,0.36361],
					[0.0579553,0,-0.0287063],
					[0.998989,0,0.349568]
				],
		"#2-7": [
					[0.0229604,0,0.347188],
					[-0.139585,-0,0.541722],
					[0.0864693,0,-0.0430628],
					[0.783704,0,0.487103]
				],
		"#2-8": [
					[0.343823,0.0525258,0.750814],
					[0.34853,0.053245,0.511419],
					[0.606296,0.092624,-0.329786],
					[0.136449,0.0208454,0.899489]
				],
		"#2-9": [
					[0.622094,0.523841,0.204515],
					[0.764885,0.644079,-0.390583],
					[0.351211,0.295741,-0.255385],
					[-0.060391,-0.0508529,1]
				],
		"#2-10": [
					[0.481686,0.140226,0.590214],
					[0.672378,0.19574,0.367666],
					[0.863397,0.251349,0.124078],
					[0.433849,0.1263,0.651378]
				],
		"#2-11": [
					[0.0541757,0.0734827,0.919029],
					[0.0377577,0.0512137,0.637438],
					[0.593031,0.804376,-0.76561],
					[0.00537455,0.00728993,0.99804]
				]
		}
	]
}
