{
	"width": 700,
	"height": 700,
	"linearGradients": [
		{
		"#1-1": [
					[0.0018901,0.000924198,1],
					[-0.00183093,-0.000895269,1],
					[-0.00404084,-0.00197585,1],
					[0,0,1]
				],
		"#1-2": [
					[-0.540813,-0.0366732,0.703965],
					[-0.452259,-0.0306682,0.840481],
					[-0.710469,-0.0481777,0.723557],
					[0.00485974,0.000329544,0.998815]
				],
		"#1-3": [
					[0.261612,0.385513,0.67202],
					[0.441315,0.650327,0.413985],
					[0.46824,0.690003,0.379723],
					[0.000275895,0.000406561,1]
				],
		"#1-4": [
					[-0.220672,-0.37089,1],
					[-0.205351,-0.345139,1],
					[-0.358853,-0.603134,1],
					[0.0051132,0.0085939,0.992882]
				],
		"#1-5": [
					[0.944495,0,0.53887],
					[1,0,0.512525],
					[1,0,0.374766],
					[0,0,1]
				],
		"#1-6": [
					[1,0,0.689956],
					[1,0,0.671501],
					[1,0,0.629066],
					[0.0060397,0,1]
				],
		"#1-7": [
					[0.380349,0,0.868767],
					[0.385642,0,0.861698],
					[0.894398,0,0.692091],
					[0,0,1]
				],
		"#1-8": [
					[-0.159529,-0.0127589,0.702409],
					[-0.996817,-0.0797243,0.682852],
					[-0.996817,-0.0797243,0.600028],
					[0.00996817,0.000797243,1]
				],
		"#1-9": [
					[0.556652,0,0.827653],
					[0.474031,0,0.817857],
					[0.470485,0,0.812498],
					[0,0,0.99]
				],
		"#1-10": [
					[0.402015,0.430292,0.496859],
					[0.165766,0.177426,0.595675],
					[0.319329,0.34179,0.400398],
					[0.00682689,0.00730709,0.990583]
				],
		"#1-11": [
					[0.151004,0.208805,0.675606],
					[0.0903801,0.124975,0.678607],
					[0.112017,0.154895,0.652768],
					[0,0,0.99]
				],
		"#1-12": [
					[-0.196914,-0,1],
					[-1,-0,0.87265],
					[-0.891282,-0,0.766155],
					[0.01,0,0.996402]
				],
		"#1-13": [
					[0.249652,0.17501,0.0330855],
					[0.0680939,0.0477349,0.0619291],
					[0.0742874,0.0520766,0.0704828],
					[0.00312332,0.0021895,0.99679]
				]
		},
		{
		"#2-1": [
					[0.500556,0.203806,0.731445],
					[0.524441,0.213531,0.784039],
					[0.431,0.175486,0.733603],
					[0.375185,0.15276,0.185826]
				],
		"#2-2": [
					[0.426073,0.305274,0.71148],
					[0.465755,0.333705,0.751609],
					[0.419936,0.300877,0.710136],
					[0.354634,0.254089,0.299381]
				],
		"#2-3": [
					[0.468231,0.339546,0.729977],
					[0.474938,0.34441,0.733861],
					[0.462845,0.33564,0.70735],
					[0.378403,0.274406,0.422619]
				],
		"#2-4": [
					[0.407767,0.33749,0.709004],
					[0.450873,0.373167,0.73847],
					[0.393341,0.32555,0.69509],
					[0.344962,0.285509,0.328079]
				],
		"#2-5": [
					[0.705026,0.0587525,0.754799],
					[0.599815,0.0499849,0.825866],
					[0.724395,0.0603666,0.728588],
					[0.515128,0.0429276,0.669944]
				],
		"#2-6": [
					[0.428939,0.282754,0.715078],
					[0.503473,0.331886,0.692159],
					[0.425395,0.280417,0.699444],
					[0.350235,0.230872,0.311404]
				],
		"#2-7": [
					[0.452553,0.272896,0.704159],
					[0.484312,0.292047,0.685405],
					[0.522306,0.314958,0.660197],
					[0.387115,0.233436,0.414373]
				],
		"#2-8": [
					[0.480128,0.210537,0.732921],
					[0.487327,0.213694,0.710368],
					[0.49516,0.217129,0.702232],
					[0.326746,0.143279,0.226246]
				],
		"#2-9": [
					[0.537516,0.105596,0.727935],
					[0.373287,0.0733332,0.561611],
					[0.352243,0.0691991,0.514353],
					[0.388213,0.0762654,0.0272257]
				],
		"#2-10": [
					[0.31248,0.377565,0.625629],
					[0.529217,0.639447,0.354726],
					[0.464395,0.561122,0.422558],
					[0.278352,0.336329,0.473723]
				],
		"#2-11": [
					[0.432629,0.218022,0.592721],
					[0.174723,0.088051,0.404804],
					[0.189861,0.0956799,0.378211],
					[0.466356,0.235019,-0.0470314]
				],
		"#2-12": [
					[0.52497,0.289702,0.605988],
					[0.357918,0.197515,0.709035],
					[0.363094,0.200372,0.671969],
					[0.250989,0.138507,0.129599]
				],
		"#2-13": [
					[1,0,0.691718],
					[0.974039,0,0.667484],
					[1,0,0.630881],
					[0.281305,0,0.724133]
				],
		"#2-14": [
					[0.51661,0.141581,0.810798],
					[0.508263,0.139294,0.817435],
					[0.526315,0.144241,0.806274],
					[0.385048,0.105526,0.221456]
				],
		"#2-15": [
					[-0.478734,-0.0919824,1],
					[-0.565079,-0.108572,0.369751],
					[-0.603174,-0.115892,0.412889],
					[0.982038,0.188685,0.110806]
				],
		"#2-16": [
					[0.419087,0.236821,0.632204],
					[0.406473,0.229693,0.605662],
					[0.356725,0.201581,0.592392],
					[0.193629,0.109417,0.0693875]
				],
		"#2-17": [
					[0.374115,0.439582,0.733685],
					[0.321377,0.377616,0.626624],
					[0.335216,0.393877,0.622353],
					[0.308554,0.362548,0.361719]
				],
		"#2-18": [
					[0.446785,0.298166,0.707664],
					[0.323576,0.215942,0.48796],
					[0.347903,0.232177,0.501521],
					[0.437434,0.291926,0.259278]
				],
		"#2-19": [
					[0.325362,0.201445,0.593994],
					[0.259556,0.160702,0.316487],
					[0.25724,0.159268,0.358582],
					[0.544958,0.337406,0.181246]
				],
		"#2-20": [
					[0.427277,0.226126,0.560141],
					[0.22266,0.117838,0.45564],
					[0.229423,0.121417,0.467875],
					[0.173094,0.0916062,-0.0519222]
				],
		"#2-21": [
					[-0.144003,-0,1],
					[0.616963,0,0.418316],
					[1,0,-0.128609],
					[1,0,-0.246015]
				],
		"#2-22": [
					[0.52379,0.141471,0.570185],
					[0.7298,0.197112,0.28758],
					[0.850884,0.229816,0.269087],
					[0.234788,0.0634141,0.663077]
				],
		"#2-23": [
					[0.282092,0.0118772,0.461153],
					[-0.113612,-0.00478352,0.109048],
					[-0.116984,-0.00492552,0.127814],
					[0.855296,0.0360115,-0.375168]
				],
		"#2-24": [
					[0.229621,0.136983,0.458329],
					[0.102149,0.0609383,0.165151],
					[0.156516,0.0933716,0.266582],
					[0.715737,0.426981,-0.132412]
				],
		"#2-25": [
					[0.359352,0.187242,0.587448],
					[0.371123,0.193375,0.383325],
					[0.358282,0.186684,0.455958],
					[0.42313,0.220474,0.345071]
				],
		"#2-26": [
					[0.185949,0.0905542,0.292063],
					[0.095195,0.0463584,0.212394],
					[0.0853201,0.0415495,0.221455],
					[0.372504,0.181403,0.191418]
				]
		},
		{
		"#3-1": [
					[-0.881388,-0,1],
					[-1,-0,0.377494],
					[-1,-0,0.469841],
					[1,0,0.301944]
				],
		"#3-2": [
					[0.32016,0.309633,0.390082],
					[0.718825,0.695191,-0.649181],
					[0.421267,0.407416,-0.282753],
					[0.598526,0.578848,-0.0917096]
				],
		"#3-3": [
					[-0.909955,-0.0179369,1],
					[0.153663,0.00302899,-0.0964813],
					[-0.286163,-0.00564081,0.149993],
					[0.999806,0.0197081,0.424173]
				],
		"#3-4": [
					[-0.930561,-0,1],
					[-0.999977,-0,0.78728],
					[-0.436262,-0,0.229257],
					[1,0,-0.0447494]
				],
		"#3-5": [
					[0.449133,0.150928,0.672941],
					[0.443613,0.149073,0.675665],
					[0.461668,0.15514,0.604478],
					[0.400613,0.134624,0.434814]
				],
		"#3-6": [
					[-0.518547,-0.323305,0.937454],
					[-0.539444,-0.336334,0.660003],
					[-0.738595,-0.460501,0.734783],
					[0.848576,0.529073,-0.390999]
				],
		"#3-7": [
					[0.43787,0.214171,0.584036],
					[0.431307,0.21096,0.601848],
					[0.461349,0.225655,0.553947],
					[0.29495,0.144266,0.31438]
				],
		"#3-8": [
					[0.41019,0.294253,0.480671],
					[0.351303,0.25201,0.563858],
					[0.270628,0.194137,0.674993],
					[0.277332,0.198947,0.456351]
				],
		"#3-9": [
					[0.39942,0.260327,0.507767],
					[0.386964,0.252209,0.51991],
					[0.365461,0.238194,0.548636],
					[0.31489,0.205234,0.40941]
				],
		"#3-10": [
					[0.668098,0.0754368,0.487306],
					[0.779417,0.0880061,0.383153],
					[0.915032,0.103319,0.274071],
					[0.518424,0.0585366,0.371678]
				]
		}
	]
}
