{
	"width": 1019,
	"height": 1015,
	"linearGradients": [
		{
		"#1-1": [
					[-0.0209136,-0,1],
					[-0.0337619,-0,1],
					[-0.0569915,-0,0.999833],
					[0,0,0.99]
				]
		},
		{
		"#2-1": [
					[0.0168902,0,0.320322],
					[-0.595118,-0,0.608693],
					[0.569802,0,-0.0622561],
					[1,0,0.302899]
				],
		"#2-2": [
					[-0.207889,-0.197997,0.781609],
					[0.0521952,0.0497116,-0.0145517],
					[0.0184533,0.0175752,-0.0127416],
					[0.452076,0.430565,0.188961]
				],
		"#2-3": [
					[0.479036,0,0.713015],
					[-0.403946,-0,0.468031],
					[-0.039281,-0,0.0112351],
					[1,0,-0.0316773]
				],
		"#2-4": [
					[0.0181202,0,0.893109],
					[0.490443,0,0.332173],
					[1,0,-0.300448],
					[1,0,-0.0340164]
				],
		"#2-5": [
					[0.0949088,0.105497,0.59865],
					[0.062968,0.0699931,0.381805],
					[0.269901,0.300013,0.121872],
					[0.336799,0.374375,0.0863608]
				],
		"#2-6": [
					[0.27332,0,0.282154],
					[-0.183737,-0,0.265896],
					[0.0531574,0,-0.0386387],
					[1,0,-0.681555]
				]
		},
		{
		"#3-1": [
					[-0.0776468,-0.0713047,0.182492],
					[-0.144724,-0.132903,0.321305],
					[-0.200072,-0.18373,0.118459],
					[0.736547,0.676387,0.0281193]
				],
		"#3-2": [
					[-0.17572,-0.0914182,0.999452],
					[0.887127,0.461526,0.0593373],
					[0.179501,0.0933848,0.253349],
					[0.887127,0.461526,0.380484]
				],
		"#3-3": [
					[0.0343694,-0.709701,1],
					[-0.0483713,0.998829,-0.0574775],
					[-0.0149757,0.309236,0.0739931],
					[0.00694289,-0.143365,0.844837]
				],
		"#3-4": [
					[0.0968203,0.100043,0.941568],
					[0.59887,0.618804,0.56407],
					[0.0995017,0.102814,0.647771],
					[0.284123,0.29358,0.56144]
				],
		"#3-5": [
					[-0.741097,-0.616509,1],
					[-0.768768,-0.639528,0.607357],
					[-0.768768,-0.639528,0.447278],
					[0.768768,0.639528,0.0103085]
				],
		"#3-6": [
					[0.103924,0.0184392,0.941315],
					[0.223482,0.0396522,0.884355],
					[0.463209,0.0821867,0.584389],
					[0.237631,0.0421626,0.378439]
				],
		"#3-7": [
					[-0.0164345,0.0464072,0.94228],
					[-0.333822,0.942636,0.179945],
					[0.222219,-0.627495,0.771255],
					[-0.189402,0.534828,0.558637]
				],
		"#3-8": [
					[0.987221,0,0.585614],
					[1,0,0.583284],
					[1,0,0.371669],
					[1,0,0.384643]
				],
		"#3-9": [
					[-0.0409504,-0,0.305984],
					[0.0513238,0,-0.0306723],
					[-0.137363,-0,0.117926],
					[1,0,0.10173]
				],
		"#3-10": [
					[0.046599,0.0142715,0.972228],
					[-0.15518,-0.0475256,0.93817],
					[0.542033,0.166004,0.341225],
					[0.097674,0.0299138,0.696227]
				],
		"#3-11": [
					[-0.771946,0.455163,1],
					[-0.861409,0.507913,0.717441],
					[-0.861409,0.507913,0.680171],
					[-0.205842,0.12137,0.702719]
				],
		"#3-12": [
					[-0.133187,-0.46932,1],
					[0.191121,0.673467,-0.336407],
					[0.242751,0.855396,-0.502591],
					[0.0847439,0.298617,0.479625]
				]
		}
	]
}
