{
	"width": 1497,
	"height": 1014,
	"linearGradients": [
		{
		"#1-1": [
					[0.530016,0.16323,0.204716],
					[0.492029,0.151531,0.314725],
					[0.330338,0.101735,0.570391],
					[0.00955704,0.0029433,0.99]
				],
		"#1-2": [
					[0.205449,0.206157,0.216006],
					[0.175337,0.175941,0.337952],
					[0.178461,0.179077,0.541715],
					[0.0062964,0.00631811,0.990472]
				],
		"#1-3": [
					[-0.357244,-0.212114,1],
					[-0.275341,-0.163484,0.954822],
					[-0.133523,-0.0792792,0.913427],
					[0.00859855,0.00510539,0.99]
				],
		"#1-4": [
					[-0.0168115,-0.0197239,0.431364],
					[0.327918,0.384726,0.183282],
					[0.636965,0.747311,0.0307332],
					[3.98103e-05,4.67069e-05,1]
				],
		"#1-5": [
					[-0.176077,-0,0.565258],
					[0.162352,0,0.504452],
					[1,0,0.289617],
					[0.000124043,0,1]
				],
		"#1-6": [
					[1,0,0.102503],
					[0.881455,0,0.228828],
					[1,0,0.226317],
					[0.01,0,0.997333]
				],
		"#1-7": [
					[-0.125525,-0.0906774,0.639021],
					[0.0817191,0.0590326,0.546859],
					[-0.810617,-0.585577,0.985143],
					[0.00810617,0.00585577,0.996273]
				],
		"#1-8": [
					[-0.318376,-0.0950172,0.532446],
					[-0.156947,-0.0468397,0.485215],
					[0.958236,0.285979,-0.232971],
					[0,0,1]
				],
		"#1-9": [
					[-0.0596438,-0.0250009,0.765037],
					[-0.0247567,-0.0103773,0.758983],
					[0.12012,0.0503508,0.716482],
					[0.00922255,0.00386581,0.99]
				],
		"#1-10": [
					[0.656529,0.167186,-0.234277],
					[0.815963,0.207785,-0.299437],
					[0.0121033,0.0030821,0.0735894],
					[0,0,1]
				],
		"#1-11": [
					[1,0,0.0724429],
					[1,0,0.0921815],
					[1,0,0.0523122],
					[0,0,1]
				],
		"#1-12": [
					[0.978165,0.207829,0.112734],
					[0.978165,0.207829,0.132843],
					[0.978165,0.207829,0.108687],
					[0.000429475,9.12498e-05,1]
				],
		"#1-13": [
					[-0.984216,-0.17697,0.933959],
					[-0.984216,-0.17697,0.970319],
					[-0.984216,-0.17697,0.77028],
					[0.00984216,0.0017697,0.999681]
				],
		"#1-14": [
					[0.408193,0.718938,-0.184083],
					[0.380069,0.669404,-0.0751059],
					[0.214192,0.37725,0.411925],
					[9.7794e-05,0.000172241,0.999979]
				],
		"#1-15": [
					[0.848909,0.528539,0.0596826],
					[0.848909,0.528539,0.0856008],
					[0.848909,0.528539,0.0700501],
					[0.000900413,0.000560606,1]
				],
		"#1-16": [
					[0.549093,0.136576,0.169342],
					[0.575013,0.143023,0.238554],
					[0.349374,0.0868997,0.605652],
					[0.00968656,0.00240934,0.99053]
				],
		"#1-17": [
					[0.382008,0.0490302,0.508107],
					[0.4354,0.055883,0.508679],
					[0.669729,0.0859588,0.431081],
					[0.00536996,0.000689226,0.996993]
				],
		"#1-18": [
					[-0.328351,0.128867,0.96939],
					[-0.30896,0.121256,0.985691],
					[-0.280572,0.110115,1],
					[-0,0,0.991021]
				],
		"#1-19": [
					[1,0,0.14869],
					[1,0,0.159527],
					[1,0,0.152477],
					[0.00207657,0,1]
				],
		"#1-20": [
					[0.348082,0.937464,0.370286],
					[0.348082,0.937464,0.395709],
					[-0.179212,-0.482659,1],
					[0.000252148,0.00067909,0.999999]
				],
		"#1-21": [
					[1,0,0.156317],
					[1,0,0.160626],
					[1,0,0.128897],
					[0.00175204,0,1]
				],
		"#1-22": [
					[-0.339198,0.313431,0.847007],
					[-0.394522,0.364552,0.889247],
					[-0.734453,0.67866,0.989892],
					[-0,0,1]
				],
		"#1-23": [
					[-0.880595,-0,1],
					[-0.866766,-0,1],
					[-0.924579,-0,1],
					[0.01,0,0.99]
				],
		"#1-24": [
					[-0.252712,-0,1],
					[-0.243135,-0,1],
					[-0.257199,-0,1],
					[0.01,0,0.99]
				],
		"#1-25": [
					[-0.0637919,-0.0514021,1],
					[-0.0592124,-0.047712,1],
					[-0.0672176,-0.0541624,1],
					[0.0077867,0.00627434,0.99]
				],
		"#1-26": [
					[-0.846925,-0,1],
					[-0.807246,-0,1],
					[-0.320625,-0,0.622613],
					[0.01,0,0.990036]
				],
		"#1-27": [
					[-0.397423,0.286886,0.801213],
					[-0.577395,0.416802,0.894378],
					[-0.810816,0.585301,1],
					[-0,0,1]
				],
		"#1-28": [
					[-0.0607933,-0.0104379,0.188907],
					[0.0257086,0.00441404,0.13424],
					[0.187779,0.0322408,-0.0534975],
					[0,0,0.999742]
				],
		"#1-29": [
					[0.0135401,0.0244444,0.12129],
					[0.00165917,0.00299535,0.154692],
					[0.182438,0.329361,-0.191486],
					[0,0,1]
				],
		"#1-30": [
					[0.300576,0,0.459036],
					[0.336142,0,0.470066],
					[0.376702,0,0.476379],
					[0,0,0.997601]
				],
		"#1-31": [
					[-0.171148,-0.0808446,0.879742],
					[0.0926047,0.0437434,0.642798],
					[-0.35134,-0.165961,1],
					[0.00904198,0.00427113,0.990003]
				],
		"#1-32": [
					[-0.79877,0.444534,0.999941],
					[-0.747494,0.415998,1],
					[-0.873798,0.486289,0.870919],
					[-0,0,1]
				],
		"#1-33": [
					[-0.236033,-0.612628,1],
					[-0.222075,-0.5764,1],
					[-0.276894,-0.718683,0.927508],
					[0.00359519,0.00933138,0.99]
				],
		"#1-34": [
					[0.453459,0.0990749,0.00758126],
					[0.391115,0.0854535,0.119164],
					[0.333817,0.0729346,-0.157857],
					[0,0,0.996418]
				],
		"#1-35": [
					[-0.32856,-0.841657,0.767928],
					[-0.325498,-0.833813,0.819325],
					[-0.156295,-0.400373,0.314641],
					[0.00362256,0.00927974,0.996653]
				],
		"#1-36": [
					[0.179663,0.0944053,0.268283],
					[0.153689,0.0807567,0.34779],
					[0.140112,0.0736227,0.00727886],
					[0,0,0.99]
				]
		},
		{
		"#2-1": [
					[0.225283,0.0466231,0.291274],
					[0.270012,0.0558799,0.383388],
					[0.594497,0.123033,0.570535],
					[0.390462,0.0808073,0.55129]
				],
		"#2-2": [
					[0.153459,0.0708234,0.405059],
					[0.20213,0.0932857,0.442167],
					[0.152064,0.0701794,0.67463],
					[0.387261,0.178726,0.570499]
				],
		"#2-3": [
					[0.0784627,0.0727725,0.39364],
					[0.0682336,0.0632853,0.468967],
					[0.520436,0.482694,0.221168],
					[0.00971084,0.0090066,0.719967]
				],
		"#2-4": [
					[-0.167919,-0.243498,0.396102],
					[-0.219269,-0.317961,0.455046],
					[-0.0923408,-0.133903,0.102611],
					[-0.279144,-0.404785,1]
				],
		"#2-5": [
					[0.719371,0.399954,0.087907],
					[0.804898,0.447505,0.110261],
					[-0.874001,-0.485925,0.91711],
					[0.874001,0.485925,0.335773]
				],
		"#2-6": [
					[0.170418,0.141634,0.307887],
					[0.253552,0.210727,0.301045],
					[0.358137,0.297648,0.416349],
					[0.357652,0.297245,0.45538]
				],
		"#2-7": [
					[-0.0931541,-0.0547395,0.490949],
					[0.0689741,0.0405308,0.460943],
					[0.283047,0.166325,0.533566],
					[0.43855,0.257702,0.462411]
				],
		"#2-8": [
					[-0.67176,-0.253232,0.877366],
					[-0.366764,-0.138258,0.78363],
					[0.17917,0.0675416,0.669788],
					[0.178509,0.0672925,0.713243]
				],
		"#2-9": [
					[-0.134435,-0.0285969,0.567097],
					[0.0859164,0.0182761,0.537619],
					[0.465445,0.0990094,0.576618],
					[-0.257928,-0.0548664,0.623189]
				],
		"#2-10": [
					[-0.943969,-0.330034,0.817161],
					[-0.943969,-0.330034,0.839129],
					[-0.943969,-0.330034,0.590335],
					[0.943969,0.330034,0.343538]
				],
		"#2-11": [
					[0.789833,0,0.235755],
					[0.516998,0,0.393127],
					[-1,-0,0.888555],
					[1,0,0.503038]
				],
		"#2-12": [
					[0.329085,0.107571,0.251805],
					[0.356463,0.11652,0.337821],
					[0.493909,0.161448,0.506962],
					[0.413447,0.135147,0.377858]
				],
		"#2-13": [
					[-0.60033,-0,1],
					[-0.335809,-0,0.884456],
					[0.245326,0,0.631835],
					[-0.999968,-0,0.897503]
				]
		}
	]
}
