{
	"width": 1000,
	"height": 730,
	"linearGradients": [
		{
		"#1-1": [
					[0.480362,0,0.999092],
					[0.480362,0,0.999092],
					[0.480362,0,0.999092],
					[0,0,0.99]
				],
		"#1-2": [
					[-0.00399328,-0.00260804,1],
					[-0.00506681,-0.00330918,1],
					[-0.00499162,-0.00326007,1],
					[0.00221133,0.00144424,0.99]
				],
		"#1-3": [
					[0.00514984,0,0.995259],
					[-0.433308,-0,0.759216],
					[-0.304133,-0,0.143847],
					[0.00611758,0,1]
				],
		"#1-4": [
					[0.18018,0.379472,0.843671],
					[0.204678,0.431068,0.794672],
					[0.239536,0.504482,0.745592],
					[0,0,0.99]
				],
		"#1-5": [
					[0.00100549,0.0040594,0.981717],
					[-0.105906,-0.427567,0.961486],
					[-0.117931,-0.476118,0.526205],
					[0.000198707,0.000802228,0.997028]
				],
		"#1-6": [
					[0.0896785,0.113887,0.930111],
					[-0.181863,-0.230956,0.740027],
					[-0.618656,-0.785662,0.506578],
					[0.00618656,0.00785662,0.996032]
				],
		"#1-7": [
					[0.023067,0,0.980163],
					[0.285397,0,0.513595],
					[0.872173,0,-0.171073],
					[0.01,0,0.990279]
				],
		"#1-8": [
					[-0.0146189,-0.0189507,1],
					[-0.0339664,-0.044031,0.614377],
					[0.0757247,0.0981628,0.0120176],
					[0.00610799,0.00791786,0.990838]
				],
		"#1-9": [
					[-0.0306237,-0,1],
					[0.1981,0,0.581293],
					[0.709923,0,-0.158154],
					[0.01,0,0.99369]
				],
		"#1-10": [
					[0.542211,0.183201,0.756792],
					[0.531994,0.179749,0.47797],
					[0.60704,0.205105,0.155283],
					[0,0,1]
				],
		"#1-11": [
					[0.000784561,0.0677325,0.967987],
					[0.0111433,0.962025,0.292713],
					[0.0105781,0.913229,-0.250037],
					[6.00046e-05,0.00518031,0.999998]
				],
		"#1-12": [
					[0.0039173,0.00630067,0.992401],
					[-0.359073,-0.577541,0.978576],
					[0.016211,0.0260742,-0.0153719],
					[0.00527999,0.00849245,0.993632]
				],
		"#1-13": [
					[-0.150759,0.251751,0.281892],
					[-0.513764,0.857932,0.0404798],
					[-0.344108,0.574624,-0.246982],
					[-0.000796643,0.00133031,1]
				],
		"#1-14": [
					[0.252542,0.18458,0.775078],
					[0.0835177,0.0610422,0.766516],
					[-0.360847,-0.263739,0.931031],
					[0.00807345,0.0059008,0.993308]
				],
		"#1-15": [
					[0.0848049,0.315228,0.449749],
					[0.0919116,0.341644,0.107953],
					[0.0510026,0.189581,-0.0571707],
					[0,0,1]
				],
		"#1-16": [
					[0.0256858,-0.0504863,0.992773],
					[-0.106125,0.208593,0.76168],
					[-0.179429,0.352675,0.328774],
					[-0,0,0.995139]
				],
		"#1-17": [
					[0.0437122,0.111851,0.923321],
					[0.112805,0.288646,0.417837],
					[-0.00111361,-0.0028495,0.0371346],
					[0,0,1]
				],
		"#1-18": [
					[0.0578012,0.0385035,0.945997],
					[-0.199545,-0.132924,1],
					[-0.658034,-0.43834,1],
					[0.00832254,0.00554394,0.99]
				],
		"#1-19": [
					[0.54239,0,0.658783],
					[0.770048,0,0.301655],
					[1,0,-0.45679],
					[0,0,1]
				],
		"#1-20": [
					[0.0674437,0.0504657,0.925805],
					[0.359808,0.269231,0.271071],
					[-0.12127,-0.0907416,0.123063],
					[0.00800667,0.0059911,0.99]
				],
		"#1-21": [
					[0.514775,0.583552,0.254522],
					[0.661532,0.749917,-0.32478],
					[0.148301,0.168115,0.0105995],
					[0.0002426,0.000275013,1]
				],
		"#1-22": [
					[0.285074,0.39787,0.544084],
					[0.534104,0.745435,0.0769606],
					[0.58243,0.812881,-0.103442],
					[0.00103237,0.00144085,1]
				],
		"#1-23": [
					[0.0134692,0.0186886,0.973132],
					[-0.171807,-0.238383,1],
					[-0.483478,-0.670829,1],
					[0.00584688,0.00811258,0.99]
				],
		"#1-24": [
					[0.00737462,0,0.990101],
					[-0.429311,-0,1],
					[-1,-0,0.822858],
					[0.01,0,0.992935]
				],
		"#1-25": [
					[-0.0892374,-0.0557185,1],
					[-0.496108,-0.309762,0.828853],
					[0.0462992,0.0289085,-0.0404102],
					[0.00848232,0.00529624,0.991719]
				],
		"#1-26": [
					[0.555698,0.0905759,0.542434],
					[-0.0440398,-0.00717825,0.841644],
					[-0.553535,-0.0902234,1],
					[0.00986975,0.00160872,0.99034]
				],
		"#1-27": [
					[-0.00416836,-0,0.998629],
					[-0.416992,-0,0.951713],
					[-0.715815,-0,0.634923],
					[0,0,0.990057]
				],
		"#1-28": [
					[0.00719693,0.00608166,0.985586],
					[-0.177225,-0.149761,0.894195],
					[0.269177,0.227464,-0.218764],
					[0.0073863,0.00624168,0.99]
				],
		"#1-29": [
					[0.0431147,0.282427,0.0180218],
					[0.106972,0.700726,-0.284632],
					[-0.0240347,-0.157442,0.178268],
					[0.0015091,0.00988548,0.99]
				],
		"#1-30": [
					[0.016967,0.00937795,0.977419],
					[0.172246,0.095203,0.495486],
					[0.552308,0.305269,-0.459448],
					[4.71991e-05,2.60877e-05,1]
				],
		"#1-31": [
					[0.00791402,0.00547658,0.919358],
					[0.249632,0.172748,0.144228],
					[-0.0537158,-0.0371719,0.0655221],
					[0.00822307,0.00569044,0.990039]
				],
		"#1-32": [
					[0.301651,0.0980314,0.496285],
					[0.000128315,4.17002e-05,0.392623],
					[-0.105246,-0.0342032,0.339617],
					[0.00951039,0.00309071,0.99]
				],
		"#1-33": [
					[0.182429,0.0304349,0.829946],
					[0.986368,0.164557,-0.130597],
					[0.986368,0.164557,-0.638267],
					[0.000390556,6.51571e-05,1]
				],
		"#1-34": [
					[0.377088,0.211325,0.645706],
					[0.411404,0.230556,0.203017],
					[-0.065168,-0.036521,0.0670833],
					[0.00872352,0.00488878,0.99]
				],
		"#1-35": [
					[0.0223123,0.00325837,0.902936],
					[0.436687,0.0637715,0.359756],
					[0.598911,0.0874619,0.167842],
					[0.00989504,0.00144502,0.99]
				],
		"#1-36": [
					[0.515786,0,0.337714],
					[0.573581,0,0.14459],
					[0.849107,0,-0.207639],
					[0.000656379,0,1]
				],
		"#1-37": [
					[0.842997,0,0.098312],
					[0.700057,0,0.11118],
					[0.826833,0,-0.0250702],
					[0.00110128,0,1]
				],
		"#1-38": [
					[0.165293,0.0747414,0.582818],
					[-0.0113555,-0.00513468,0.315966],
					[-0.0136554,-0.00617464,0.0800969],
					[0.00911179,0.00412011,0.99]
				],
		"#1-39": [
					[0.389402,0.0357743,0.580289],
					[0.427409,0.039266,0.536825],
					[0.408723,0.0375493,0.558237],
					[0.00417018,0.000383113,0.992887]
				],
		"#1-40": [
					[0.397072,0.0339064,0.573668],
					[0.423919,0.036199,0.543357],
					[0.410724,0.0350722,0.558276],
					[0.00454034,0.000387705,0.99352]
				],
		"#1-41": [
					[0.474747,0,0.52159],
					[0.473886,0,0.52113],
					[0.474348,0,0.521328],
					[0,0,0.99]
				]
		},
		{
		"#2-1": [
					[-0.0296477,-0.0174535,0.971421],
					[0.40767,0.239993,0.645112],
					[0.727923,0.428524,0.437415],
					[0.449245,0.264468,0.279887]
				],
		"#2-2": [
					[0.032876,0.0800254,0.946722],
					[0.109329,0.266123,0.561822],
					[0.280633,0.683104,-0.191461],
					[0.0545256,0.132724,0.908569]
				],
		"#2-3": [
					[0.210417,0.134484,0.867533],
					[-0.842196,-0.538274,1],
					[-0.842603,-0.538535,0.463145],
					[0.842603,0.538535,0.133201]
				],
		"#2-4": [
					[0.00867484,0,0.991837],
					[-0.316448,-0,0.77796],
					[-0.813783,-0,0.428646],
					[0.991669,0,0.418588]
				],
		"#2-5": [
					[-0.129777,-0,1],
					[-0.151102,-0,0.422271],
					[0.16452,0,-0.0848096],
					[0.191967,0,0.892915]
				],
		"#2-6": [
					[-0.947908,-0,1],
					[-1,-0,0.830227],
					[-0.285258,-0,0.14249],
					[1,0,0.391856]
				],
		"#2-7": [
					[0.205789,0.138965,0.614038],
					[0.22176,0.14975,0.201729],
					[0.251065,0.169539,-0.240429],
					[0.267282,0.18049,0.723257]
				],
		"#2-8": [
					[-0.179161,-0.0706078,0.892545],
					[-0.0373117,-0.0147046,0.364465],
					[0.132554,0.05224,-0.110529],
					[0.7303,0.287813,0.387243]
				]
		}
	]
}
