{
	"width": 700,
	"height": 700,
	"linearGradients": [
		{
		"#1-1": [
					[0.000864396,0.000250538,1],
					[-0.00403223,-0.00116871,1],
					[-0.00749297,-0.00217178,1],
					[0.00823988,0.00238826,0.99]
				],
		"#1-2": [
					[-0.612741,-0,0.702774],
					[-0.486165,-0,0.833113],
					[-0.798641,-0,0.720526],
					[0,0,0.999459]
				],
		"#1-3": [
					[0.0255608,0.199779,0.853209],
					[0.126911,0.991914,0.247587],
					[0.126911,0.991914,0.246702],
					[4.22475e-05,0.0003302,1]
				],
		"#1-4": [
					[-0.576866,-0,1],
					[-1,-0,0.712463],
					[-1,-0,0.764716],
					[0.01,0,1]
				],
		"#1-5": [
					[0.160645,-0.59464,1],
					[0.148801,-0.550799,1],
					[0.260805,-0.965392,1],
					[-0.00260805,0.00965392,0.996185]
				],
		"#1-6": [
					[1,0,0.689934],
					[1,0,0.671493],
					[1,0,0.629051],
					[0.00553127,0,1]
				],
		"#1-7": [
					[0.414934,0,0.857917],
					[0.41545,0,0.852356],
					[0.956992,0,0.672443],
					[0,0,1]
				],
		"#1-8": [
					[-0.835789,-0.2751,1],
					[-0.949868,-0.31265,0.751839],
					[-0.949868,-0.31265,0.668902],
					[0.00949868,0.0031265,1]
				],
		"#1-9": [
					[0.561816,0,0.826261],
					[0.486784,0,0.814365],
					[0.483386,0,0.808965],
					[4.84738e-06,0,0.990018]
				],
		"#1-10": [
					[0.112925,0.993604,0.291687],
					[0.0332286,0.292373,0.57774],
					[0.059217,0.52104,0.388644],
					[0,0,1]
				],
		"#1-11": [
					[-0.796069,-0,1],
					[-0.723673,-0,0.395043],
					[-1,-0,0.568317],
					[0.01,0,0.99659]
				],
		"#1-12": [
					[-0.444299,-0,1],
					[-0.730348,-0,1],
					[-1,-0,0.957801],
					[0.01,0,0.996561]
				],
		"#1-13": [
					[-0.0135071,-0.0251509,0.963034],
					[-0.0772056,-0.143761,1],
					[-0.0698145,-0.129998,0.995181],
					[0.00470353,0.00875821,0.99]
				],
		"#1-14": [
					[0.188957,0,0.905274],
					[0.213202,0,0.877522],
					[0.451048,0,0.695952],
					[0,0,0.99]
				],
		"#1-15": [
					[-0.196402,-0,1],
					[-1,-0,0.873748],
					[-1,-0,0.827104],
					[0.01,0,0.997601]
				],
		"#1-16": [
					[-0.49348,-0.00347061,1],
					[-0.791539,-0.00556684,1],
					[-0.999975,-0.00703276,1],
					[0.00999975,7.03276e-05,0.996503]
				],
		"#1-17": [
					[0.172088,0.0604892,0.843222],
					[0.140836,0.0495039,0.854781],
					[0.292975,0.102981,0.67517],
					[0,0,0.99]
				],
		"#1-18": [
					[0.417793,0.49865,-0.184534],
					[-0.0442923,-0.0528642,0.174882],
					[-0.0386303,-0.0461065,0.183109],
					[0.00642225,0.00766516,0.993612]
				]
		},
		{
		"#2-1": [
					[0.436334,0.149668,0.546473],
					[0.508426,0.174397,0.742646],
					[0.304081,0.104304,0.516819],
					[0.464688,0.159394,-0.0665701]
				],
		"#2-2": [
					[0.310653,0.201407,0.540598],
					[0.446669,0.289592,0.729008],
					[0.294198,0.190739,0.537227],
					[0.363693,0.235795,-0.0479466]
				],
		"#2-3": [
					[0.419301,0.345508,0.733203],
					[0.441581,0.363867,0.730246],
					[0.420442,0.346448,0.701404],
					[0.322819,0.266006,0.312169]
				],
		"#2-4": [
					[0.295375,0.313423,0.646327],
					[0.381987,0.405327,0.711256],
					[0.274951,0.291751,0.615316],
					[0.269534,0.286002,0.0591597]
				],
		"#2-5": [
					[1,0,0.712844],
					[0.597548,0,0.845777],
					[1,0,0.691543],
					[0.287679,0,0.736574]
				],
		"#2-6": [
					[0.327952,0.188284,0.690601],
					[0.548359,0.314823,0.650459],
					[0.313797,0.180157,0.637311],
					[0.288097,0.165402,-0.0176111]
				],
		"#2-7": [
					[0.359269,0.199321,0.775581],
					[0.4744,0.263195,0.707917],
					[0.61402,0.340656,0.622241],
					[0.377967,0.209694,0.382972]
				],
		"#2-8": [
					[0.474164,0.170378,0.756499],
					[0.481591,0.173046,0.717626],
					[0.50308,0.180768,0.701039],
					[0.273471,0.0982642,0.0743046]
				],
		"#2-9": [
					[0.0178816,0.370896,0.474528],
					[1.39248e-05,0.000288825,0.00128405],
					[3.21644e-05,0.000667148,-0.0013845],
					[0.0481558,0.99884,-0.598324]
				],
		"#2-10": [
					[0.0246889,0.290684,0.758757],
					[0.0846291,0.996413,0.183606],
					[0.0846291,0.996413,0.176678],
					[0.0235674,0.27748,0.579696]
				],
		"#2-11": [
					[0.376295,0.0916788,0.543736],
					[-0.178686,-0.0435343,0.0741106],
					[-0.150503,-0.0366677,0.0570741],
					[0.97158,0.236711,-0.269613]
				],
		"#2-12": [
					[0.552009,0.201898,0.49158],
					[0.213599,0.078124,0.565887],
					[0.151137,0.0552785,0.363967],
					[0.427485,0.156353,-0.191479]
				],
		"#2-13": [
					[1,0,0.690835],
					[1,0,0.65977],
					[1,0,0.629793],
					[-0.752704,-0,1]
				],
		"#2-14": [
					[1,0,0.447602],
					[1,0,0.43155],
					[1,0,0.242752],
					[-1,-0,1]
				],
		"#2-15": [
					[0.50877,0.0476304,0.811918],
					[0.498601,0.0466784,0.847488],
					[0.532889,0.0498884,0.815315],
					[0.322037,0.0301487,-0.0166482]
				],
		"#2-16": [
					[-0.478686,-0.0917932,1],
					[-0.56733,-0.108792,0.371304],
					[-0.605461,-0.116103,0.414614],
					[0.982106,0.188329,0.110724]
				],
		"#2-17": [
					[0.446367,0.25221,0.612942],
					[0.419418,0.236983,0.575993],
					[0.335807,0.189741,0.6017],
					[0.200604,0.113347,0.0343015]
				],
		"#2-18": [
					[-0.380195,0.659026,0.948435],
					[-0.427637,0.741262,0.861433],
					[-0.49971,0.866193,0.863039],
					[-0.197221,0.341861,0.792681]
				],
		"#2-19": [
					[0.434626,0,0.568862],
					[-0.00261618,-0,0.000579123],
					[0.108115,0,0.0282207],
					[1,0,-0.155246]
				],
		"#2-20": [
					[-0.775485,0.631366,0.968615],
					[-0.775485,0.631366,0.496469],
					[-0.426981,0.347629,0.359315],
					[-0.368873,0.300321,0.833271]
				],
		"#2-21": [
					[0.0804835,0.15219,0.482756],
					[-0.0416851,-0.0788242,0.0218208],
					[-0.036551,-0.0691159,0.0812518],
					[0.46749,0.883998,-0.0172251]
				],
		"#2-22": [
					[0.437763,0.0507487,0.528126],
					[-0.0952485,-0.0110419,0.0477897],
					[-0.0999754,-0.0115899,0.0463706],
					[0.993347,0.115156,-0.430919]
				],
		"#2-23": [
					[0.421606,0,0.717993],
					[0.899067,0,0.32697],
					[-0.0246433,-0,0.502724],
					[-0.522297,-0,0.625576]
				],
		"#2-24": [
					[0.593416,0,0.543096],
					[0.858423,0,0.232503],
					[0.966601,0,0.223431],
					[0.467726,0,0.540268]
				],
		"#2-25": [
					[0.292288,0,0.512341],
					[-0.0112088,-0,0.121716],
					[-0.0712218,-0,0.199499],
					[0.733955,0,-0.281768]
				],
		"#2-26": [
					[0.159462,0.0627226,0.396641],
					[0.101598,0.0399622,-0.0444369],
					[0.148319,0.0583394,0.101029],
					[0.930599,0.36604,-0.277781]
				],
		"#2-27": [
					[0.133368,0.0781426,0.648817],
					[0.325457,0.190691,0.242396],
					[0.23327,0.136677,0.395899],
					[0.444985,0.260725,0.138381]
				],
		"#2-28": [
					[0.424864,0.224186,0.383914],
					[0.363345,0.191725,0.51232],
					[0.178869,0.0943829,0.648649],
					[0.0712014,0.0375706,-0.0102486]
				],
		"#2-29": [
					[0.405157,0.257632,0.487727],
					[0.355515,0.226065,0.517717],
					[0.282026,0.179335,0.544053],
					[0.141751,0.0901371,0.13638]
				],
		"#2-30": [
					[0.998989,0.0449564,0.289326],
					[0.998989,0.0449564,0.260255],
					[0.998989,0.0449564,0.218775],
					[0.13917,0.00626292,0.704559]
				],
		"#2-31": [
					[0.0224715,0.028373,0.244026],
					[-0.0652581,-0.082396,0.128785],
					[-0.0953066,-0.120336,0.178038],
					[0.407437,0.514438,-0.264044]
				]
		}
	]
}
