{
	"width": 1000,
	"height": 730,
	"linearGradients": [
		{
		"#1-1": [
					[-0.00637732,0.000570168,1],
					[-0.0203236,0.00181704,1],
					[-0.0671635,0.00600479,1],
					[-0.00996027,0.000890505,0.998997]
				],
		"#1-2": [
					[0.00423316,0.000375858,0.994719],
					[-0.417905,-0.0371054,0.865792],
					[0.123571,0.0109718,0.239216],
					[0,0,1]
				],
		"#1-3": [
					[-0.000524792,-0.000586858,0.990008],
					[-0.195298,-0.218395,0.741361],
					[-0.394128,-0.44074,0.366239],
					[0.000453642,0.000507293,1]
				],
		"#1-4": [
					[0.000645045,0.000182483,0.996361],
					[0.140018,0.039611,0.716554],
					[0.962236,0.272216,-0.0104493],
					[0,0,1]
				],
		"#1-5": [
					[0.448276,0,0.83214],
					[1,0,0.356109],
					[1,0,0.0757173],
					[0,0,1]
				],
		"#1-6": [
					[-0.0479407,0.0673571,0.991164],
					[-0.363581,0.510833,0.601922],
					[-0.264639,0.371819,0.0386608],
					[-0.00481411,0.00676385,1]
				],
		"#1-7": [
					[-0.801008,-0,1],
					[-1,-0,0.927852],
					[0.383961,0,0.0208511],
					[0.01,0,0.995037]
				],
		"#1-8": [
					[0.0465488,0,0.949432],
					[0.498979,0,0.123357],
					[0.00456175,0,-0.00058447],
					[0,0,0.999053]
				],
		"#1-9": [
					[0.0284253,0.118116,0.911277],
					[-0.136463,-0.567048,1],
					[-0.233976,-0.972242,0.971451],
					[0.00233976,0.00972242,0.995347]
				],
		"#1-10": [
					[-0.60174,0.798692,0.438668],
					[-0.60174,0.798692,0.107359],
					[-0.60174,0.798692,-0.22066],
					[-0,0,1]
				],
		"#1-11": [
					[-0.508677,0.860958,0.721805],
					[-0.508677,0.860958,0.135007],
					[-0.123776,0.209496,-0.0230217],
					[-0,0,1]
				],
		"#1-12": [
					[-0.570045,-0.0442763,1],
					[0.00596759,0.000463512,0.302289],
					[0.4076,0.0316589,-0.230254],
					[0.00996997,0.000774383,0.995324]
				],
		"#1-13": [
					[0.0628046,0.00699124,0.93227],
					[0.0996812,0.0110962,0.710568],
					[0.458698,0.0510609,-0.0440914],
					[0.00993861,0.00110634,0.99]
				],
		"#1-14": [
					[0.0401521,0.0707518,0.937193],
					[-0.0358389,-0.0631515,0.631322],
					[-0.457054,-0.805372,0.605525],
					[0,0,1]
				],
		"#1-15": [
					[-0.00817882,-0.0141474,1],
					[0.20982,0.362938,0.39011],
					[0.350277,0.605896,-0.324607],
					[0,0,1]
				],
		"#1-16": [
					[0.583682,0.647666,0.176567],
					[0.669461,0.742848,-0.350676],
					[0.217829,0.241708,-0.0869745],
					[0.000664752,0.000737623,1]
				],
		"#1-17": [
					[0.0866404,0.205808,0.792578],
					[0.387997,0.92166,0.0722462],
					[0.387997,0.92166,-0.0517812],
					[0.00107933,0.00256387,1]
				],
		"#1-18": [
					[-0.00509107,-0,1],
					[-0.45494,-0,1],
					[0.317861,0,-0.0598946],
					[0.00263553,0,0.994803]
				],
		"#1-19": [
					[0.677551,0,0.522546],
					[-0.292688,-0,1],
					[-0.669483,-0,1],
					[0.01,0,0.99]
				],
		"#1-20": [
					[0.0301938,0.056673,0.939167],
					[-0.191039,-0.358576,1],
					[-0.470202,-0.882559,1],
					[0.00470202,0.00882559,0.991102]
				],
		"#1-21": [
					[0.0330013,0,0.970439],
					[-0.344398,-0,0.905301],
					[-0.162737,-0,0.208404],
					[0,0,0.990096]
				],
		"#1-22": [
					[-0.118638,-0.102366,1],
					[-0.198493,-0.171269,0.505753],
					[0.0405774,0.035012,-0.0397296],
					[0.00757119,0.00653277,0.99]
				],
		"#1-23": [
					[0.012745,0.442029,-0.111115],
					[0.0273486,0.948518,-0.450843],
					[0.00983322,0.341041,-0.294905],
					[0.00028821,0.00999585,0.992543]
				],
		"#1-24": [
					[-0.0962803,-0.0602685,1],
					[0.161261,0.100944,0.216513],
					[-0.0464202,-0.0290576,0.0816592],
					[0.00847629,0.0053059,0.99]
				],
		"#1-25": [
					[0.0082481,0.0030041,0.989114],
					[0.84425,0.30749,-0.150633],
					[0.939618,0.342225,-0.859372],
					[6.25674e-05,2.27881e-05,1]
				],
		"#1-26": [
					[0.152736,0.0570003,0.853699],
					[0.457402,0.170699,0.182012],
					[-0.43405,-0.161985,0.387947],
					[0.00936884,0.00349639,0.99]
				],
		"#1-27": [
					[0.144887,0.253691,0.541697],
					[-0.192675,-0.337365,0.659368],
					[-0.34866,-0.610487,0.726711],
					[0.00495935,0.00868359,0.992517]
				],
		"#1-28": [
					[1,0,0.102905],
					[1,0,-0.308489],
					[1,0,-0.643492],
					[0.0012521,0,1]
				],
		"#1-29": [
					[0.255384,0.255307,0.521136],
					[0.249135,0.24906,0.532017],
					[0.252259,0.252183,0.526577],
					[0,0,0.99]
				],
		"#1-30": [
					[0.0804393,0.0320773,0.669735],
					[-0.149133,-0.0594706,0.454693],
					[0.0349285,0.0139287,0.0110149],
					[0.00928868,0.00370411,0.99]
				],
		"#1-31": [
					[0.128191,0.0627396,0.816702],
					[0.128191,0.0627396,0.816702],
					[0.128191,0.0627396,0.816702],
					[0,0,0.99]
				],
		"#1-32": [
					[0.226419,0.652926,0.373567],
					[0.327635,0.944804,-0.223447],
					[0.0715482,0.206324,-0.0856907],
					[0.00051875,0.00149592,1]
				],
		"#1-33": [
					[0.443494,0,0.551363],
					[0.451374,0,0.541665],
					[0.443848,0,0.550356],
					[0.00480051,0,0.995208]
				],
		"#1-34": [
					[0.424011,0.0296693,0.549529],
					[0.423057,0.0296026,0.550537],
					[0.423534,0.029636,0.550033],
					[0.00432121,0.000302369,0.995185]
				]
		},
		{
		"#2-1": [
					[0.455839,0.138632,0.92842],
					[0.460182,0.139953,0.924787],
					[0.447855,0.136204,0.886382],
					[0.343184,0.104371,-0.00367833]
				],
		"#2-2": [
					[0.464209,0.0999427,0.892013],
					[0.466578,0.100453,0.874312],
					[0.442134,0.0951899,0.771714],
					[0.293349,0.063157,-0.019076]
				],
		"#2-3": [
					[0.324237,0,0.699524],
					[0.244557,0,0.411457],
					[0.395103,0,0.33255],
					[0.529168,0,0.0183556]
				],
		"#2-4": [
					[-0.0314456,-0.000696159,1],
					[-0.545619,-0.0120792,0.730577],
					[-0.228949,-0.0050686,0.0373885],
					[0.292344,0.00647206,0.747473]
				],
		"#2-5": [
					[0.475834,0.0132668,0.898307],
					[0.76408,0.0213034,0.819888],
					[0.701721,0.0195647,0.827658],
					[0.502281,0.0140041,0.54861]
				],
		"#2-6": [
					[0.571454,0.197066,0.685959],
					[-0.494936,-0.170679,0.533157],
					[-0.945366,-0.32601,0.367194],
					[0.945366,0.32601,-0.217589]
				],
		"#2-7": [
					[0.217598,0.247094,0.844722],
					[0.359214,0.407906,0.745823],
					[0.512417,0.581876,0.657608],
					[0.324893,0.368933,0.345593]
				],
		"#2-8": [
					[0.0235763,0.081018,0.945264],
					[-0.226822,-0.779458,1],
					[-0.194577,-0.668647,0.345059],
					[0.272713,0.937156,0.311271]
				],
		"#2-9": [
					[0.67111,0.297932,0.682926],
					[0.4352,0.193202,0.723055],
					[0.273217,0.121291,0.802877],
					[0.397199,0.176332,0.178628]
				],
		"#2-10": [
					[0.593364,0.0258459,0.695423],
					[-0.745613,-0.0324776,0.769407],
					[-0.999053,-0.043517,0.443977],
					[0.999053,0.043517,-0.131968]
				],
		"#2-11": [
					[0.126978,0.450794,0.480962],
					[0.0846176,0.300408,0.634191],
					[0.188858,0.670481,0.257896],
					[0.111271,0.395034,0.365404]
				],
		"#2-12": [
					[-1,-0,0.885499],
					[-0.995011,-0,1],
					[-1,-0,0.528227],
					[1,0,0.281013]
				],
		"#2-13": [
					[0.584788,0,0.369962],
					[1,0,-0.17989],
					[1,0,-0.212964],
					[1,0,-0.139777]
				],
		"#2-14": [
					[0.436642,0,0.563402],
					[0.435582,0,0.566497],
					[0.433468,0,0.575109],
					[0.401242,0,0.401053]
				]
		}
	]
}
