{
	"width": 1497,
	"height": 1014,
	"linearGradients": [
		{
		"#1-1": [
					[0.250505,0.0993704,0.255055],
					[0.259534,0.102952,0.352648],
					[0.315016,0.12496,0.56695],
					[0.000336973,0.00013367,0.999617]
				],
		"#1-2": [
					[0.423998,0.147692,0.227734],
					[0.383327,0.133525,0.338563],
					[0.370085,0.128913,0.556239],
					[0.00940371,0.00327562,0.997968]
				],
		"#1-3": [
					[0.268017,0.111881,0.335808],
					[0.301765,0.125969,0.389438],
					[0.285383,0.11913,0.600371],
					[0.00922824,0.00385223,0.99]
				],
		"#1-4": [
					[0.202535,0.146218,0.321653],
					[0.211057,0.15237,0.396276],
					[0.452281,0.32652,0.334019],
					[0,0,0.991049]
				],
		"#1-5": [
					[0.148627,0.0924741,0.208637],
					[0.133633,0.0831453,0.249566],
					[0.275095,0.171161,0.0287758],
					[0.00849069,0.00528282,0.99]
				],
		"#1-6": [
					[0.704159,0.390468,0.084819],
					[0.733031,0.406478,0.142536],
					[-0.874543,-0.484948,0.964693],
					[0.00874543,0.00484948,0.99758]
				],
		"#1-7": [
					[0.251075,0.158939,0.272627],
					[0.318993,0.201934,0.29772],
					[0.41303,0.261463,0.4353],
					[0.00844933,0.00534872,0.991319]
				],
		"#1-8": [
					[0.0814109,0.0444546,0.369943],
					[0.186681,0.101937,0.38699],
					[0.3364,0.183692,0.503082],
					[0.00877675,0.00479256,0.99]
				],
		"#1-9": [
					[-0.238627,-0.0360197,0.599959],
					[-0.0439204,-0.00662961,0.602356],
					[0.313755,0.0473599,0.651318],
					[0.00988799,0.00149255,0.99]
				],
		"#1-10": [
					[0.226581,0.0796859,0.367183],
					[0.312538,0.109916,0.396884],
					[0.377584,0.132792,0.551976],
					[0.00943361,0.00331769,0.99]
				],
		"#1-11": [
					[0.240674,0.158863,0.248357],
					[0.255026,0.168336,0.327842],
					[0.324536,0.214218,0.482205],
					[0.00834581,0.00550885,0.99]
				],
		"#1-12": [
					[-0.110867,-0.045114,0.796063],
					[-0.0261883,-0.0106566,0.763121],
					[0.0843034,0.0343048,0.764145],
					[0.0092625,0.00376911,0.99]
				],
		"#1-13": [
					[0.147088,0.0968067,0.323118],
					[0.363415,0.239183,0.268621],
					[0.561718,0.369697,0.286853],
					[0.00471021,0.00310004,0.997288]
				],
		"#1-14": [
					[-0.950498,-0.310732,0.826548],
					[-0.950498,-0.310732,0.862597],
					[-0.950498,-0.310732,0.701222],
					[0.00950498,0.00310732,1]
				],
		"#1-15": [
					[0.639368,5.63942e-05,0.282553],
					[0.494797,4.36425e-05,0.405415],
					[-1,-8.8203e-05,0.91829],
					[0.00984537,8.68391e-07,0.998762]
				],
		"#1-16": [
					[0.332763,0.120848,0.256886],
					[0.361577,0.131312,0.338188],
					[0.470705,0.170944,0.494154],
					[0.000854061,0.000310165,0.99]
				],
		"#1-17": [
					[0.0911621,0,0.489159],
					[0.2654,0,0.475104],
					[0.909767,0,0.315332],
					[7.87858e-05,0,1]
				],
		"#1-18": [
					[1,0,0.103601],
					[0.882601,0,0.229227],
					[1,0,0.227101],
					[0.01,0,0.998658]
				],
		"#1-19": [
					[0.169575,0.0936465,0.483349],
					[0.266099,0.146951,0.456476],
					[-0.159823,-0.0882614,0.619008],
					[0.00875385,0.00483426,0.99]
				],
		"#1-20": [
					[-0.102956,-0.0423362,0.636292],
					[0.0791558,0.0325494,0.595134],
					[0.283505,0.116579,0.595781],
					[0.00798843,0.00328489,0.99]
				],
		"#1-21": [
					[-0.0157183,-0.00197657,0.380792],
					[0.076823,0.00966047,0.373465],
					[0.992186,0.124767,-0.18982],
					[0,0,1]
				],
		"#1-22": [
					[0.213038,0.0941941,0.635845],
					[0.233197,0.103107,0.636668],
					[0.305819,0.135217,0.627986],
					[0.0091459,0.00404383,0.99]
				],
		"#1-23": [
					[0.443581,0.141427,-0.132019],
					[0.530526,0.169148,-0.160662],
					[0.096203,0.0306725,0.0259695],
					[0,0,1]
				],
		"#1-24": [
					[1,0,0.0724429],
					[1,0,0.0921815],
					[1,0,0.0523124],
					[0,0,1]
				],
		"#1-25": [
					[0.984262,0.176713,0.118566],
					[0.984262,0.176713,0.138676],
					[0.845325,0.151768,0.186476],
					[0.00102176,0.000183445,1]
				],
		"#1-26": [
					[-0.984161,-0.177279,0.933904],
					[-0.984161,-0.177279,0.970284],
					[-0.984161,-0.177279,0.770136],
					[0.00984161,0.00177279,0.998719]
				],
		"#1-27": [
					[0.424586,0.371624,0.151055],
					[0.416785,0.364796,0.208272],
					[0.335288,0.293465,0.437437],
					[0.000113855,9.96534e-05,1]
				],
		"#1-28": [
					[0.848818,0.528685,0.0594856],
					[0.848818,0.528685,0.085417],
					[0.848818,0.528685,0.0698582],
					[0.00020766,0.000129341,1]
				],
		"#1-29": [
					[0.521235,0.178293,0.143928],
					[0.550931,0.18845,0.207307],
					[0.392174,0.134146,0.536678],
					[3.24554e-05,1.11016e-05,1]
				],
		"#1-30": [
					[0.43298,0.130905,0.466243],
					[0.464131,0.140323,0.478497],
					[0.502858,0.152031,0.509869],
					[0.00258333,0.000781028,0.995985]
				],
		"#1-31": [
					[-0.32317,0.125593,0.967944],
					[-0.301435,0.117146,0.98322],
					[-0.276407,0.107419,1],
					[-0,0,0.990206]
				],
		"#1-32": [
					[1,0,0.148364],
					[1,0,0.159213],
					[1,0,0.152155],
					[0.000317278,0,1]
				],
		"#1-33": [
					[0.500769,0.609743,0.332301],
					[0.504571,0.614372,0.354456],
					[-0.182697,-0.222455,0.955483],
					[0.0063467,0.00772783,0.994836]
				],
		"#1-34": [
					[1,0,0.156398],
					[1,0,0.160697],
					[1,0,0.128982],
					[0.00223685,0,0.999957]
				],
		"#1-35": [
					[-0.178556,0.255761,0.747949],
					[-0.196522,0.281495,0.770921],
					[-0.473065,0.677611,0.799445],
					[-0,0,1]
				],
		"#1-36": [
					[-0.252712,-0,1],
					[-0.243135,-0,1],
					[-0.257199,-0,1],
					[0.01,0,0.99]
				],
		"#1-37": [
					[0.0152355,0.0143091,0.896791],
					[0.0626036,0.0587969,0.837519],
					[0.0889899,0.0835788,0.790878],
					[0,0,0.99]
				],
		"#1-38": [
					[-0.397506,0.286778,0.801429],
					[-0.577513,0.416643,0.89469],
					[-0.810979,0.585075,1],
					[-0,0,1]
				],
		"#1-39": [
					[-0.00909105,-0.00474112,0.147809],
					[0.0202483,0.0105598,0.134123],
					[0.0501568,0.0261575,0.0475039],
					[0.00886666,0.0046241,0.99]
				],
		"#1-40": [
					[0.0121976,0.0181515,0.125541],
					[-0.000561618,-0.000835756,0.15843],
					[0.183036,0.27238,-0.163569],
					[0,0,0.999874]
				],
		"#1-41": [
					[0.259976,0,0.48887],
					[0.324642,0,0.477174],
					[0.41534,0,0.444108],
					[0,0,0.99]
				],
		"#1-42": [
					[0.0841009,0.0194625,0.652291],
					[0.234654,0.0543035,0.518555],
					[-0.251104,-0.0581103,0.907438],
					[0.00974252,0.00225461,0.99]
				],
		"#1-43": [
					[-0.804803,0.461856,0.993159],
					[-0.772457,0.443293,1],
					[-0.867328,0.497737,0.857464],
					[-0,0,1]
				],
		"#1-44": [
					[-0.237071,-0.609745,1],
					[-0.223041,-0.573661,1],
					[-0.277777,-0.714441,0.926951],
					[0.00362377,0.00932032,0.990064]
				],
		"#1-45": [
					[0.411583,0.10036,0.0484201],
					[0.353173,0.0861173,0.156431],
					[0.310945,0.0758204,-0.134655],
					[0,0,0.999679]
				],
		"#1-46": [
					[0.175648,0,0.238058],
					[0.204955,0,0.264078],
					[0.203498,0,-0.0557172],
					[0.01,0,0.99]
				],
		"#1-47": [
					[0.235601,0.0948266,0.217154],
					[0.201541,0.0811178,0.304311],
					[0.183862,0.0740022,-0.0285675],
					[6.66353e-05,2.68199e-05,1]
				]
		},
		{
		"#2-1": [
					[-0.718462,-0.196664,0.699131],
					[-0.645073,-0.176575,0.649014],
					[-0.654054,-0.179033,0.596617],
					[0.964518,0.264016,-0.216439]
				],
		"#2-2": [
					[-0.227085,-0.0136915,0.174088],
					[-0.0322866,-0.00194663,0.0738297],
					[0.136354,0.00822112,-0.10422],
					[0.979928,0.0590822,-0.137602]
				]
		}
	]
}
