{
	"width": 1497,
	"height": 1014,
	"linearGradients": [
		{
		"#1-1": [
					[0.235493,0.090186,0.259177],
					[0.237962,0.0911317,0.358106],
					[0.274157,0.104993,0.576507],
					[0,0,0.999987]
				],
		"#1-2": [
					[0.434499,0.137236,0.22489],
					[0.400276,0.126427,0.334409],
					[0.376637,0.11896,0.556678],
					[0.00938202,0.0029633,0.990008]
				],
		"#1-3": [
					[0.304718,0.124126,0.320041],
					[0.336774,0.137183,0.374857],
					[0.363228,0.147959,0.564228],
					[0.00926112,0.00377248,0.99]
				],
		"#1-4": [
					[0.148575,0.0922122,0.208778],
					[0.133339,0.0827562,0.24987],
					[0.276101,0.171361,0.0282437],
					[0.00849657,0.00527336,0.99]
				],
		"#1-5": [
					[0.277015,0.141778,0.284596],
					[0.337296,0.17263,0.322732],
					[0.434322,0.222289,0.469914],
					[0.00890184,0.00455602,0.990001]
				],
		"#1-6": [
					[0.156785,0.0753632,0.326591],
					[0.239897,0.115313,0.364516],
					[0.371494,0.178569,0.501763],
					[0.00901285,0.00433228,0.99]
				],
		"#1-7": [
					[-0.0381419,-0.00528312,0.540379],
					[0.0962309,0.0133291,0.561903],
					[0.370567,0.0513281,0.638138],
					[0.00990543,0.00137202,0.990005]
				],
		"#1-8": [
					[0.229246,0.0727963,0.371918],
					[0.316235,0.100419,0.403583],
					[0.378261,0.120115,0.562692],
					[0.00953101,0.00302654,0.99]
				],
		"#1-9": [
					[0.262081,0.141728,0.258195],
					[0.29116,0.157454,0.329459],
					[0.378475,0.204672,0.479191],
					[0.00879618,0.0047568,0.99]
				],
		"#1-10": [
					[0.0758131,0.0323514,0.685139],
					[0.133373,0.0569138,0.666956],
					[0.21589,0.0921258,0.683027],
					[0.00080059,0.000341632,0.99]
				],
		"#1-11": [
					[0.328373,0.124902,0.254816],
					[0.362798,0.137996,0.332706],
					[0.463363,0.176248,0.492103],
					[0,0,0.99]
				],
		"#1-12": [
					[0.315703,0.14804,0.585308],
					[0.329488,0.154504,0.58913],
					[0.37426,0.175499,0.593559],
					[0.00399056,0.00187126,0.99]
				],
		"#1-13": [
					[0.398935,0.260279,0.273117],
					[0.404471,0.263891,0.313725],
					[0.380625,0.248333,0.460585],
					[0.000164501,0.000107326,1]
				],
		"#1-14": [
					[0.477398,0.150747,0.19433],
					[0.512232,0.161746,0.254148],
					[0.4165,0.131517,0.526337],
					[5.11066e-05,1.61378e-05,1]
				],
		"#1-15": [
					[0.433371,0.165567,0.458175],
					[0.456097,0.17425,0.475339],
					[0.465698,0.177917,0.524204],
					[1.8711e-05,7.14845e-06,0.99003]
				],
		"#1-16": [
					[-0.376466,0.184385,0.956043],
					[-0.352395,0.172596,0.972485],
					[-0.33763,0.165364,0.999824],
					[-0.00898069,0.00439855,0.99]
				],
		"#1-17": [
					[0.493384,0.388662,0.376493],
					[0.505625,0.398305,0.392421],
					[0.0276063,0.0217468,0.776684],
					[0.00785541,0.00618809,0.991842]
				],
		"#1-18": [
					[-0.252833,-0,1],
					[-0.243285,-0,1],
					[-0.256474,-0,1],
					[0.01,0,0.990005]
				],
		"#1-19": [
					[-0.0122044,-0.00927261,0.15869],
					[-0.0319095,-0.0242441,0.195228],
					[0.184846,0.140442,-0.0997151],
					[0.00795265,0.00604224,0.990223]
				],
		"#1-20": [
					[0.254029,0.0398192,0.49024],
					[0.319752,0.0501213,0.476859],
					[0.413424,0.0648045,0.440229],
					[0,0,0.99]
				],
		"#1-21": [
					[0.170844,0.0302946,0.573939],
					[0.277083,0.0491332,0.479633],
					[-0.0380943,-0.006755,0.716638],
					[0.000827149,0.000146673,0.99]
				],
		"#1-22": [
					[-0.230782,0.406494,0.524308],
					[-0.223389,0.393471,0.552782],
					[-0.305925,0.53885,0.330478],
					[-0.000983885,0.00173299,1]
				],
		"#1-23": [
					[-0.25155,-0.563649,1],
					[-0.23674,-0.530464,1],
					[-0.333461,-0.747187,0.98749],
					[0.00407544,0.00913185,0.9938]
				],
		"#1-24": [
					[0.363686,0.0984258,0.0943414],
					[0.302495,0.0818654,0.206204],
					[0.292969,0.0792874,-0.11995],
					[0,0,0.999988]
				],
		"#1-25": [
					[0.0711199,0.0291564,0.339078],
					[0.094695,0.0388213,0.370358],
					[0.0537571,0.0220384,0.0898366],
					[0.00925264,0.00379323,0.99]
				],
		"#1-26": [
					[0.228246,0.0937863,0.224433],
					[0.194857,0.0800666,0.310979],
					[0.177557,0.0729584,-0.0226928],
					[0,0,0.998865]
				]
		},
		{
		"#2-1": [
					[0.365559,0.278279,0.221521],
					[0.35021,0.266595,0.309968],
					[0.613589,0.46709,0.236081],
					[0.207735,0.158137,0.859046]
				],
		"#2-2": [
					[0.914529,0.404521,0.0304759],
					[0.914529,0.404521,0.10382],
					[-0.914529,-0.404521,0.908388],
					[0.708749,0.313499,0.674389]
				],
		"#2-3": [
					[0.267431,0.135134,0.27014],
					[0.404085,0.204185,0.279459],
					[0.534394,0.270031,0.353905],
					[0.499937,0.252619,0.729294]
				],
		"#2-4": [
					[-0.936241,-0.351357,0.8321],
					[-0.936241,-0.351357,0.868102],
					[-0.815226,-0.305942,0.642002],
					[0.936241,0.351357,0.508577]
				],
		"#2-5": [
					[0.584003,0.0981963,0.100957],
					[0.524593,0.0882069,0.226215],
					[-0.658392,-0.110704,0.810102],
					[0.795671,0.133787,0.488969]
				],
		"#2-6": [
					[-0.115821,-0.101409,0.331602],
					[-0.00196443,-0.00171998,0.290689],
					[0.273784,0.239716,0.0929977],
					[0.67698,0.59274,0.0526606]
				],
		"#2-7": [
					[1,0,0.0893259],
					[0.995445,0,0.164458],
					[1,0,0.216499],
					[0.341747,0,0.818698]
				],
		"#2-8": [
					[0.256188,0.130238,0.270356],
					[0.307528,0.156338,0.275096],
					[0.0923288,0.0469372,0.31022],
					[0.659149,0.335092,0.39044]
				],
		"#2-9": [
					[0.277955,0.104861,0.353297],
					[0.427915,0.161436,0.3395],
					[0.548252,0.206834,0.405541],
					[0.707173,0.266788,0.461514]
				],
		"#2-10": [
					[0.12737,0.0595789,0.301585],
					[0.172686,0.0807758,0.309555],
					[0.855667,0.400247,-0.234086],
					[0.275975,0.12909,0.844191]
				],
		"#2-11": [
					[0.399107,0.192036,-0.135349],
					[0.446106,0.21465,-0.14466],
					[0.208202,0.100179,-0.0525588],
					[0.0790154,0.0380193,0.948674]
				],
		"#2-12": [
					[0.856584,0,0.12567],
					[0.880633,0,0.135138],
					[0.828606,0,0.11754],
					[-0.045578,-0,1]
				],
		"#2-13": [
					[0.826165,0.239858,0.174551],
					[0.882924,0.256337,0.163595],
					[0.691714,0.200823,0.244159],
					[0.134627,0.0390858,0.925047]
				],
		"#2-14": [
					[-0.991144,-0.132789,0.868623],
					[-0.991144,-0.132789,0.90866],
					[-0.292484,-0.0391857,0.301433],
					[0.991144,0.132789,0.383274]
				],
		"#2-15": [
					[0.800928,0.51764,-0.15343],
					[0.819389,0.529572,-0.123927],
					[0.839861,0.542802,-0.160932],
					[-0.383569,-0.247901,0.874224]
				],
		"#2-16": [
					[0.968512,0,0.146221],
					[0.939313,0,0.174253],
					[0.991335,0,0.137369],
					[0.0875716,0,0.886667]
				],
		"#2-17": [
					[0.92166,0,0.207316],
					[0.891166,0,0.231561],
					[0.945273,0,0.164482],
					[0.351053,0,0.770454]
				],
		"#2-18": [
					[-0.00532031,0.106471,0.418247],
					[-0.0062013,0.124102,0.446225],
					[-0.03953,0.791086,0.177836],
					[0.0320116,-0.640625,0.722313]
				],
		"#2-19": [
					[-0.407122,-0.173739,0.455604],
					[-0.363736,-0.155224,0.430211],
					[-0.391195,-0.166942,0.393166],
					[0.919751,0.392502,-0.290538]
				],
		"#2-20": [
					[0.143843,0.0758091,0.475905],
					[0.178999,0.0943371,0.464736],
					[0.176169,0.0928459,0.421539],
					[0.179217,0.0944523,0.0263234]
				],
		"#2-21": [
					[-0.288335,-0,0.217546],
					[-0.133572,-0,0.148516],
					[-0.00728089,-0,0.0106303],
					[0.951569,0,-0.0692649]
				],
		"#2-22": [
					[-0.343852,0.312737,0.371979],
					[-0.668532,0.608037,0.522378],
					[-0.739786,0.672843,0.612211],
					[0.155586,-0.141507,0.436798]
				],
		"#2-23": [
					[0.0199069,0.0370118,0.0407962],
					[0.0265827,0.0494237,0.0459835],
					[0.0220715,0.0410362,-0.00850793],
					[0.279015,0.518757,0.473425]
				]
		}
	]
}
