{
	"width": 700,
	"height": 700,
	"linearGradients": [
		{
		"#1-1": [
					[-4.33353e-08,-4.81572e-08,1],
					[-4.33353e-08,-4.81572e-08,1],
					[-4.33353e-08,-4.81572e-08,1],
					[0,0,0.99]
				],
		"#1-2": [
					[0.132612,0.0134957,0.902032],
					[0.283612,0.0288627,0.898891],
					[-0.034516,-0.00351264,0.912142],
					[0.00724226,0.000737033,0.99]
				],
		"#1-3": [
					[-0.0643073,-0.139184,0.600771],
					[-0.213409,-0.461895,0.953421],
					[-0.205997,-0.445852,0.74735],
					[0.00419185,0.00907269,0.994469]
				],
		"#1-4": [
					[0.771654,0,0.743616],
					[0.0087753,0,0.950293],
					[0.700691,0,0.734292],
					[0.000681323,0,0.99997]
				],
		"#1-5": [
					[-0.246384,-0.0548953,0.999953],
					[-0.146016,-0.0325329,0.999872],
					[-0.340681,-0.0759049,0.999748],
					[0.00976067,0.00217471,0.990199]
				],
		"#1-6": [
					[0.310703,0.117595,0.786116],
					[-0.1545,-0.0584751,1],
					[-0.284278,-0.107594,1],
					[0.00935255,0.00353975,0.990027]
				],
		"#1-7": [
					[0.553228,0.047205,0.84037],
					[0.391352,0.0333927,0.86908],
					[0.492259,0.0420028,0.837016],
					[0,0,0.99]
				],
		"#1-8": [
					[-0.0434627,0.582155,0.580698],
					[-0.074451,0.997225,0.245248],
					[-0.074451,0.997225,0.246513],
					[-9.75209e-05,0.00130623,1]
				],
		"#1-9": [
					[0.446823,0,0.860793],
					[0.180029,0,0.843563],
					[0.198983,0,0.831002],
					[0.00936084,0,0.99]
				],
		"#1-10": [
					[0.0145456,0.999894,0.207659],
					[0.0145456,0.999894,0.0957928],
					[0.0145456,0.999894,0.0956623],
					[5.25095e-05,0.00360962,1]
				],
		"#1-11": [
					[0.30674,0.25321,0.755867],
					[0.185166,0.152852,0.808058],
					[0.171844,0.141855,0.812059],
					[0,0,0.99]
				],
		"#1-12": [
					[-0.3914,-0,0.954813],
					[-0.362306,-0,0.487293],
					[-0.360727,-0,0.541936],
					[0,0,0.990187]
				],
		"#1-13": [
					[-0.566672,-0.040536,0.992544],
					[-0.655248,-0.0468722,0.993407],
					[-0.997451,-0.0713511,0.951201],
					[0.00997451,0.000713511,0.99]
				],
		"#1-14": [
					[-0.390055,0.920791,0.695669],
					[-0.390055,0.920791,0.675779],
					[-0.390055,0.920791,0.613381],
					[-2.54174e-05,6.00022e-05,1]
				],
		"#1-15": [
					[-0.0938936,0.995582,0.462816],
					[-0.0938936,0.995582,0.422362],
					[-0.0938936,0.995582,0.262065],
					[-1.58213e-05,0.000167759,1]
				],
		"#1-16": [
					[0.0617133,0,0.97339],
					[0.0512014,0,0.975591],
					[0.286647,0,0.893484],
					[0.00317508,0,0.991911]
				],
		"#1-17": [
					[0.0490153,0.0597543,0.914525],
					[0.190377,0.232088,0.626631],
					[0.253603,0.309166,0.537485],
					[0,0,0.99]
				],
		"#1-18": [
					[0.425945,0.314469,0.782919],
					[0.322277,0.237932,0.810309],
					[0.345338,0.254958,0.789849],
					[0,0,0.99]
				],
		"#1-19": [
					[-0.128498,-0.01137,0.70107],
					[-0.996108,-0.0881399,0.700237],
					[-0.996108,-0.0881399,0.628054],
					[0.00996108,0.000881399,0.999864]
				],
		"#1-20": [
					[0.470379,0,0.80419],
					[0.287607,0,0.77069],
					[0.290983,0,0.764868],
					[0.00373207,0,0.99]
				],
		"#1-21": [
					[-0.323679,-0,1],
					[-1,-0,0.865285],
					[-1,-0,0.889105],
					[0.01,0,1]
				],
		"#1-22": [
					[0.701088,0,0.700454],
					[0.693913,0,0.432335],
					[0.622391,0,0.416619],
					[6.76105e-05,0,1]
				],
		"#1-23": [
					[0.0328815,0.025487,0.954824],
					[0.0795758,0.0616806,0.850767],
					[0.0318777,0.024709,0.794435],
					[0,0,0.990579]
				],
		"#1-24": [
					[-0.0181466,0.248426,0.740633],
					[0.000337259,-0.00461705,0.884558],
					[-0.00239617,0.0328034,0.861618],
					[-3.83245e-07,5.24659e-06,1]
				],
		"#1-25": [
					[0.117322,0,0.915071],
					[0.232596,0,0.806375],
					[0.210451,0,0.714233],
					[0,0,0.990744]
				],
		"#1-26": [
					[0.30297,0.322119,0.555325],
					[0.296855,0.315617,0.530982],
					[0.270742,0.287854,0.573294],
					[0,0,0.99]
				],
		"#1-27": [
					[0.745624,0,0.565892],
					[1,0,0.369988],
					[1,0,0.394873],
					[0.000932958,0,0.999938]
				],
		"#1-28": [
					[0.225021,0.974354,0.309934],
					[0.0952464,0.412422,-0.135272],
					[0.095577,0.413853,-0.102781],
					[0,0,1]
				],
		"#1-29": [
					[-0.221437,-0.304022,1],
					[-0.35222,-0.483579,1],
					[-0.416839,-0.572299,1],
					[0.00588746,0.00808318,0.99]
				],
		"#1-30": [
					[-0.276485,-0.000122826,1],
					[-1,-0.000444241,0.82855],
					[-0.864146,-0.00038389,0.737828],
					[0.01,4.44241e-06,0.991571]
				],
		"#1-31": [
					[0.0913485,0.136681,0.801786],
					[0.135489,0.202727,0.678988],
					[0.327858,0.490561,0.247074],
					[8.07016e-06,1.20751e-05,0.999038]
				],
		"#1-32": [
					[0.327338,-0.944907,1],
					[0.327338,-0.944907,0.714037],
					[0.327338,-0.944907,0.721316],
					[-0.00327338,0.00944907,1]
				],
		"#1-33": [
					[-0.596566,0.802564,0.681268],
					[-0.596566,0.802564,0.418],
					[-0.596566,0.802564,0.440222],
					[-0,0,1]
				],
		"#1-34": [
					[-0.406903,0.743979,0.586858],
					[-0.479848,0.877351,0.394072],
					[-0.479848,0.877351,0.375757],
					[-0.00095504,0.00174619,1]
				],
		"#1-35": [
					[0.103709,0.055395,0.152966],
					[0.21922,0.117093,-0.146662],
					[0.138705,0.0740876,-0.0405881],
					[0,0,0.999591]
				],
		"#1-36": [
					[-0.314511,-0.208435,0.599661],
					[-0.16984,-0.112558,0.283443],
					[-0.111914,-0.0741684,0.255986],
					[0.00833563,0.00552425,0.990047]
				],
		"#1-37": [
					[0.116037,0.0659651,0.193776],
					[-0.127763,-0.0726309,0.21094],
					[-0.115203,-0.0654905,0.222206],
					[0.00869345,0.00494206,0.99]
				],
		"#1-38": [
					[0.12434,0.0465549,0.148709],
					[0.128189,0.0479962,-0.0178111],
					[0.0190217,0.00712205,0.0896955],
					[0.00936509,0.00350644,0.99]
				],
		"#1-39": [
					[-0.587895,0.808937,0.598709],
					[-0.587895,0.808937,0.357402],
					[-0.587895,0.808937,0.32969],
					[-0,0,1]
				],
		"#1-40": [
					[-0.293351,-0.270285,1],
					[-0.171688,-0.158189,0.604209],
					[-0.438894,-0.404385,0.990154],
					[0.00735428,0.00677603,0.99]
				]
		},
		{
		"#2-1": [
					[0.13891,0.990305,0.273573],
					[0.13891,0.990305,0.00998178],
					[0.13891,0.990305,-0.0456918],
					[0.000499349,0.00355992,1]
				],
		"#2-2": [
					[-0.12029,-0.356217,0.999779],
					[0.11485,0.340108,0.0867364],
					[-0.123276,-0.36506,0.308328],
					[0.319937,0.947439,-0.139575]
				],
		"#2-3": [
					[0.426035,0.372508,0.422425],
					[0.739916,0.646953,-0.014597],
					[0.752815,0.658232,-0.205894],
					[0.00125414,0.00109657,1]
				],
		"#2-4": [
					[-0.586133,0.411871,0.992881],
					[-0.818196,0.57494,0.323849],
					[0.0458793,-0.032239,0.0236995],
					[0.818196,-0.57494,0.443519]
				],
		"#2-5": [
					[-0.699964,-0.295456,1],
					[-0.921289,-0.388878,0.916224],
					[-0.921289,-0.388878,0.798186],
					[0.921289,0.388878,-0.0649376]
				],
		"#2-6": [
					[0.0269293,0.0170825,0.919333],
					[0.844425,0.535657,-0.271945],
					[0.535949,0.339977,-0.108751],
					[-0.125848,-0.0798312,0.971897]
				],
		"#2-7": [
					[-0.476687,-0,1],
					[-0.733915,-0,0.999889],
					[0.999962,0,-0.318372],
					[0.7419,0,0.449055]
				]
		}
	]
}
