{
	"width": 640,
	"height": 491,
	"linearGradients": [
		{
		"#1-1": [
					[0.390659,0.0120099,0.841856],
					[0.381571,0.0117305,0.844367],
					[0.333285,0.010246,0.858285],
					[0.00954583,0.000293463,0.990075]
				],
		"#1-2": [
					[-0.126898,-0,0.853516],
					[-0.103598,-0,0.856838],
					[-0.11649,-0,0.868794],
					[0.01,0,0.993522]
				],
		"#1-3": [
					[-0.305588,-0.127425,0.890804],
					[-0.105783,-0.0441095,0.823188],
					[-0.246003,-0.102579,0.880906],
					[0.00922973,0.00384864,0.99344]
				],
		"#1-4": [
					[-0.748847,0.662743,0.188682],
					[-0.748847,0.662743,0.168442],
					[-0.748847,0.662743,0.168948],
					[-0,0,1]
				],
		"#1-5": [
					[0.977202,0.212314,0.412798],
					[0.977202,0.212314,0.349674],
					[0.977202,0.212314,0.274152],
					[0,0,1]
				],
		"#1-6": [
					[0.258148,0.557233,0.501446],
					[0.262835,0.56735,0.435861],
					[0.291029,0.62821,0.33551],
					[0,0,1]
				],
		"#1-7": [
					[-0.114671,-0.00970258,0.746224],
					[-0.0140273,-0.00118688,0.739766],
					[-0.211181,-0.0178685,0.784394],
					[0.00996439,0.000843109,0.990519]
				],
		"#1-8": [
					[-1,-0,0.570869],
					[-1,-0,0.566174],
					[-1,-0,0.557698],
					[0.01,0,1]
				],
		"#1-9": [
					[0.727558,0.00242888,-0.099773],
					[0.719087,0.0024006,-0.0984698],
					[0.618931,0.00206624,-0.0753137],
					[0.00807832,2.69686e-05,0.990392]
				],
		"#1-10": [
					[0.0130555,0.0141736,0.664565],
					[0.0701067,0.0761109,0.673307],
					[0.0519381,0.0563862,0.673819],
					[0.00677287,0.00735292,0.990044]
				],
		"#1-11": [
					[-0.409951,-0,0.617278],
					[-0.366377,-0,0.658202],
					[-0.235824,-0,0.58913],
					[0,0,0.992409]
				],
		"#1-12": [
					[-0.83504,-0.123224,0.33838],
					[-0.793076,-0.117031,0.323845],
					[-0.989287,-0.145986,0.380547],
					[0.00989287,0.00145986,0.999307]
				],
		"#1-13": [
					[-0.0318277,-0.0266289,0.633395],
					[0.00476296,0.00398495,0.644049],
					[-0.104537,-0.0874615,0.706329],
					[0.00766967,0.00641687,0.99]
				],
		"#1-14": [
					[-0.241005,-0.0029564,0.570573],
					[-0.224316,-0.00275169,0.615856],
					[-0.208487,-0.00255751,0.58353],
					[0,0,0.994297]
				],
		"#1-15": [
					[-0.103362,-0.0286046,0.175521],
					[-0.104859,-0.0290189,0.169227],
					[-0.0998051,-0.0276202,0.160999],
					[0,0,0.990059]
				],
		"#1-16": [
					[0.505521,0,-0.0873149],
					[0.445156,0,-0.073444],
					[0.366225,0,-0.0475899],
					[0.01,0,0.992853]
				],
		"#1-17": [
					[0.999995,0.00316307,0.242825],
					[0.999995,0.00316307,0.190407],
					[0.999995,0.00316307,-0.077436],
					[0,0,1]
				],
		"#1-18": [
					[1,0,0.281207],
					[1,0,0.218462],
					[1,0,-0.0647769],
					[0,0,1]
				],
		"#1-19": [
					[-0.38239,-0,0.985901],
					[-0.421983,-0,0.979074],
					[-0.56646,-0,1],
					[0.01,0,0.99]
				],
		"#1-20": [
					[-0.206261,-0,0.199836],
					[-0.174958,-0,0.175137],
					[-0.202882,-0,0.189073],
					[0,0,0.999994]
				],
		"#1-21": [
					[0.391109,0.174499,0.608423],
					[0.0535884,0.0239093,0.779455],
					[0.0104508,0.0046628,0.770211],
					[0.00913227,0.0040745,0.9902]
				],
		"#1-22": [
					[-0.675762,-0.0578404,1],
					[-0.8982,-0.0768796,1],
					[-0.996357,-0.0852811,0.98736],
					[0.00996357,0.000852811,0.998649]
				],
		"#1-23": [
					[-0.509338,-0.388567,0.546593],
					[-0.431862,-0.329461,0.46938],
					[-0.429173,-0.327411,0.463316],
					[0,0,1]
				],
		"#1-24": [
					[0.156098,0.104386,0.318189],
					[0.152544,0.102009,0.3768],
					[0.17587,0.117607,0.364118],
					[0.00831263,0.0055588,0.99]
				],
		"#1-25": [
					[-0.738237,-0.243315,0.999665],
					[-0.796197,-0.262418,1],
					[-0.949745,-0.313026,0.983534],
					[0.00949745,0.00313026,0.997602]
				],
		"#1-26": [
					[-0.539403,0.513562,0.982372],
					[-0.474649,0.45191,0.927771],
					[-0.489394,0.465949,0.88538],
					[-3.64335e-05,3.46881e-05,0.997713]
				],
		"#1-27": [
					[-0.999999,-0.00154525,0.7798],
					[-0.999999,-0.00154525,0.756274],
					[-0.999999,-0.00154525,0.747563],
					[0.00999999,1.54525e-05,1]
				],
		"#1-28": [
					[0.218116,0.0423374,0.231148],
					[0.167758,0.0325627,0.316876],
					[-0.345913,-0.0671435,0.669911],
					[0.00981678,0.00190549,0.990544]
				],
		"#1-29": [
					[0.0376865,0.261025,0.318446],
					[0.0287995,0.199471,0.382284],
					[0.0254194,0.17606,0.341865],
					[0.00142897,0.00989738,0.99]
				],
		"#1-30": [
					[-0.292295,-0.159119,0.71738],
					[-0.296648,-0.161489,0.773993],
					[-0.259934,-0.141503,0.673654],
					[0.00878292,0.00478125,0.99]
				],
		"#1-31": [
					[-0.040552,-0.0389851,0.366382],
					[0.0800021,0.0769107,0.308794],
					[0.0442891,0.0425777,0.313854],
					[0.00720898,0.00693041,0.99]
				],
		"#1-32": [
					[0.144137,0.0749973,0.199211],
					[0.152826,0.079518,0.254566],
					[0.189201,0.0984447,0.212394],
					[0.00887101,0.00461575,0.99]
				],
		"#1-33": [
					[-0.173774,-0.779012,1],
					[-0.196305,-0.880016,1],
					[-0.217719,-0.976012,0.94462],
					[0.00217719,0.00976012,0.999866]
				],
		"#1-34": [
					[0.381797,0.116217,0.162273],
					[0.173471,0.0528038,0.376234],
					[0.277567,0.0844902,0.114696],
					[4.85956e-06,1.47923e-06,1]
				],
		"#1-35": [
					[0.31424,0.216837,-0.285628],
					[0.188997,0.130414,-0.147567],
					[0.0674674,0.0465549,-0.0226646],
					[0,0,1]
				],
		"#1-36": [
					[0.0360725,0.787496,-0.378225],
					[0.0274411,0.599065,-0.264574],
					[0.0187472,0.409268,-0.156444],
					[0,0,0.997901]
				],
		"#1-37": [
					[0.17912,0.114719,0.357496],
					[0.174014,0.111449,0.390676],
					[0.335888,0.215123,0.0954372],
					[0.0059324,0.00379947,0.99]
				],
		"#1-38": [
					[0.0695558,0.0421981,0.417208],
					[0.00959792,0.00582287,0.537293],
					[-0.00231152,-0.00140235,0.262822],
					[0,0,0.999825]
				],
		"#1-39": [
					[0.104849,0.133902,0.343843],
					[0.0495389,0.063266,0.476303],
					[-0.148348,-0.189455,0.573382],
					[0.0053512,0.00683401,0.99]
				],
		"#1-40": [
					[0.148701,0.58547,0.18013],
					[0.220277,0.86728,-0.0737469],
					[0.24617,0.969227,-0.259378],
					[0.0024617,0.00969227,0.990331]
				],
		"#1-41": [
					[0.18663,0.051749,0.345574],
					[0.0559358,0.0155099,0.492108],
					[-0.0858946,-0.023817,0.321772],
					[0.00963641,0.002672,0.99026]
				],
		"#1-42": [
					[0.00456245,0.0988381,0.457041],
					[0.0143573,0.311026,0.244099],
					[0.0157401,0.340983,-0.109829],
					[8.59222e-05,0.00186136,0.99]
				],
		"#1-43": [
					[0.24977,0.150153,0.268232],
					[0.216107,0.129916,0.324776],
					[0.112892,0.0678666,0.124764],
					[0.00857052,0.0051523,0.99]
				],
		"#1-44": [
					[0.00102882,0.291057,0.218445],
					[0.000980642,0.277426,0.248364],
					[0.000822521,0.232694,0.0412678],
					[1.63148e-05,0.00461551,0.99]
				],
		"#1-45": [
					[0.244887,0.195153,0.268064],
					[0.227952,0.181658,0.31921],
					[0.135463,0.107952,0.0943039],
					[0.00400443,0.00319118,0.99]
				],
		"#1-46": [
					[0.167482,0.13205,0.325046],
					[0.227433,0.179318,0.310817],
					[0.0341379,0.0269158,0.183724],
					[0.00785276,0.00619146,0.99]
				],
		"#1-47": [
					[0.570744,0,-0.069952],
					[0.407252,0,0.0484043],
					[0.449629,0,-0.131076],
					[0.000185912,0,1]
				],
		"#1-48": [
					[0.0593404,0.0139866,0.420599],
					[0.166174,0.0391673,0.363355],
					[0.0367846,0.00867014,0.206849],
					[0.00950116,0.00223943,0.99]
				],
		"#1-49": [
					[-0.0828602,-0.166244,0.753643],
					[-0.064348,-0.129102,0.734367],
					[-0.0467212,-0.0937375,0.397232],
					[1.44337e-05,2.89586e-05,1]
				]
		}
	]
}
