{
	"width": 128,
	"height": 128,
	"linearGradients": [
		{
		"#1-1": [
					[-0.0052813,-0,1],
					[-0.0098653,-0,1],
					[-0.0134079,-0,1],
					[0.01,0,0.99]
				]
		},
		{
		"#2-1": [
					[0.677131,0.735862,-0.20901],
					[0.343855,0.373679,0.287325],
					[0.677131,0.735862,-0.255085],
					[0.677131,0.735862,0.146662]
				],
		"#2-2": [
					[-0.759663,-0,0.97574],
					[0.10216,0,-0.028423],
					[-0.0354338,-0,0.097744],
					[1,0,0.256065]
				],
		"#2-3": [
					[-0.495895,-0.128605,1],
					[-0.56908,-0.147585,0.377706],
					[-0.617795,-0.160218,0.453624],
					[0.967978,0.251035,0.0445533]
				],
		"#2-4": [
					[0.0449356,-0.0656711,0.984828],
					[-0.564707,0.825291,0.487829],
					[-0.32879,0.480511,0.440421],
					[0.564707,-0.825291,0.871342]
				]
		},
		{
		"#3-1": [
					[0.350676,0.0243979,0.885328],
					[0.298552,0.0207714,0.933081],
					[0.412497,0.028699,0.886423],
					[0.491091,0.0341671,0.676189]
				],
		"#3-2": [
					[0.919128,0,0.180367],
					[-1,-0,0.464556],
					[-1,-0,0.307308],
					[1,0,0.226936]
				],
		"#3-3": [
					[-0.288223,-0,1],
					[0.24264,0,-0.117514],
					[-0.00131203,-0,-0.000794006],
					[0.867501,0,-0.169469]
				],
		"#3-4": [
					[0.770704,0.637193,-0.0070377],
					[0.770704,0.637193,-0.0694895],
					[0.770704,0.637193,-0.240976],
					[-0.173682,-0.143595,1]
				],
		"#3-5": [
					[-0.583565,-0,1],
					[-0.843436,-0,1],
					[1,0,-0.396377],
					[0.770891,0,0.257477]
				]
		},
		{
		"#4-1": [
					[0.0747814,0.187362,0.314016],
					[-0.0564302,-0.141384,0.623142],
					[0.249263,0.62452,-0.291869],
					[0.370692,0.928756,-0.226767]
				],
		"#4-2": [
					[0.1434,0,0.907078],
					[0.146621,0,0.924136],
					[0.0212228,0,0.867094],
					[-0.00121869,-0,0.812412]
				]
		}
	]
}
