{
	"width": 700,
	"height": 700,
	"linearGradients": [
		{
		"#1-1": [
					[0.0309296,0.0204979,0.958813],
					[-0.00650767,-0.00431281,0.999755],
					[-0.0156812,-0.0103924,0.998929],
					[0,0,0.990009]
				],
		"#1-2": [
					[0.218011,0.668545,0.31351],
					[0.31003,0.950727,-0.366298],
					[0.253563,0.777568,-0.170968],
					[0.000139456,0.00042765,1]
				],
		"#1-3": [
					[-0.0151545,-0.0113879,1],
					[-0.0462063,-0.0347219,1],
					[-0.0474375,-0.035647,1],
					[0.00799442,0.00600743,0.990059]
				],
		"#1-4": [
					[-0.15173,-0.0139677,0.903313],
					[0.99579,0.0916683,-0.117967],
					[0.99579,0.0916683,-0.0489471],
					[0,0,1]
				],
		"#1-5": [
					[0.370223,0.249649,0.471696],
					[-0.567436,-0.382634,0.728736],
					[-0.539721,-0.363945,0.749985],
					[0,0,1]
				],
		"#1-6": [
					[-0.44021,-0.132729,1],
					[-0.957427,-0.288677,0.759519],
					[-0.957427,-0.288677,0.83094],
					[0.00957427,0.00288677,0.997151]
				],
		"#1-7": [
					[-0.184811,-0,1],
					[-1,-0,0.905965],
					[-1,-0,0.969115],
					[0.01,0,1]
				],
		"#1-8": [
					[0.577555,0.816352,-0.0200931],
					[0.577555,0.816352,-0.508644],
					[0.577555,0.816352,-0.507869],
					[0.00116874,0.00165197,1]
				],
		"#1-9": [
					[-0.480883,-0.214056,1],
					[-0.913578,-0.406663,0.649446],
					[-0.913578,-0.406663,0.729319],
					[0.00913578,0.00406663,1]
				],
		"#1-10": [
					[-0.413168,-0,0.943787],
					[-0.8264,-0,0.553193],
					[-0.940042,-0,0.674548],
					[0,0,0.99]
				],
		"#1-11": [
					[0.00691237,0.00638483,0.987233],
					[0.103351,0.0954635,0.86707],
					[0.0508926,0.0470085,0.838552],
					[0,0,0.99]
				],
		"#1-12": [
					[-0.00885852,-0.00531469,1],
					[-0.0307419,-0.0184437,1],
					[0.004256,0.0025534,0.894708],
					[0.00356318,0.00213774,0.99]
				],
		"#1-13": [
					[0.313418,0.457305,0.525536],
					[0.202258,0.295111,-0.00624921],
					[-0.188762,-0.27542,0.400614],
					[0,0,1]
				],
		"#1-14": [
					[0.664419,0.105707,0.32274],
					[0.831424,0.132277,-0.402418],
					[0.897909,0.142854,-0.377573],
					[0.00403706,0.000642281,0.990036]
				],
		"#1-15": [
					[-0.132197,-0,1],
					[-0.999964,-0,0.964751],
					[0.159734,0,0.288845],
					[0,0,0.99085]
				],
		"#1-16": [
					[-0.00648775,-0,0.783939],
					[0.6479,0,-0.207938],
					[0.803926,0,-0.260931],
					[0,0,1]
				],
		"#1-17": [
					[0.668849,0.179416,0.298341],
					[0.882768,0.236799,-0.432226],
					[0.965854,0.259086,-0.416359],
					[0,0,1]
				],
		"#1-18": [
					[-0.276459,-0.308746,1],
					[-0.293217,-0.32746,0.651891],
					[-0.252867,-0.282398,0.69595],
					[0.00667081,0.00744985,0.995257]
				],
		"#1-19": [
					[-0.252924,-0.0846672,1],
					[-0.948279,-0.317439,0.937814],
					[-0.948279,-0.317439,0.906755],
					[0.00948279,0.00317439,0.999006]
				],
		"#1-20": [
					[-0.419662,-0.477175,1],
					[-0.297357,-0.338109,0.503422],
					[-0.441185,-0.501649,0.696901],
					[0.00660404,0.0075091,0.990001]
				],
		"#1-21": [
					[-0.0315473,-0.0286825,0.729222],
					[-0.137554,-0.125063,0.325641],
					[-0.126961,-0.115431,0.391581],
					[0.00739904,0.00672713,0.99]
				],
		"#1-22": [
					[0.288856,0.957372,0.0376352],
					[0.288856,0.957372,-0.32492],
					[0.288856,0.957372,-0.287854],
					[0,0,1]
				],
		"#1-23": [
					[-0.267281,-0,1],
					[-0.532249,-0,1],
					[-0.789618,-0,1],
					[0.01,0,0.99]
				],
		"#1-24": [
					[0.0275239,0.0244554,0.660482],
					[-0.201156,-0.178731,0.346058],
					[-0.236482,-0.210118,0.454403],
					[0.00747547,0.00664209,0.99]
				],
		"#1-25": [
					[-0.0793098,-0.052,0.979451],
					[-0.014924,-0.009785,0.433253],
					[-0.492582,-0.322964,0.994354],
					[0.00836276,0.00548309,0.990844]
				],
		"#1-26": [
					[0.0978969,0.0410958,0.74898],
					[0.130669,0.0548533,0.630924],
					[8.93728e-05,3.75176e-05,0.779333],
					[0.00342429,0.00143747,0.993465]
				],
		"#1-27": [
					[-0.121493,-0,1],
					[-0.650038,-0,1],
					[-0.79941,-0,1],
					[0.01,0,0.990009]
				],
		"#1-28": [
					[0.641317,0,0.24982],
					[0.772726,0,0.0460381],
					[0.679698,0,0.154234],
					[0.00123584,0,1]
				],
		"#1-29": [
					[-0.118861,-0.0483884,1],
					[0.30077,0.122444,0.0243615],
					[-0.00787854,-0.00320736,0.32018],
					[0.00926192,0.00377053,0.99]
				],
		"#1-30": [
					[0.0914232,0,0.856399],
					[0.169197,0,0.745418],
					[0.058975,0,0.848085],
					[0,0,0.99]
				],
		"#1-31": [
					[0.0845127,0.119751,0.669545],
					[0.0685956,0.0971974,0.468564],
					[0.576603,0.817025,-0.614757],
					[0.000909939,0.00128935,1]
				],
		"#1-32": [
					[-0.266368,-0.137065,1],
					[-0.443993,-0.228465,1],
					[-0.433807,-0.223224,1],
					[0.00889185,0.00457547,0.990006]
				]
		},
		{
		"#2-1": [
					[-0.065412,-0,0.117624],
					[-0.193532,-0,0.472369],
					[-0.344638,-0,0.10201],
					[1,0,0.185999]
				],
		"#2-2": [
					[-0.519358,-0.110636,1],
					[-0.978054,-0.208351,0.449467],
					[-0.978054,-0.208351,0.49553],
					[0.978054,0.208351,0.118031]
				],
		"#2-3": [
					[-0.0318952,-0.0085152,0.867782],
					[-0.966161,-0.25794,0.499812],
					[-0.821851,-0.219413,0.54083],
					[0.966161,0.25794,0.0309248]
				],
		"#2-4": [
					[0.303258,0.114679,0.808703],
					[-0.372029,-0.140685,0.217082],
					[-0.449233,-0.169881,0.183032],
					[0.935355,0.353711,-0.0982953]
				],
		"#2-5": [
					[-0.714827,-0,0.979941],
					[-0.600799,-0,0.220483],
					[-1,-0,0.487426],
					[1,0,0.334539]
				],
		"#2-6": [
					[0.00133278,0.000215264,1],
					[-0.987206,-0.159449,0.599871],
					[-0.987206,-0.159449,0.63678],
					[0.987206,0.159449,-0.0707339]
				],
		"#2-7": [
					[0.211651,0.227819,0.699021],
					[-0.354514,-0.381594,0.189715],
					[-0.356902,-0.384165,0.350926],
					[0.680633,0.732624,0.0530865]
				],
		"#2-8": [
					[0.225757,0.011123,0.814915],
					[-0.5027,-0.0247679,0.833653],
					[-0.155176,-0.00764546,0.18215],
					[0.519617,0.0256014,-0.117028]
				],
		"#2-9": [
					[-0.233325,-0.05531,0.85596],
					[0.0307987,0.00730085,-0.0166009],
					[-0.247092,-0.0585735,0.24242],
					[0.973035,0.230659,0.174012]
				],
		"#2-10": [
					[0.564767,0.0551796,0.380324],
					[0.995261,0.0972402,-0.512527],
					[0.995261,0.0972402,-0.425297],
					[-0.582931,-0.0569542,1]
				],
		"#2-11": [
					[-0.308456,-0.579046,0.900141],
					[0.153822,0.28876,-0.058802],
					[0.123252,0.231373,0.113343],
					[0.17282,0.324424,0.292701]
				],
		"#2-12": [
					[0.39629,0.0683866,0.560819],
					[0.495934,0.085582,0.410773],
					[0.378088,0.0652456,0.570355],
					[0.157047,0.0271012,0.228128]
				]
		},
		{
		"#3-1": [
					[-0.102827,0.994699,0.361384],
					[-0.102827,0.994699,0.177345],
					[-0.102827,0.994699,0.0747505],
					[0.0649808,-0.628591,1]
				],
		"#3-2": [
					[-0.33193,-0.0855465,0.767312],
					[-0.968357,-0.249569,0.4692],
					[-0.968357,-0.249569,0.579738],
					[0.968357,0.249569,-0.236116]
				],
		"#3-3": [
					[0.301555,0.31991,0.527599],
					[0.233496,0.247708,-0.0368846],
					[-0.0354511,-0.0376089,0.156828],
					[0.669538,0.71029,-0.368223]
				],
		"#3-4": [
					[0.118087,0.0281076,0.68448],
					[-0.800072,-0.190437,0.440551],
					[-0.972822,-0.231555,0.551764],
					[0.972822,0.231555,-0.256972]
				],
		"#3-5": [
					[-0.410034,-0,1],
					[-1,-0,0.694363],
					[-0.659479,-0,0.343626],
					[1,0,-0.0380663]
				]
		}
	]
}
