{
	"width": 1497,
	"height": 1014,
	"linearGradients": [
		{
		"#1-1": [
					[0.215528,0.0971028,0.25073],
					[0.21879,0.0985724,0.350121],
					[0.253316,0.114128,0.569304],
					[0.00911287,0.00410566,0.990233]
				],
		"#1-2": [
					[0.427675,0.155338,0.217489],
					[0.387,0.140564,0.329554],
					[0.357232,0.129752,0.554054],
					[0.00939921,0.00341393,0.99]
				],
		"#1-3": [
					[0.2832,0.115409,0.330758],
					[0.316235,0.128871,0.385076],
					[0.322,0.13122,0.584786],
					[0.00926057,0.00377384,0.99]
				],
		"#1-4": [
					[0.200213,0.144681,0.327455],
					[0.208498,0.150667,0.401539],
					[0.449889,0.325104,0.338792],
					[0,0,0.999232]
				],
		"#1-5": [
					[0.148753,0.0924819,0.208577],
					[0.133775,0.0831696,0.249492],
					[0.275033,0.170992,0.0288751],
					[0.0084925,0.0052799,0.99]
				],
		"#1-6": [
					[0.697938,0.373447,0.091834],
					[0.727225,0.389118,0.1503],
					[-0.881716,-0.471781,0.953615],
					[0.00881716,0.00471781,0.99]
				],
		"#1-7": [
					[0.257115,0.143332,0.286014],
					[0.323211,0.180178,0.317479],
					[0.420746,0.23455,0.45995],
					[0.00873449,0.00486915,0.99]
				],
		"#1-8": [
					[-0.135312,-0.0175717,0.567062],
					[0.0296156,0.00384589,0.581027],
					[0.345249,0.0448341,0.64771],
					[0.00991673,0.00128779,0.99]
				],
		"#1-9": [
					[0.336252,0.256149,0.169558],
					[0.327355,0.249371,0.270961],
					[0.297736,0.226809,0.497751],
					[0,0,0.998401]
				],
		"#1-10": [
					[0.189929,0.11168,0.304554],
					[0.36734,0.216,0.28243],
					[0.534059,0.314033,0.327969],
					[0.00773034,0.00454553,0.995576]
				],
		"#1-11": [
					[-0.948031,-0.318178,0.830948],
					[-0.948031,-0.318178,0.866991],
					[-0.948031,-0.318178,0.705619],
					[0.00948031,0.00318178,1]
				],
		"#1-12": [
					[0.144085,0,0.47408],
					[0.28628,0,0.46915],
					[0.78755,0,0.350123],
					[7.14703e-06,0,1]
				],
		"#1-13": [
					[0.22636,0.12091,0.456275],
					[0.300957,0.160756,0.440693],
					[-0.0244387,-0.0130539,0.551546],
					[0.00882054,0.00471149,0.99]
				],
		"#1-14": [
					[-0.086133,-0.0485923,0.62673],
					[0.0914241,0.0515772,0.585633],
					[0.282955,0.15963,0.590928],
					[0.00152302,0.000859218,0.990045]
				],
		"#1-15": [
					[0.046216,0.00624947,0.353545],
					[0.120505,0.0162951,0.353955],
					[0.990981,0.134004,-0.192593],
					[0,0,1]
				],
		"#1-16": [
					[0.267689,0.121593,0.609462],
					[0.284539,0.129247,0.611827],
					[0.342434,0.155545,0.610035],
					[0.00910474,0.00413567,0.99]
				],
		"#1-17": [
					[0.391864,0.131328,-0.10559],
					[0.462052,0.154851,-0.125285],
					[0.114723,0.0384478,0.0147756],
					[0,0,1]
				],
		"#1-18": [
					[1,0,0.0724428],
					[1,0,0.092189],
					[1,0,0.052294],
					[0,0,1]
				],
		"#1-19": [
					[0.964293,0.177416,0.127624],
					[0.983024,0.180862,0.138388],
					[0.762214,0.140237,0.2284],
					[0.00032312,5.94494e-05,1]
				],
		"#1-20": [
					[-0.986269,-0.165148,0.928987],
					[-0.986269,-0.165148,0.965316],
					[-0.986269,-0.165148,0.766662],
					[0.00986269,0.00165148,1]
				],
		"#1-21": [
					[0.847629,0.53059,0.0600553],
					[0.847629,0.53059,0.0859692],
					[0.847629,0.53059,0.0704207],
					[0.00174983,0.00109534,1]
				],
		"#1-22": [
					[0.434044,0.149018,0.461102],
					[0.460715,0.158174,0.475995],
					[0.481217,0.165213,0.5183],
					[0.000815929,0.000280128,0.991465]
				],
		"#1-23": [
					[1,0,0.148586],
					[1,0,0.159266],
					[1,0,0.152221],
					[0.000372238,0,1]
				],
		"#1-24": [
					[0.501215,0.485024,0.35214],
					[0.510344,0.493859,0.370401],
					[-0.0835552,-0.0808561,0.864544],
					[3.94525e-05,3.81781e-05,0.990095]
				],
		"#1-25": [
					[1,0.000619455,0.156008],
					[1,0.000619455,0.158745],
					[1,0.000619455,0.128578],
					[0.00070388,4.36022e-07,1]
				],
		"#1-26": [
					[-0.0783089,0.244099,0.675411],
					[-0.0830815,0.258976,0.692343],
					[-0.209941,0.654415,0.611373],
					[-0,0,0.99]
				],
		"#1-27": [
					[-0.817655,-0.0546458,1],
					[-0.802274,-0.0536179,0.99845],
					[-0.854242,-0.057091,0.997388],
					[0.00997774,0.000666836,0.99369]
				],
		"#1-28": [
					[-0.252736,-0,1],
					[-0.243125,-0,1],
					[-0.257207,-0,1],
					[0.01,0,0.99]
				],
		"#1-29": [
					[0.089046,0.0793507,0.798385],
					[0.127459,0.113582,0.752787],
					[0.148559,0.132384,0.714162],
					[0,0,0.99]
				],
		"#1-30": [
					[-0.20262,-0.143586,0.649519],
					[-0.0348635,-0.0247059,0.47172],
					[0.131693,0.0933238,0.235141],
					[0.00815904,0.00578188,0.99]
				],
		"#1-31": [
					[-0.395714,0.286792,0.799526],
					[-0.574534,0.41639,0.891812],
					[-0.809709,0.586832,0.999425],
					[-0,0,1]
				],
		"#1-32": [
					[0.0267177,0.0108281,0.114291],
					[0.0537358,0.021778,0.104406],
					[0.0750312,0.0304086,0.0273905],
					[0.0092678,0.00375605,0.99]
				],
		"#1-33": [
					[-0.00410456,-0.00329522,0.147487],
					[-0.0211891,-0.017011,0.181293],
					[0.1741,0.139771,-0.0923186],
					[0,0,0.997642]
				],
		"#1-34": [
					[0.252564,0.0207934,0.492984],
					[0.320108,0.0263543,0.478549],
					[0.416041,0.0342524,0.440686],
					[0,0,0.99]
				],
		"#1-35": [
					[0.133486,0.0271014,0.608863],
					[0.259105,0.0526057,0.497334],
					[-0.13543,-0.0274961,0.805062],
					[0.00980006,0.00198969,0.99]
				],
		"#1-36": [
					[-0.471657,0.406252,0.737626],
					[-0.456384,0.393096,0.759221],
					[-0.625896,0.539102,0.613433],
					[-0,0,1]
				],
		"#1-37": [
					[-0.235859,-0.614594,1],
					[-0.22131,-0.576683,0.999869],
					[-0.275246,-0.717227,0.925569],
					[0.00358286,0.00933612,0.99]
				],
		"#1-38": [
					[0.399514,0.0985624,0.0606904],
					[0.342102,0.0843986,0.167722],
					[0.303946,0.0749853,-0.1277],
					[0.000158759,3.91668e-05,1]
				],
		"#1-39": [
					[-0.00769681,-0.00386427,0.417618],
					[0.0151481,0.00760527,0.449557],
					[0.0075431,0.00378709,0.135699],
					[0.00893689,0.00448686,0.99]
				],
		"#1-40": [
					[0.228343,0.093585,0.225485],
					[0.195321,0.0800512,0.311476],
					[0.178268,0.0730621,-0.0217757],
					[0.000946793,0.000388038,1]
				]
		},
		{
		"#2-1": [
					[0.250298,0.0103783,0.112949],
					[0.32025,0.0132788,0.184905],
					[0.446011,0.0184933,0.47867],
					[0.417312,0.0173033,0.0659554]
				],
		"#2-2": [
					[0.302348,0.0412968,0.202926],
					[0.339904,0.0464264,0.260218],
					[0.454381,0.0620625,0.449546],
					[0.3144,0.0429429,0.0359926]
				],
		"#2-3": [
					[0.0246991,0.0110908,0.783298],
					[0.0913375,0.0410138,0.738646],
					[0.197329,0.0886076,0.703756],
					[0.130156,0.0584447,0.717341]
				],
		"#2-4": [
					[0.50937,0.00179894,0.417103],
					[0.476076,0.00168135,0.428293],
					[-0.421583,-0.0014889,0.121899],
					[0.999994,0.00353166,-0.140365]
				],
		"#2-5": [
					[0.321701,0.0775028,0.218365],
					[0.350813,0.0845162,0.269203],
					[0.534614,0.128797,0.613575],
					[0.227856,0.0548941,-0.0412008]
				],
		"#2-6": [
					[1,0,0.113293],
					[1,0,0.178082],
					[1,0,0.191989],
					[0.400038,0,0.594689]
				],
		"#2-7": [
					[0.483792,0.243763,0.521002],
					[0.466347,0.234973,0.494076],
					[0.442466,0.22294,0.505624],
					[0.268323,0.135197,0.07524]
				],
		"#2-8": [
					[0.108658,0.00217296,-0.0186695],
					[0.148813,0.00297599,0.0311883],
					[0.402753,0.00805432,0.385607],
					[-0.224446,-0.00448851,0.132443]
				],
		"#2-9": [
					[-0.162264,-0,1],
					[-0.150459,-0,1],
					[-0.165958,-0,1],
					[-0.176653,-0,0.932903]
				]
		}
	]
}
