{
	"width": 1497,
	"height": 1014,
	"linearGradients": [
		{
		"#1-1": [
					[0.312959,0.0982641,0.252323],
					[0.32464,0.101932,0.350131],
					[0.371053,0.116505,0.569566],
					[0.00954076,0.00299564,0.992755]
				],
		"#1-2": [
					[0.394163,0.130385,0.235513],
					[0.355031,0.11744,0.346801],
					[0.357641,0.118304,0.560257],
					[0.00949406,0.00314053,0.996516]
				],
		"#1-3": [
					[0.256393,0.173253,0.281158],
					[0.273788,0.185008,0.339316],
					[0.2463,0.166433,0.561187],
					[0.00828567,0.0055989,0.99]
				],
		"#1-4": [
					[-0.278596,-0.0558786,0.485089],
					[-0.170418,-0.0341811,0.536923],
					[0.766059,0.15365,0.37594],
					[0.00976455,0.0019585,0.99]
				],
		"#1-5": [
					[-0.186306,-0,0.427868],
					[-0.188475,-0,0.460456],
					[-0.136191,-0,0.311846],
					[0,0,0.990042]
				],
		"#1-6": [
					[0.384578,0.485327,0.177492],
					[0.32644,0.411959,0.288507],
					[0.502803,0.634524,0.22104],
					[0,0,1]
				],
		"#1-7": [
					[0.199542,0.177006,0.26953],
					[0.232647,0.206372,0.312164],
					[0.336185,0.298216,0.413761],
					[0.00747624,0.00663187,0.990001]
				],
		"#1-8": [
					[0.219151,0.116261,0.378581],
					[0.270316,0.143404,0.410442],
					[0.335183,0.177816,0.543287],
					[0.00883388,0.00468643,0.99]
				],
		"#1-9": [
					[0.124587,0.059757,0.472132],
					[0.165427,0.0793455,0.505721],
					[0.442703,0.212339,0.50337],
					[0.00901649,0.00432468,0.99]
				],
		"#1-10": [
					[0.530703,0.189734,0.263771],
					[0.534761,0.191185,0.320924],
					[0.488799,0.174753,0.501082],
					[0,0,1]
				],
		"#1-11": [
					[0.227382,0.111941,0.293454],
					[0.2301,0.113279,0.382241],
					[0.390351,0.192171,0.487356],
					[0.00897173,0.0044168,0.99]
				],
		"#1-12": [
					[0.222332,0.0993224,0.302432],
					[0.33968,0.151746,0.325371],
					[0.505342,0.225752,0.439285],
					[0.00913035,0.00407881,0.99]
				],
		"#1-13": [
					[0.042735,0.0214172,0.71031],
					[0.137359,0.0688394,0.661565],
					[0.205334,0.102906,0.680339],
					[0.00894011,0.00448046,0.99]
				],
		"#1-14": [
					[0.272258,0.287711,0.186524],
					[0.326269,0.344788,0.221534],
					[0.12828,0.135561,0.525553],
					[0.00108326,0.00114474,0.999731]
				],
		"#1-15": [
					[-0.969553,-0.24488,0.807164],
					[-0.969553,-0.24488,0.839357],
					[-0.969553,-0.24488,0.679245],
					[0.00969553,0.0024488,1]
				],
		"#1-16": [
					[0.683539,0.352367,0.156943],
					[0.635074,0.327383,0.255076],
					[0.76234,0.392989,0.175311],
					[0.00742914,0.00382975,0.996693]
				],
		"#1-17": [
					[0.68156,0.423011,-0.0258785],
					[0.713468,0.442815,0.0340648],
					[0.587263,0.364485,0.221452],
					[8.20469e-05,5.09225e-05,1]
				],
		"#1-18": [
					[0.134672,0,0.470976],
					[0.241237,0,0.51152],
					[1,0,0.230928],
					[4.03599e-05,0,1]
				],
		"#1-19": [
					[-0.114582,-0.00935399,0.621073],
					[0.0831202,0.00678558,0.580178],
					[0.320799,0.0261887,0.573501],
					[0.00996684,0.000813651,0.990394]
				],
		"#1-20": [
					[0.265478,0.179261,0.606415],
					[0.248518,0.167809,0.623464],
					[0.330928,0.223455,0.608575],
					[0.00634683,0.00428562,0.99]
				],
		"#1-21": [
					[0.349525,0.154899,0.56639],
					[0.378069,0.167549,0.564936],
					[0.424437,0.188098,0.567574],
					[0.00274814,0.0012179,0.99]
				],
		"#1-22": [
					[-0.0918113,-0.0359968,0.193517],
					[-0.14383,-0.0563918,0.247959],
					[-0.20546,-0.0805553,0.214932],
					[0.00931,0.0036502,0.99]
				],
		"#1-23": [
					[1,0,0.0847951],
					[1,0,0.104882],
					[1,0,0.0610434],
					[0.000192153,0,1]
				],
		"#1-24": [
					[0.608758,0.651224,0.217457],
					[0.633003,0.67716,0.215132],
					[0.581371,0.621927,0.239277],
					[0.000837695,0.000896132,1]
				],
		"#1-25": [
					[0.336042,0.239328,0.343786],
					[0.342951,0.244249,0.378396],
					[0.391982,0.279168,0.429347],
					[0.00193845,0.00138056,0.997815]
				],
		"#1-26": [
					[0.671686,0,0.303504],
					[0.679642,0,0.325316],
					[0.889273,0,0.211119],
					[0.000535645,0,1]
				],
		"#1-27": [
					[0.301578,0.15215,0.532138],
					[0.330469,0.166726,0.545464],
					[0.404795,0.204224,0.558319],
					[0,0,0.99]
				],
		"#1-28": [
					[-0.245023,0.191722,0.877749],
					[-0.172019,0.134598,0.889578],
					[-0.248612,0.19453,0.91377],
					[-0,0,1]
				],
		"#1-29": [
					[0.103899,0.0710626,0.0378881],
					[0.104241,0.0712965,0.0494592],
					[0.224019,0.153219,-0.118971],
					[0.000610727,0.000417711,0.999413]
				],
		"#1-30": [
					[0.193092,0.100296,0.601729],
					[0.229098,0.118999,0.602528],
					[-0.307597,-0.159773,1],
					[0.00887426,0.0046095,0.99]
				],
		"#1-31": [
					[-0.241362,-0,1],
					[-0.234676,-0,1],
					[-0.258933,-0,1],
					[0.01,0,0.99]
				],
		"#1-32": [
					[0.431806,0.159145,0.414158],
					[0.345454,0.127319,0.50737],
					[0.938302,0.345817,-0.0172429],
					[0,0,1]
				],
		"#1-33": [
					[0.205432,0.0163626,0.524181],
					[0.282976,0.022539,0.503818],
					[0.393659,0.0313548,0.459148],
					[0,0,0.99]
				],
		"#1-34": [
					[0.275552,0.263935,0.385578],
					[0.277238,0.26555,0.434144],
					[0.310037,0.296965,0.43926],
					[0,0,0.99]
				],
		"#1-35": [
					[7.5073e-05,1.09818e-05,0.719707],
					[0.130166,0.0190409,0.60831],
					[-0.365488,-0.0534642,0.999984],
					[0.0098947,0.00144741,0.990073]
				],
		"#1-36": [
					[-0.15613,-0.416575,0.97428],
					[-0.147746,-0.394205,0.974031],
					[-0.236004,-0.62969,1],
					[0.00337567,0.00900673,0.992645]
				],
		"#1-37": [
					[0.203733,0.0710011,0.279292],
					[0.173247,0.0603769,0.360248],
					[0.112896,0.0393445,0.0774136],
					[2.50679e-05,8.73622e-06,0.990068]
				],
		"#1-38": [
					[0.255549,0.140097,0.186465],
					[0.167655,0.0919119,0.329779],
					[0.11358,0.0622671,0.0430374],
					[0.00875432,0.0047993,0.99002]
				],
		"#1-39": [
					[0.0296535,0.00570039,0.397132],
					[-0.0157378,-0.00302534,0.497504],
					[0.0375821,0.00722454,0.115852],
					[0.0098202,0.00188777,0.99]
				],
		"#1-40": [
					[0.214144,0.0342195,0.248697],
					[0.224286,0.0358402,0.287476],
					[0.190362,0.0304193,-0.0293083],
					[0.00766901,0.00122548,0.99]
				]
		},
		{
		"#2-1": [
					[0.103027,0.0112754,0.133689],
					[0.413186,0.0452193,0.154633],
					[0.828381,0.0906586,0.263591],
					[-0.0317944,-0.0034796,0.541412]
				],
		"#2-2": [
					[-0.00950851,-1.06199e-05,0.0202381],
					[0.172057,0.000192167,0.176029],
					[0.51389,0.000573953,0.418974],
					[-0.559325,-0.0006247,0.660995]
				],
		"#2-3": [
					[-0.369095,-0,0.359638],
					[-0.316834,-0,0.325133],
					[-0.324165,-0,0.254666],
					[1,0,-0.103326]
				],
		"#2-4": [
					[-0.0547794,-6.59723e-06,0.0905242],
					[0.085511,1.02983e-05,0.0222342],
					[0.103416,1.24546e-05,-0.0522215],
					[-0.0270455,-3.25716e-06,0.516369]
				],
		"#2-5": [
					[-0.0527284,-0.0269234,0.0625935],
					[0.0123508,0.00630639,0.0764269],
					[0.143554,0.0732994,0.222531],
					[0.739118,0.377398,-0.655191]
				],
		"#2-6": [
					[-0.0380262,-0.0461304,0.064083],
					[-0.0352579,-0.0427721,0.0657598],
					[0.141183,0.171272,-0.213544],
					[-0.0148675,-0.0180361,0.836693]
				],
		"#2-7": [
					[-0.242777,0.969955,0.0723178],
					[-0.241299,0.96405,0.0748486],
					[-0.0418771,0.167309,0.0150285],
					[0.242807,-0.970075,0.869651]
				],
		"#2-8": [
					[-0.130887,0.731406,0.043599],
					[-0.125746,0.702677,0.0573572],
					[-0.133523,0.746137,-0.363583],
					[0.176154,-0.984363,0.982272]
				],
		"#2-9": [
					[0.0149362,0.357032,0.132204],
					[0.0135917,0.324894,0.16802],
					[0.0225743,0.539612,-0.420821],
					[0.00330873,0.0790912,0.27896]
				]
		}
	]
}
