{
	"width": 851,
	"height": 1239,
	"linearGradients": [
		{
		"#1-1": [
					[-0.165169,-0.0418689,0.207491],
					[-0.368977,-0.0935325,0.488777],
					[-0.182481,-0.0462574,0.852226],
					[0,0,0.992949]
				],
		"#1-2": [
					[-0.0791179,-0.0187028,0.174912],
					[-0.166765,-0.0394219,0.416328],
					[-0.509171,-0.120364,0.980575],
					[0.00937683,0.00221661,0.99]
				],
		"#1-3": [
					[0.0477382,0,0.192271],
					[-0.166389,-0,0.472845],
					[-1,-0,0.871976],
					[0.01,0,0.997969]
				],
		"#1-4": [
					[-0.222023,0.353676,0.642768],
					[-0.203241,0.323758,0.562997],
					[-0.339882,0.541423,0.287548],
					[-0,0,1]
				],
		"#1-5": [
					[0.994113,0.0176965,-0.0152535],
					[0.337783,0.00601298,0.541659],
					[-0.92725,-0.0165063,0.706479],
					[0,0,0.991285]
				],
		"#1-6": [
					[-0.0254698,-0,0.185463],
					[-0.396552,-0,0.655768],
					[-0.530521,-0,0.536281],
					[0,0,0.99368]
				]
		},
		{
		"#2-1": [
					[-0.966924,-0.255063,0.554707],
					[-0.966924,-0.255063,0.888053],
					[-0.966924,-0.255063,0.18361],
					[-0.966924,-0.255063,0.835314]
				],
		"#2-2": [
					[0.994652,0.103282,0.543427],
					[0.994652,0.103282,0.543142],
					[0.994652,0.103282,0.570919],
					[0.994652,0.103282,0.462276]
				],
		"#2-3": [
					[0.215671,0.023394,0.931029],
					[0.994168,0.107839,0.59451],
					[0.994168,0.107839,0.444417],
					[0.994168,0.107839,0.407435]
				],
		"#2-4": [
					[-0.219168,-0,1],
					[-0.29786,-0,1],
					[0.528267,0,0.610918],
					[-0.599585,-0,1]
				],
		"#2-5": [
					[-0.478658,-0,0.278176],
					[-0.743722,-0,0.710329],
					[-0.248096,-0,1],
					[-0.322847,-0,0.939157]
				],
		"#2-6": [
					[0.139236,-0.292312,1],
					[0.430032,-0.902814,0.886354],
					[0.228863,-0.480477,0.307375],
					[0.366034,-0.768455,0.936915]
				],
		"#2-7": [
					[-0.0926475,-0.042967,0.0848657],
					[-0.276785,-0.128364,0.478397],
					[-0.293165,-0.135961,1],
					[-0.253766,-0.117689,0.961032]
				],
		"#2-8": [
					[0.00660762,0,1],
					[1,0,0.0610313],
					[1,0,-0.411851],
					[0.12509,0,0.715383]
				],
		"#2-9": [
					[-0.00313227,-0.999995,0.812928],
					[-0.00313227,-0.999995,1],
					[0.00313227,0.999995,-0.145654],
					[-0.00313227,-0.999995,1]
				],
		"#2-10": [
					[-0.158874,-0.0238491,0.174349],
					[-0.161705,-0.0242742,0.176932],
					[-0.186368,-0.0279764,0.230407],
					[0.98892,0.148451,-0.986527]
				]
		},
		{
		"#3-1": [
					[0.407882,0.913035,-0.203188],
					[-0.0867089,-0.194096,0.292121],
					[-0.407882,-0.913035,0.396105],
					[0.407882,0.913035,0.291569]
				],
		"#3-2": [
					[-0.420766,-0,0.727346],
					[-0.509444,-0,0.96545],
					[-0.139284,-0,0.113271],
					[0.150442,0,0.620847]
				],
		"#3-3": [
					[0.581563,0.813502,-0.498644],
					[0.581563,0.813502,-0.331934],
					[-0.570547,-0.798092,0.999542],
					[0.581563,0.813502,0.0717502]
				]
		}
	]
}
