{
	"width": 640,
	"height": 491,
	"linearGradients": [
		{
		"#1-1": [
					[0.389168,0.0532079,0.830025],
					[0.37925,0.051852,0.835512],
					[0.42444,0.0580304,0.848618],
					[0.00990783,0.00135462,0.99]
				],
		"#1-2": [
					[0.418157,0.00295207,0.846732],
					[0.403483,0.00284848,0.85055],
					[0.382744,0.00270206,0.860421],
					[0.00713487,5.03702e-05,0.991578]
				],
		"#1-3": [
					[-0.184349,-0,0.854293],
					[-0.12748,-0,0.85644],
					[-0.142113,-0,0.868807],
					[0.01,0,0.990092]
				],
		"#1-4": [
					[-0.0318503,0.100026,0.623682],
					[-0.053884,0.169223,0.59368],
					[-0.0374715,0.11768,0.615984],
					[-0,0,0.994834]
				],
		"#1-5": [
					[1,0,0.504626],
					[0.919161,0,0.470918],
					[0.801865,0,0.443413],
					[0,0,1]
				],
		"#1-6": [
					[-0.979011,-0.203806,0.496788],
					[-0.979011,-0.203806,0.481924],
					[-0.979011,-0.203806,0.47896],
					[0.00979011,0.00203806,1]
				],
		"#1-7": [
					[-1,-0,0.33488],
					[-1,-0,0.333767],
					[-1,-0,0.333039],
					[0.01,0,1]
				],
		"#1-8": [
					[-0.394451,-0.0727268,0.811627],
					[-0.547575,-0.100959,0.868174],
					[-0.642579,-0.118475,0.891812],
					[0.00983424,0.00181318,0.999468]
				],
		"#1-9": [
					[-0.946047,-0.324029,0.42919],
					[-0.927799,-0.317779,0.41762],
					[-0.946047,-0.324029,0.420887],
					[0.00946047,0.00324029,0.997646]
				],
		"#1-10": [
					[-0.541723,-0,0.669306],
					[-0.462507,-0,0.697798],
					[-0.284334,-0,0.612033],
					[0,0,0.99938]
				],
		"#1-11": [
					[0.629187,0.0120778,0.499131],
					[0.572856,0.0109965,0.545087],
					[0.494137,0.0094854,0.542783],
					[0,0,1]
				],
		"#1-12": [
					[-0.396069,-0.0712079,0.651667],
					[-0.366683,-0.0659246,0.688103],
					[-0.223797,-0.0402356,0.601022],
					[0,0,0.990047]
				],
		"#1-13": [
					[-0.0914837,-0.0241113,0.146453],
					[-0.0660894,-0.0174184,0.128853],
					[-0.11685,-0.0307969,0.150564],
					[0.00963072,0.00253826,0.990503]
				],
		"#1-14": [
					[-0.22564,-0.0446256,0.18789],
					[-0.216536,-0.0428251,0.182482],
					[-0.231372,-0.0457593,0.186924],
					[0.00543935,0.00107576,0.993561]
				],
		"#1-15": [
					[1,0,0.262732],
					[1,0,0.212145],
					[1,0,-0.0417101],
					[0,0,1]
				],
		"#1-16": [
					[1,0,0.314699],
					[1,0,0.247768],
					[1,0,-0.0638339],
					[0,0,1]
				],
		"#1-17": [
					[1,0,0.166163],
					[1,0,0.170093],
					[1,0,0.152643],
					[0,0,1]
				],
		"#1-18": [
					[0.191848,0.40121,0.217493],
					[0.257063,0.537594,0.159314],
					[0.218687,0.457338,0.154125],
					[0.0009908,0.00207206,0.999023]
				],
		"#1-19": [
					[0.133396,0.121798,0.434121],
					[0.149721,0.136704,0.484293],
					[0.162308,0.148196,0.475411],
					[0.0073848,0.00674275,0.99]
				],
		"#1-20": [
					[-0.404584,-0,0.984753],
					[-0.44614,-0,0.972933],
					[-0.563423,-0,0.965287],
					[0.01,0,0.99]
				],
		"#1-21": [
					[-0.0763362,-0.0464097,0.480251],
					[-0.126639,-0.0769923,0.489536],
					[-0.545152,-0.331433,0.721721],
					[0.00854476,0.00519491,0.990018]
				],
		"#1-22": [
					[-0.103823,-0.0441269,0.150247],
					[-0.100532,-0.0427282,0.145651],
					[-0.102592,-0.0436039,0.145937],
					[0.00712908,0.00303001,0.991334]
				],
		"#1-23": [
					[0.188431,0.172688,0.678144],
					[0.0262064,0.0240169,0.769331],
					[-0.070488,-0.064599,0.805975],
					[0.00737232,0.00675639,0.99]
				],
		"#1-24": [
					[-0.64928,-0.049366,1],
					[-0.899402,-0.0683832,1],
					[-0.997122,-0.075813,0.993371],
					[0.00989184,0.000752095,0.99]
				],
		"#1-25": [
					[-0.287538,-0.368249,0.378366],
					[-0.261443,-0.33483,0.347642],
					[-0.266929,-0.341855,0.349956],
					[0.00573254,0.00734165,0.994326]
				],
		"#1-26": [
					[0.98892,0.000111081,0.086871],
					[1,0.000112326,0.0511416],
					[0.838444,9.41786e-05,0.06406],
					[0,0,1]
				],
		"#1-27": [
					[-0.0750168,-0.0229411,0.244952],
					[-0.132609,-0.0405535,0.266941],
					[-0.225627,-0.0689997,0.325885],
					[0.00651553,0.00199254,0.990003]
				],
		"#1-28": [
					[-0.194844,-0.0923477,0.581126],
					[-0.12022,-0.0569793,0.56203],
					[-0.0809438,-0.038364,0.507749],
					[0.00903642,0.00428288,0.990026]
				],
		"#1-29": [
					[-0.314002,-0.0826878,0.70402],
					[-0.417196,-0.109863,0.833837],
					[-0.540144,-0.142239,0.871242],
					[0.00967032,0.00254654,0.991067]
				],
		"#1-30": [
					[-0.618209,-0.0454402,0.857614],
					[-0.448999,-0.0330028,0.787554],
					[-0.594208,-0.0436761,0.82658],
					[0.00968928,0.000712191,0.999059]
				],
		"#1-31": [
					[-0.0831372,-0.0405317,0.507401],
					[-0.0737109,-0.0359361,0.547473],
					[-0.0329249,-0.0160518,0.486228],
					[0.00898866,0.00438223,0.99]
				],
		"#1-32": [
					[-0.947837,-0.0611134,1],
					[-0.870901,-0.0561529,1],
					[-0.861718,-0.0555608,0.952904],
					[0.00997928,0.000643432,0.993338]
				],
		"#1-33": [
					[-0.625366,-0.143024,0.911317],
					[-0.541127,-0.123758,0.895717],
					[-0.456558,-0.104416,0.770397],
					[0.00929324,0.0021254,0.996621]
				],
		"#1-34": [
					[-0.314119,-0.156901,1],
					[-0.356202,-0.177921,1],
					[-0.414569,-0.207076,1],
					[0.00894608,0.00446853,0.990045]
				],
		"#1-35": [
					[-0.139005,-0.914894,1],
					[-0.150212,-0.988654,0.995014],
					[-0.150212,-0.988654,0.885987],
					[0.00150212,0.00988654,1]
				],
		"#1-36": [
					[-0.384242,-0.0417225,0.397337],
					[-0.424195,-0.0460608,0.424796],
					[-0.487257,-0.0529083,0.466941],
					[0.00992541,0.00107774,0.993049]
				],
		"#1-37": [
					[0.146267,0,0.394725],
					[0.0707271,0,0.488112],
					[-0.228062,-0,0.453032],
					[0,0,0.992653]
				],
		"#1-38": [
					[0.427888,0.466509,0.0434514],
					[0.400857,0.437039,0.10225],
					[0.255397,0.278449,0.167955],
					[1.92841e-05,2.10247e-05,1]
				],
		"#1-39": [
					[-0.0886165,-0.0475754,0.221051],
					[-0.243133,-0.130531,0.384654],
					[-0.288327,-0.154794,0.416696],
					[0.00881056,0.00473011,0.99]
				],
		"#1-40": [
					[0.255245,0.0713772,0.277624],
					[0.145851,0.040786,0.407336],
					[-0.375163,-0.104911,0.587001],
					[0,0,0.995059]
				],
		"#1-41": [
					[0.0343432,0.0407322,0.420954],
					[0.0132958,0.0157692,0.476878],
					[0.0708438,0.0840232,0.113473],
					[0.0049318,0.00584928,0.990016]
				],
		"#1-42": [
					[0.131547,0.104147,0.366224],
					[0.163282,0.129273,0.343488],
					[0.164346,0.130115,0.0696039],
					[0.000958759,0.000759063,0.99]
				],
		"#1-43": [
					[0.383772,0.166357,0.0600503],
					[0.371042,0.160839,0.0198983],
					[0.33178,0.14382,-0.062878],
					[0.000742361,0.000321798,0.999744]
				],
		"#1-44": [
					[-0.0462362,-0.00692956,0.54519],
					[0.0787202,0.011798,0.467524],
					[-0.0775448,-0.0116219,0.335501],
					[0.00816341,0.00122347,0.99]
				],
		"#1-45": [
					[0.131299,0.0747821,0.337349],
					[0.0651702,0.0371182,0.468317],
					[0.0513715,0.029259,0.189075],
					[0.00202766,0.00115487,0.99]
				],
		"#1-46": [
					[0.2592,0.286924,0.269128],
					[0.23021,0.254834,0.309381],
					[0.276525,0.306102,-0.0557806],
					[0,0,1]
				],
		"#1-47": [
					[0.207759,0.138491,0.245402],
					[0.167247,0.111486,0.333516],
					[0.0993873,0.0662508,0.106267],
					[4.99187e-05,3.32754e-05,0.9973]
				],
		"#1-48": [
					[0.141779,0.0545702,0.341269],
					[0.0534935,0.0205894,0.493624],
					[0.0780903,0.0300566,0.161877],
					[0.00508631,0.0019577,0.99]
				]
		},
		{
		"#2-1": [
					[0.454217,0.0443017,0.812017],
					[0.423951,0.0413497,0.816271],
					[0.378068,0.0368746,0.827319],
					[0.447105,0.043608,0.197995]
				]
		}
	]
}
