{
	"width": 700,
	"height": 700,
	"linearGradients": [
		{
		"#1-1": [
					[0.000473756,0.000253392,1],
					[-0.000288312,-0.000154206,1],
					[-0.0134419,-0.00718953,1],
					[0,0,0.992161]
				],
		"#1-2": [
					[0.522719,0,0.376739],
					[0.355306,0,0.576118],
					[0.431776,0,0.364021],
					[0,0,0.99648]
				],
		"#1-3": [
					[-0.315545,-0.0438379,1],
					[-0.990487,-0.137606,0.877569],
					[-0.990487,-0.137606,0.909341],
					[0.00990487,0.00137606,0.999793]
				],
		"#1-4": [
					[-0.611501,-0,1],
					[-1,-0,0.620436],
					[-1,-0,0.698454],
					[0.01,0,1]
				],
		"#1-5": [
					[-0.0280371,-0.0112743,1],
					[-0.0613448,-0.0246681,1],
					[-0.0798532,-0.0321107,1],
					[0.00927796,0.00373087,0.990023]
				],
		"#1-6": [
					[0.317763,-0.575418,0.745554],
					[-0.483416,0.875391,0.158507],
					[-0.483416,0.875391,0.0794224],
					[-0,0,1]
				],
		"#1-7": [
					[-0.00336826,0.578435,0.778187],
					[-0.00582297,0.999983,0.567254],
					[-0.00582297,0.999983,0.564601],
					[-4.07433e-05,0.00699688,1]
				],
		"#1-8": [
					[0.495081,0,0.426656],
					[0.109817,0,0.327441],
					[0.229152,0,0.238479],
					[0.01,0,0.990392]
				],
		"#1-9": [
					[-0.0661908,-0.0601812,1],
					[-0.498262,-0.453023,0.999369],
					[-0.63472,-0.577092,1],
					[0.00739897,0.0067272,0.992103]
				],
		"#1-10": [
					[-0.0787684,-0.0241643,0.999941],
					[-0.312928,-0.0959989,1],
					[-0.324012,-0.0993993,0.999768],
					[0.00956025,0.00293286,0.992737]
				],
		"#1-11": [
					[0.910223,0.414119,0.300808],
					[0.910223,0.414119,-0.0367289],
					[-0.502049,-0.228415,0.839019],
					[0.000999016,0.000454517,1]
				],
		"#1-12": [
					[0.216159,0.0941311,0.705646],
					[0.916839,0.399256,0.0286866],
					[0.916839,0.399256,-0.186686],
					[0.00113392,0.000493789,1]
				],
		"#1-13": [
					[0.233679,0.354652,0.659163],
					[0.241667,0.366775,0.62983],
					[0.267352,0.405757,0.525212],
					[0,0,0.99]
				],
		"#1-14": [
					[0.419183,0.0829803,0.732824],
					[0.37093,0.0734282,0.748841],
					[0.410503,0.081262,0.664385],
					[0,0,0.99]
				],
		"#1-15": [
					[0.0478314,-0.0602079,0.893624],
					[-0.622035,0.782989,0.390688],
					[-0.0985162,0.124008,0.370918],
					[-0,0,1]
				],
		"#1-16": [
					[0.543842,0,0.45671],
					[0.8323,0,0.141441],
					[-0.0979445,-0,0.52046],
					[0.00100161,0,0.999602]
				],
		"#1-17": [
					[-0.296119,-0.260188,1],
					[-0.422733,-0.371438,1],
					[-0.532855,-0.468197,1],
					[0.00751214,0.00660059,0.99]
				],
		"#1-18": [
					[-0.137349,-0.0988388,1],
					[0.0110393,0.00794409,0.325561],
					[-0.045279,-0.0325836,0.299484],
					[0.00811681,0.00584101,0.99]
				],
		"#1-19": [
					[-0.382055,-0,1],
					[1,0,-0.276199],
					[1,0,-0.248233],
					[0.000689367,0,1]
				],
		"#1-20": [
					[-0.426407,-0,1],
					[-0.670302,-0,1],
					[-0.88179,-0,1],
					[0.01,0,0.99]
				],
		"#1-21": [
					[-0.115952,-0.0251767,1],
					[-0.20379,-0.0442488,1],
					[-0.189825,-0.0412166,1],
					[0.0097723,0.00212185,0.991208]
				],
		"#1-22": [
					[0.100666,0.451516,0.228537],
					[0.00531378,0.0238339,0.253339],
					[-0.0146451,-0.0656876,0.325913],
					[0.00217607,0.00976036,0.99]
				],
		"#1-23": [
					[0.381741,0.375298,0.411585],
					[0.470177,0.462242,0.230621],
					[0.367483,0.36128,0.383217],
					[4.29719e-05,4.22466e-05,1]
				],
		"#1-24": [
					[0.170019,0,0.414485],
					[0.0966508,0,0.249602],
					[0.0623161,0,0.267494],
					[0,0,1]
				]
		},
		{
		"#2-1": [
					[0.261351,0.10376,0.371442],
					[0.346137,0.137421,0.564327],
					[0.183837,0.0729856,0.23844],
					[0.721613,0.28649,-0.128736]
				],
		"#2-2": [
					[0.218712,0.20489,0.207786],
					[-0.215687,-0.202056,0.527509],
					[-0.100119,-0.093792,0.0756191],
					[0.729791,0.68367,-0.43356]
				],
		"#2-3": [
					[0.391688,0.187705,0.563457],
					[0.353352,0.169334,0.744107],
					[0.339394,0.162645,0.518481],
					[0.406782,0.194939,0.0486114]
				],
		"#2-4": [
					[0.0838818,0.305789,0.768668],
					[0.198347,0.72307,0.427269],
					[0.214238,0.780997,0.383286],
					[0.108943,0.39715,0.477129]
				],
		"#2-5": [
					[-0.135368,0.58979,0.546534],
					[-0.223643,0.974399,0.168415],
					[-0.223703,0.974657,0.170217],
					[-0.0180783,0.0787658,0.745015]
				],
		"#2-6": [
					[-0.0238099,-0,0.471826],
					[0.215051,0,0.373373],
					[-0.124486,-0,0.0373314],
					[1,0,0.0677313]
				],
		"#2-7": [
					[0.0976659,0,0.530713],
					[-0.459444,-0,0.445418],
					[-0.632225,-0,0.173817],
					[1,0,-0.0949738]
				],
		"#2-8": [
					[0.351787,0.416149,0.771622],
					[0.397586,0.470326,0.715192],
					[0.40568,0.479901,0.702273],
					[0.335824,0.397264,0.532616]
				],
		"#2-9": [
					[-0.582327,-0.0627082,1],
					[-0.320123,-0.0344726,0.190787],
					[-0.51763,-0.0557413,0.369525],
					[0.994252,0.107067,0.102707]
				],
		"#2-10": [
					[0.0418543,0.405209,0.846638],
					[0.101536,0.983007,0.611912],
					[0.0801861,0.776314,0.657547],
					[0.0423212,0.409729,0.699692]
				],
		"#2-11": [
					[0.100326,0.330338,0.617696],
					[0.290601,0.956844,0.0515352],
					[0.197059,0.648844,0.195391],
					[0.000258898,0.000852457,1]
				],
		"#2-12": [
					[0.596218,0.0146281,0.626318],
					[0.999699,0.0245274,0.307021],
					[0.999699,0.0245274,0.313873],
					[0.338034,0.0082936,0.620763]
				],
		"#2-13": [
					[0.190909,0.0230868,0.819955],
					[0.354576,0.0428792,0.502462],
					[0.040377,0.00488283,0.264731],
					[-0.0849085,-0.0102681,0.273265]
				],
		"#2-14": [
					[0.379133,0.229699,0.575351],
					[0.287444,0.174149,0.387377],
					[0.312572,0.189373,0.460779],
					[0.486519,0.294759,0.193202]
				],
		"#2-15": [
					[0.284059,0.0735548,0.720544],
					[0.963852,0.249582,0.21986],
					[0.861528,0.223086,0.308971],
					[0.264035,0.0683699,0.654692]
				],
		"#2-16": [
					[-0.0708554,-0.0328492,0.731115],
					[-0.425257,-0.197153,0.575823],
					[0.182688,0.0846958,-0.149725],
					[0.846558,0.392472,-0.772562]
				],
		"#2-17": [
					[0.452239,0.115418,0.584252],
					[0.968942,0.247288,0.118799],
					[0.968942,0.247288,0.168445],
					[-0.0471219,-0.0120262,0.829442]
				],
		"#2-18": [
					[-0.0380244,-7.41538e-05,0.323195],
					[-0.0943998,-0.000184095,0.0686886],
					[-0.0935315,-0.000182402,0.236085],
					[0.999998,0.00195016,-0.404554]
				],
		"#2-19": [
					[-0.301884,0.953345,0.517163],
					[-0.301884,0.953345,0.364223],
					[-0.301884,0.953345,0.395985],
					[0.301884,-0.953345,0.965178]
				],
		"#2-20": [
					[0.0795506,-0.401484,0.594313],
					[0.0958515,-0.483753,0.194071],
					[0.0990423,-0.499857,0.295957],
					[-0.194363,0.98093,-0.0277051]
				],
		"#2-21": [
					[0.237836,0.133386,0.360343],
					[0.0837839,0.0469887,0.302746],
					[0.186675,0.104693,0.363281],
					[0.412353,0.231261,0.00250436]
				],
		"#2-22": [
					[-0.174214,0.926262,0.135412],
					[-0.184842,0.982768,-0.111342],
					[-0.184842,0.982768,-0.0868812],
					[0.0603614,-0.32093,1]
				],
		"#2-23": [
					[0.132293,0.0787748,0.439608],
					[0.382999,0.228059,-0.0652338],
					[0.0937269,0.0558102,0.299161],
					[0.325209,0.193648,0.386056]
				],
		"#2-24": [
					[0.36002,0.235897,0.271385],
					[0.392187,0.256974,0.123],
					[0.348327,0.228235,0.18378],
					[0.183268,0.120083,0.564018]
				]
		}
	]
}
