{
	"width": 383,
	"height": 600,
	"linearGradients": [
		{
		"#1-1": [
					[-0.00439942,0.00692369,0.998547],
					[0.0120471,-0.0189594,0.990391],
					[0.017192,-0.0270563,0.999668],
					[-0.00536306,0.00844024,0.993205]
				]
		},
		{
		"#2-1": [
					[1,0,0.0626691],
					[0.733108,0,0.302844],
					[0.28918,0,0.712457],
					[0.596552,0,0.460749]
				],
		"#2-2": [
					[0.00243991,0.00823973,0.995417],
					[0.247769,0.836733,0.352396],
					[0.283929,0.958845,-0.432245],
					[-0.283929,-0.958845,0.905477]
				]
		},
		{
		"#3-1": [
					[-0.953641,-0.300945,0.76615],
					[-0.504562,-0.159227,0.997959],
					[-0.259373,-0.0818517,0.402326],
					[0.953641,0.300945,0.327738]
				],
		"#3-2": [
					[0.000863894,0.00101723,1],
					[-0.0743575,-0.0875555,1],
					[0.647321,0.762217,-0.438478],
					[-0.476095,-0.560599,1]
				]
		},
		{
		"#4-1": [
					[0.0546193,0,0.924681],
					[0.47224,0,0.373131],
					[0.795747,0,-0.0641421],
					[0.430274,0,0.291129]
				]
		}
	]
}
