{
	"width": 1000,
	"height": 730,
	"linearGradients": [
		{
		"#1-1": [
					[0.657765,0,0.999486],
					[0.657765,0,0.999486],
					[0.657765,0,0.999486],
					[0,0,0.99]
				],
		"#1-2": [
					[0.661473,0,0.998185],
					[0.661473,0,0.998185],
					[0.661473,0,0.998185],
					[0,0,0.99]
				],
		"#1-3": [
					[0.000307747,0.000261928,0.999132],
					[0.000307747,0.000261928,0.999132],
					[0.000307747,0.000261928,0.999132],
					[0.00011258,9.58187e-05,0.99]
				],
		"#1-4": [
					[-0.024701,-0.0214872,1],
					[0.331353,0.28824,0.683682],
					[0.754484,0.656318,0.365009],
					[0.00754484,0.00656318,0.990073]
				],
		"#1-5": [
					[-0.0398839,-0.0133805,1],
					[-0.594315,-0.199385,0.937028],
					[-0.420868,-0.141196,0.322378],
					[0.00948069,0.00318065,0.996073]
				],
		"#1-6": [
					[0.0028771,0.0255984,0.974881],
					[-0.0755592,-0.672271,0.966281],
					[-0.102103,-0.908441,0.567686],
					[0.00111691,0.00993743,0.990362]
				],
		"#1-7": [
					[0.252958,0.453338,0.813822],
					[0.487268,0.873253,0.383446],
					[0.487268,0.873253,0.0684557],
					[0,0,1]
				],
		"#1-8": [
					[0.00172694,0.0121582,0.987212],
					[0.0585038,0.411887,0.462066],
					[0.140144,0.98666,-0.296567],
					[0,0,1]
				],
		"#1-9": [
					[0.4269,0.166563,0.80185],
					[0.926018,0.361302,0.305914],
					[0.931602,0.363481,0.031042],
					[0,0,1]
				],
		"#1-10": [
					[-0.708094,-0,1],
					[-0.614619,-0,0.783322],
					[-0.627791,-0,0.47605],
					[0.01,0,0.99007]
				],
		"#1-11": [
					[-0.714367,0.699772,0.380457],
					[-0.714367,0.699772,0.263332],
					[-0.714367,0.699772,0.078365],
					[-0,0,1]
				],
		"#1-12": [
					[0.500594,0,0.775368],
					[0.608458,0,0.444381],
					[1,0,-0.0813529],
					[0,0,1]
				],
		"#1-13": [
					[-0.343938,0.938992,-0.20278],
					[-0.343938,0.938992,-0.106259],
					[-0.343938,0.938992,-0.527779],
					[-0,0,1]
				],
		"#1-14": [
					[-0.0230124,-0,0.960374],
					[0.148086,0,0.738365],
					[0.376479,0,0.468885],
					[0,0,0.990064]
				],
		"#1-15": [
					[-0.893691,0.448682,0.991774],
					[-0.893691,0.448682,0.999263],
					[-0.893691,0.448682,0.997265],
					[-0,0,1]
				],
		"#1-16": [
					[0.0765005,0.104604,0.888368],
					[-0.168726,-0.230711,1],
					[-0.278984,-0.381473,1],
					[0.00590313,0.00807175,0.99005]
				],
		"#1-17": [
					[-0.0381498,0.212347,0.94128],
					[-0.0251316,0.139886,0.66411],
					[0.176826,-0.984242,0.431743],
					[-0.000316578,0.00176212,1]
				],
		"#1-18": [
					[0.234214,0,0.85555],
					[0.522989,0,0.449284],
					[1,0,-0.489665],
					[0,0,1]
				],
		"#1-19": [
					[-0.00352545,-0.00338603,1],
					[-0.0036988,-0.00355252,1],
					[-0.00407573,-0.00391455,1],
					[0.000643329,0.000617886,0.990001]
				],
		"#1-20": [
					[0.0244143,0.0219718,0.967127],
					[0.0290379,0.0261329,0.962029],
					[-0.00101715,-0.000915392,0.981367],
					[4.32e-06,3.88782e-06,0.99]
				],
		"#1-21": [
					[0.083324,0.996523,0.00632305],
					[0.083324,0.996523,0.00253704],
					[0.083324,0.996523,-0.00359855],
					[0.000125244,0.00149787,1]
				],
		"#1-22": [
					[0.406302,0.086169,0.671083],
					[0.978242,0.207467,0.172602],
					[0.978242,0.207467,0.0818451],
					[0.00101561,0.000215391,0.999919]
				],
		"#1-23": [
					[0.126612,0,0.902095],
					[-0.292797,-0,1],
					[-0.770448,-0,1],
					[0.01,0,0.99]
				],
		"#1-24": [
					[-0.00128345,-0.00393076,1],
					[-0.00911594,-0.0279189,0.730323],
					[0.310388,0.95061,-0.755007],
					[9.92714e-05,0.000304033,1]
				],
		"#1-25": [
					[0.00147752,0.00191397,0.993902],
					[-0.00510399,-0.00661167,0.695498],
					[0.611071,0.791576,-0.779181],
					[0,0,1]
				],
		"#1-26": [
					[0.0726949,0,0.938367],
					[-0.442951,-0,1],
					[-1,-0,0.9136],
					[0.01,0,0.996818]
				],
		"#1-27": [
					[0.116637,0.00619161,0.822085],
					[0.142268,0.0075522,0.742367],
					[0.240533,0.0127685,0.627741],
					[0.00998594,0.000530097,0.99]
				],
		"#1-28": [
					[0.0239447,0.0138627,0.96959],
					[-0.173697,-0.100562,0.865737],
					[-0.234415,-0.135714,0.46695],
					[0,0,0.998047]
				],
		"#1-29": [
					[0.598912,0.125929,-0.254672],
					[0.614485,0.129204,-0.151671],
					[0.708212,0.148911,-0.630505],
					[0.00978602,0.00205764,0.992964]
				],
		"#1-30": [
					[-0.00465987,-0.00140902,1],
					[0.243465,0.0736174,0.451344],
					[0.809942,0.244905,-0.621261],
					[0,0,0.999849]
				],
		"#1-31": [
					[-0.0350183,-0.0536978,0.828049],
					[-0.430943,-0.660816,1],
					[-0.546247,-0.837624,0.988144],
					[0.00546247,0.00837624,0.992995]
				],
		"#1-32": [
					[-0.318388,0.504338,0.97428],
					[-0.533824,0.845595,0.767451],
					[-0.533824,0.845595,0.588324],
					[-0,0,1]
				],
		"#1-33": [
					[1,0,-0.0557635],
					[1,0,-0.183038],
					[1,0,-0.25122],
					[0.00218826,0,1]
				],
		"#1-34": [
					[0.533355,0,0.463426],
					[0.532783,0,0.462675],
					[0.533067,0,0.463053],
					[7.2814e-07,0,0.990001]
				],
		"#1-35": [
					[0.53627,0,0.460447],
					[0.535689,0,0.459443],
					[0.536201,0,0.459988],
					[2.02455e-07,0,0.99]
				],
		"#1-36": [
					[0.526913,0,0.469511],
					[0.5261,0,0.468739],
					[0.526627,0,0.469005],
					[0,0,0.99]
				]
		},
		{
		"#2-1": [
					[0.659899,0.296923,0.691867],
					[0.233298,0.104973,0.520887],
					[-0.215318,-0.0968831,0.08115],
					[0.911938,0.410329,-0.0591189]
				],
		"#2-2": [
					[0.0899386,0.0642456,0.941236],
					[-0.567974,-0.40572,1],
					[-0.813717,-0.581261,0.78048],
					[0.813717,0.581261,0.498314]
				],
		"#2-3": [
					[-0.0134731,-0.0202689,0.997652],
					[-0.040083,-0.0603011,0.600092],
					[0.0561717,0.0845049,-0.0359592],
					[0.36588,0.550431,0.641553]
				],
		"#2-4": [
					[-0.0208144,-0,0.999715],
					[-0.408616,-0,0.772114],
					[0.0706098,0,-0.0149432],
					[0.793773,0,0.579722]
				],
		"#2-5": [
					[0.592675,0,0.592895],
					[0.054211,0,0.576134],
					[-1,-0,0.53864],
					[1,0,-0.367421]
				],
		"#2-6": [
					[0.0128107,0.00898001,0.95247],
					[0.349124,0.244727,0.351937],
					[0.818857,0.573998,-0.551001],
					[0.32663,0.22896,0.565952]
				],
		"#2-7": [
					[0.0616867,0.0468185,0.927374],
					[0.117262,0.0889989,0.459371],
					[0.00334841,0.00254135,-0.00412854],
					[0.514294,0.390335,0.506408]
				],
		"#2-8": [
					[0.476774,0.0468929,0.555018],
					[0.171964,0.0169135,0.386311],
					[-0.323983,-0.0318653,0.198445],
					[0.995198,0.0978824,-0.463387]
				],
		"#2-9": [
					[0.0828666,0,0.923125],
					[0.315092,0,0.356171],
					[0.169261,0,-0.10612],
					[0.376359,0,0.699889]
				],
		"#2-10": [
					[0.799357,0.600856,0.0705754],
					[0.799357,0.600856,-0.353411],
					[0.75497,0.567492,-0.573552],
					[0.000738066,0.000554786,1]
				],
		"#2-11": [
					[0.247664,0.277531,0.400726],
					[-0.0714171,-0.0800295,0.112379],
					[-0.142121,-0.15926,0.111518],
					[0.66582,0.746113,-0.466933]
				],
		"#2-12": [
					[0.475094,0.140467,0.334279],
					[0.320131,0.09465,0.134147],
					[0.497133,0.146983,-0.127573],
					[0.224756,0.0664516,0.786667]
				],
		"#2-13": [
					[-0.00985062,-0.0448811,1],
					[-0.214306,-0.976417,1],
					[0.21438,0.97675,-0.189796],
					[0.0355661,0.162045,0.894626]
				]
		}
	]
}
