{
	"width": 640,
	"height": 491,
	"linearGradients": [
		{
		"#1-1": [
					[0.369021,0.00567024,0.842703],
					[0.364273,0.00559729,0.847486],
					[0.35115,0.00539564,0.861826],
					[0.00998244,0.000153387,0.990071]
				],
		"#1-2": [
					[-0.100191,-0,0.849512],
					[-0.0389049,-0,0.849794],
					[-0.0574996,-0,0.860812],
					[0.00870828,0,0.99]
				],
		"#1-3": [
					[0.830468,0.0633831,0.528554],
					[0.9971,0.0761009,0.491668],
					[0.942719,0.0719504,0.505151],
					[0,0,1]
				],
		"#1-4": [
					[-0.879907,0.475146,0.293154],
					[-0.879907,0.475146,0.275949],
					[-0.879907,0.475146,0.265703],
					[-0,0,1]
				],
		"#1-5": [
					[0.15838,0.148162,0.698303],
					[0.224898,0.210389,0.590207],
					[0.310901,0.290844,0.460862],
					[0,0,1]
				],
		"#1-6": [
					[-0.307241,-0.0153222,0.815401],
					[-0.295504,-0.0147369,0.83205],
					[-0.421162,-0.0210034,0.856224],
					[0.00983936,0.000490692,0.999202]
				],
		"#1-7": [
					[-1,-0,0.449805],
					[-1,-0,0.433765],
					[-1,-0,0.42581],
					[0.01,0,1]
				],
		"#1-8": [
					[-0.650738,-4.97101e-05,0.241068],
					[-0.711295,-5.4336e-05,0.25557],
					[-0.928716,-7.09449e-05,0.306668],
					[0.000461718,3.52708e-08,1]
				],
		"#1-9": [
					[0.344238,0.176783,0.662912],
					[0.385916,0.198187,0.667394],
					[0.416342,0.213812,0.664757],
					[0.00889554,0.0045683,0.99]
				],
		"#1-10": [
					[-0.336334,-0,0.603426],
					[-0.324579,-0,0.651622],
					[-0.289854,-0,0.609482],
					[0,0,0.99006]
				],
		"#1-11": [
					[-0.819388,0.315658,0.827594],
					[-0.735611,0.283384,0.841851],
					[-0.862798,0.332381,0.862165],
					[-0,0,1]
				],
		"#1-12": [
					[-0.9632,-0.268786,0.396936],
					[-0.963171,-0.268778,0.39575],
					[-0.9632,-0.268786,0.39448],
					[0.00931442,0.00259924,0.998792]
				],
		"#1-13": [
					[0.202784,0.146449,0.472266],
					[0.116353,0.0840292,0.583758],
					[0.383906,0.277254,0.300967],
					[0.00810691,0.00585475,0.991911]
				],
		"#1-14": [
					[0.267625,0,0.607216],
					[0.267046,0,0.636546],
					[0.179773,0,0.634096],
					[0.01,0,0.99]
				],
		"#1-15": [
					[-0.186573,-0,0.548306],
					[-0.196175,-0,0.602362],
					[-0.128589,-0,0.548233],
					[0,0,0.990794]
				],
		"#1-16": [
					[0.545467,0.382148,-0.270774],
					[0.498267,0.34908,-0.245126],
					[0.427894,0.299778,-0.199469],
					[0.00819005,0.00573786,1]
				],
		"#1-17": [
					[-0.06905,-0.0253758,0.106869],
					[-0.0720554,-0.0264802,0.103449],
					[-0.0926529,-0.0340498,0.113167],
					[0.00372271,0.00136809,0.991224]
				],
		"#1-18": [
					[0.88511,0.465382,0.0483931],
					[0.88511,0.465382,-0.00311014],
					[0.88511,0.465382,-0.26128],
					[0,0,1]
				],
		"#1-19": [
					[1,0,0.292552],
					[1,0,0.225885],
					[1,0,-0.0745576],
					[0,0,1]
				],
		"#1-20": [
					[0.686177,0.458066,-0.0171093],
					[0.744724,0.49715,-0.0431113],
					[0.787389,0.525631,-0.106202],
					[0,0,1]
				],
		"#1-21": [
					[0.0737198,-0.581739,0.599129],
					[0.0579018,-0.456916,0.525496],
					[0.125718,-0.992066,0.60069],
					[-0.00125718,0.00992066,1]
				],
		"#1-22": [
					[-0.336554,-0,0.290834],
					[-0.335432,-0,0.288009],
					[-0.345893,-0,0.290552],
					[0,0,0.990032]
				],
		"#1-23": [
					[-0.154656,-0.333567,1],
					[-0.186423,-0.402083,1],
					[-0.222925,-0.480811,1],
					[0.00420633,0.00907231,0.990011]
				],
		"#1-24": [
					[-0.795482,-0,1],
					[-1,-0,0.994539],
					[-1,-0,0.929081],
					[0.01,0,1]
				],
		"#1-25": [
					[-0.392215,-0.316014,0.431389],
					[-0.380406,-0.3065,0.416873],
					[-0.385991,-0.311,0.415957],
					[0,0,0.995147]
				],
		"#1-26": [
					[0.111221,0.06947,0.347433],
					[0.117614,0.0734636,0.399808],
					[0.0713337,0.0445561,0.431547],
					[0.00848145,0.00529764,0.99]
				],
		"#1-27": [
					[-0.510068,-0.278057,0.627816],
					[-0.549106,-0.299338,0.636985],
					[-0.592352,-0.322913,0.666395],
					[0,0,0.99]
				],
		"#1-28": [
					[0.0387312,0.0226014,0.316688],
					[0.0461535,0.0269327,0.367467],
					[0.114917,0.0670594,0.293709],
					[0.00863699,0.00504008,0.99]
				],
		"#1-29": [
					[-0.288033,-0.177829,0.584584],
					[-0.281478,-0.173782,0.631263],
					[-0.190656,-0.117709,0.522178],
					[0,0,0.990003]
				],
		"#1-30": [
					[-0.366798,-0.258,0.850662],
					[-0.296467,-0.20853,0.81228],
					[-0.206114,-0.144977,0.639185],
					[0.0079512,0.00559275,0.99]
				],
		"#1-31": [
					[0.0552624,0.0381649,0.282446],
					[0.0899515,0.0621217,0.307771],
					[0.129716,0.0895837,0.256958],
					[0.00822844,0.00568267,0.99]
				],
		"#1-32": [
					[0.140951,0.0640435,0.317207],
					[0.18004,0.0818041,0.335499],
					[0.124131,0.0564009,0.270941],
					[0.00910428,0.00413667,0.99]
				],
		"#1-33": [
					[-0.101045,-0.994882,1],
					[-0.101045,-0.994882,0.944451],
					[-0.101045,-0.994882,0.83145],
					[0.00101045,0.00994882,1]
				],
		"#1-34": [
					[0.148675,0.121303,0.172926],
					[0.11076,0.0903686,0.277181],
					[0.135149,0.110267,0.192142],
					[0.00773447,0.0063105,0.99]
				],
		"#1-35": [
					[0.00692358,0.00894399,0.0683345],
					[-0.0782672,-0.101107,0.193877],
					[-0.159458,-0.20599,0.301685],
					[0.00612129,0.00790758,0.99]
				],
		"#1-36": [
					[-0.210788,-0.283649,0.490745],
					[-0.312682,-0.420763,0.645622],
					[-0.332152,-0.446963,0.65894],
					[0.00596465,0.00802639,0.99]
				],
		"#1-37": [
					[-0.370219,0.019391,0.827046],
					[-0.376348,0.019712,0.845943],
					[-0.532887,0.0279111,0.680921],
					[-0.00998631,0.000523054,0.993747]
				],
		"#1-38": [
					[0.497863,0.185636,0.111791],
					[0.46542,0.173539,0.161872],
					[0.268815,0.100232,0.160214],
					[6.42247e-06,2.39472e-06,1]
				],
		"#1-39": [
					[0.268296,0.962179,-0.105389],
					[0.268596,0.963253,-0.162115],
					[0.268596,0.963253,-0.269277],
					[0,0,1]
				],
		"#1-40": [
					[0.26277,0,0.289077],
					[0.0805515,0,0.475276],
					[-0.231651,-0,0.443902],
					[0.01,0,0.990074]
				],
		"#1-41": [
					[0.256039,0.145532,0.264318],
					[0.215493,0.122486,0.326774],
					[0.105343,0.0598766,0.133023],
					[0.00869377,0.0049415,0.99]
				],
		"#1-42": [
					[0.1953,0.142882,0.318734],
					[0.20948,0.153257,0.340367],
					[0.120928,0.0884717,0.111693],
					[0.0080707,0.00590456,0.99]
				],
		"#1-43": [
					[0.106233,0.0654002,0.392372],
					[0.239067,0.147177,0.302883],
					[0.0290774,0.0179009,0.189756],
					[0.00851565,0.0052425,0.99]
				],
		"#1-44": [
					[0.381327,0.0846151,0.0575986],
					[0.245623,0.0545028,0.165208],
					[0.190838,0.0423462,0.0868637],
					[0,0,1]
				],
		"#1-45": [
					[0.0752003,0.00651874,0.405379],
					[0.170391,0.0147703,0.363746],
					[0.129126,0.0111932,0.111817],
					[0.0055789,0.000483607,0.99]
				],
		"#1-46": [
					[0.0792076,0.0515912,0.424854],
					[0.136952,0.0892028,0.374112],
					[0.225604,0.146945,0.010369],
					[0.00784131,0.00510737,0.99]
				]
		},
		{
		"#2-1": [
					[0.286926,0,0.76622],
					[0.175555,0,0.764912],
					[0.270009,0,0.802947],
					[-0.818289,-0,1]
				],
		"#2-2": [
					[0.0221948,0.00579957,-0.0210466],
					[-0.0404324,-0.0105651,0.043785],
					[0.203175,0.0530901,0.577009],
					[-0.967515,-0.252814,0.9984]
				],
		"#2-3": [
					[-0.0589695,-0.00425451,0.0538404],
					[0.0939723,0.00677989,0.225638],
					[0.384951,0.0277734,0.639865],
					[-0.164224,-0.0118484,0.126441]
				]
		}
	]
}
