{
	"width": 700,
	"height": 700,
	"linearGradients": [
		{
		"#1-1": [
					[1.80845e-08,1.6115e-08,1],
					[1.80845e-08,1.6115e-08,1],
					[1.80845e-08,1.6115e-08,1],
					[0,0,0.99]
				],
		"#1-2": [
					[0.334247,0.10236,0.823848],
					[0.408364,0.125058,0.831143],
					[0.246729,0.0755588,0.824193],
					[0,0,0.99]
				],
		"#1-3": [
					[-0.0939465,-0.0679955,0.567401],
					[-0.428716,-0.310291,0.927277],
					[-0.42149,-0.305062,0.724667],
					[0,0,0.99]
				],
		"#1-4": [
					[0.600723,0,0.780266],
					[0.317484,0,0.884092],
					[0.560871,0,0.764269],
					[0.000548109,0,0.999966]
				],
		"#1-5": [
					[-0.141198,-0.100945,1],
					[-0.0871472,-0.0623032,1],
					[-0.146617,-0.104819,0.975151],
					[0.00800783,0.00572495,0.99]
				],
		"#1-6": [
					[0.36116,0.240737,0.704721],
					[-0.11292,-0.0752687,1],
					[-0.209751,-0.139813,1],
					[0.00832088,0.00554643,0.99]
				],
		"#1-7": [
					[0.521849,0.156784,0.773555],
					[0.430837,0.12944,0.795696],
					[0.491278,0.147599,0.766158],
					[0,0,0.99]
				],
		"#1-8": [
					[0.117146,0.569299,0.554023],
					[0.20155,0.979478,0.196288],
					[0.20155,0.979478,0.19762],
					[0.000220291,0.00107055,1]
				],
		"#1-9": [
					[0.496708,0,0.849503],
					[0.292313,0,0.818099],
					[0.300557,0,0.80793],
					[0.00107027,0,0.99]
				],
		"#1-10": [
					[-0.00363808,0.954115,0.244652],
					[-0.00381301,0.999993,0.0998059],
					[-0.00381301,0.999993,0.0996753],
					[-1.2523e-05,0.00328425,1]
				],
		"#1-11": [
					[0.404681,0.301193,0.704037],
					[0.338629,0.252032,0.712336],
					[0.332955,0.247809,0.71046],
					[0,0,0.99]
				],
		"#1-12": [
					[-0.379148,-0,0.952328],
					[-0.351843,-0,0.489893],
					[-0.351562,-0,0.544448],
					[0,0,1]
				],
		"#1-13": [
					[-0.416858,-0.0561417,0.960001],
					[-0.484922,-0.0653085,0.956719],
					[-0.991052,-0.133473,0.977185],
					[0.00991052,0.00133473,0.990165]
				],
		"#1-14": [
					[-0.122512,0.883779,0.636726],
					[-0.099606,0.718541,0.671632],
					[-0.134728,0.971908,0.525405],
					[-0.000268055,0.0019337,1]
				],
		"#1-15": [
					[-0.1093,0.994009,0.467474],
					[-0.1093,0.994009,0.427019],
					[-0.1093,0.994009,0.266716],
					[-0.000201929,0.00183641,1]
				],
		"#1-16": [
					[0.0396302,0,0.980276],
					[0.0263867,0,0.98333],
					[0.209592,0,0.917462],
					[0.0012418,0,0.998481]
				],
		"#1-17": [
					[0.215312,0.184139,0.762433],
					[0.290435,0.248386,0.58451],
					[0.332319,0.284205,0.536226],
					[0,0,0.99]
				],
		"#1-18": [
					[0.475885,0.310954,0.77017],
					[0.423871,0.276967,0.771493],
					[0.432822,0.282816,0.758028],
					[0,0,0.99]
				],
		"#1-19": [
					[-0.0858077,-0.00678241,0.686498],
					[-0.996891,-0.0787961,0.69714],
					[-0.996891,-0.0787961,0.624961],
					[0.00996891,0.000787961,1]
				],
		"#1-20": [
					[0.510708,0,0.792901],
					[0.323512,0,0.760562],
					[0.347847,0,0.748897],
					[0.000746857,0,0.99]
				],
		"#1-21": [
					[-0.324736,-0,1],
					[-1,-0,0.865285],
					[-1,-0,0.889105],
					[0.01,0,1]
				],
		"#1-22": [
					[0.613844,0,0.733291],
					[0.467701,0,0.517472],
					[0.449199,0,0.481799],
					[0,0,1]
				],
		"#1-23": [
					[0.0285514,0.0196686,0.961683],
					[0.0740662,0.0510232,0.862056],
					[0.0221583,0.0152645,0.806929],
					[0,0,0.990026]
				],
		"#1-24": [
					[0.127011,0.991901,0.277488],
					[0.127011,0.991901,0.0133847],
					[0.127011,0.991901,-0.0423958],
					[8.91319e-05,0.000696083,1]
				],
		"#1-25": [
					[0.0409521,0.23259,0.728286],
					[2.54764e-05,0.000144695,0.879063],
					[0.00574747,0.0326432,0.856945],
					[0,0,0.99]
				],
		"#1-26": [
					[-0.265751,-0.0489252,0.992223],
					[0.371547,0.0684023,0.413656],
					[-0.257333,-0.0473754,0.584672],
					[0.00983472,0.00181059,0.994783]
				],
		"#1-27": [
					[0.116098,0,0.915887],
					[0.233039,0,0.806511],
					[0.216308,0,0.711947],
					[0,0,0.997168]
				],
		"#1-28": [
					[0.37362,0.294842,0.5469],
					[0.362936,0.28641,0.526463],
					[0.348841,0.275287,0.54797],
					[0,0,0.99]
				],
		"#1-29": [
					[0.679208,0.098093,0.591831],
					[0.984128,0.14213,0.368681],
					[0.874513,0.126299,0.447972],
					[0.000624492,9.01906e-05,1]
				],
		"#1-30": [
					[0.423159,0.37981,0.418883],
					[0.734579,0.659327,-0.0203367],
					[0.744197,0.66796,-0.207857],
					[0.00147952,0.00132795,1]
				],
		"#1-31": [
					[-0.34875,0.270339,0.969698],
					[-0.790352,0.612654,0.591307],
					[-0.615339,0.47699,0.498613],
					[-0,0,1]
				],
		"#1-32": [
					[0.421347,0.465704,0.360812],
					[0.154708,0.170994,-0.0943721],
					[0.140183,0.15494,-0.0493104],
					[0,0,1]
				],
		"#1-33": [
					[-0.236116,-0.0499781,1],
					[-0.978324,-0.207079,0.9142],
					[-0.367211,-0.0777266,0.489867],
					[0.00917296,0.00194162,0.997292]
				],
		"#1-34": [
					[0.16655,0.191207,0.702987],
					[0.187405,0.21515,0.633815],
					[0.318976,0.3662,0.367261],
					[6.59876e-06,7.57569e-06,0.990013]
				],
		"#1-35": [
					[0.0237372,0.0164883,0.929777],
					[0.737735,0.512446,-0.129032],
					[0.495032,0.343859,-0.0013289],
					[0,0,0.99]
				],
		"#1-36": [
					[0.327017,-0.945018,1],
					[0.327017,-0.945018,0.714626],
					[0.327017,-0.945018,0.721904],
					[-0.00327017,0.00945018,1]
				],
		"#1-37": [
					[-0.199039,-0.213442,1],
					[-0.107797,-0.115597,0.693516],
					[0.675419,0.724293,-0.647991],
					[0,0,1]
				],
		"#1-38": [
					[-0.464993,0.885314,0.556289],
					[-0.464993,0.885314,0.293021],
					[-0.464993,0.885314,0.31523],
					[-0,0,1]
				],
		"#1-39": [
					[-0.136052,0.609869,0.512361],
					[-0.146242,0.655551,0.35267],
					[-0.149134,0.668512,0.324946],
					[-0.000282684,0.00126717,0.999805]
				],
		"#1-40": [
					[0.132422,0.0774615,0.124608],
					[0.135784,0.0794284,-0.0729179],
					[0.107017,0.0626007,-0.013462],
					[0,0,1]
				],
		"#1-41": [
					[-0.0408425,-0.0222163,0.357403],
					[-0.018011,-0.00979707,0.149241],
					[0.0154641,0.00841168,0.144259],
					[0.00878451,0.00477833,0.99]
				],
		"#1-42": [
					[0.151786,0.0869625,0.161886],
					[-0.0202004,-0.0115734,0.115564],
					[-0.00935261,-0.00535839,0.128336],
					[0.00867681,0.00497121,0.99]
				],
		"#1-43": [
					[0.131131,0.0726667,0.135908],
					[0.0998988,0.0553591,0.000707896],
					[0.0435592,0.0241384,0.066543],
					[0.00874678,0.00484705,0.990358]
				],
		"#1-44": [
					[-0.500097,0.865969,0.483531],
					[-0.500097,0.865969,0.242243],
					[-0.500097,0.865969,0.214532],
					[-0,0,1]
				],
		"#1-45": [
					[-0.338278,-0.215075,1],
					[-0.211216,-0.13429,0.620055],
					[-0.51441,-0.327059,1],
					[0.00843879,0.00536534,0.99]
				]
		},
		{
		"#2-1": [
					[-0.331899,-0.466076,0.998802],
					[-0.530573,-0.745069,1],
					[-0.580066,-0.81457,0.930584],
					[0.580066,0.81457,-0.24404]
				],
		"#2-2": [
					[-0.668864,-0.269862,1],
					[-0.927365,-0.374158,0.959178],
					[-0.927365,-0.374158,0.846959],
					[0.927365,0.374158,-0.015057]
				]
		}
	]
}
