{
	"width": 1000,
	"height": 730,
	"linearGradients": [
		{
		"#1-1": [
					[0.387795,0,0.999267],
					[0.387795,0,0.999267],
					[0.387795,0,0.999267],
					[0,0,0.99]
				],
		"#1-2": [
					[-0.00396933,-0.00261475,1],
					[-0.00503485,-0.00331665,1],
					[-0.00495975,-0.00326718,1],
					[0.00287525,0.00189404,0.99]
				],
		"#1-3": [
					[-0.0450313,-0.0261311,1],
					[0.134444,0.078016,0.857993],
					[0.285467,0.165653,0.760295],
					[0.00864923,0.00501905,0.99]
				],
		"#1-4": [
					[0.00604404,0,0.994976],
					[-0.432196,-0,0.758474],
					[-0.302586,-0,0.142466],
					[0.0032565,0,1]
				],
		"#1-5": [
					[0.00287636,0.0472648,0.971158],
					[0.0250755,0.412045,0.508926],
					[0.0406006,0.667156,-0.117863],
					[4.07719e-07,6.69971e-06,1]
				],
		"#1-6": [
					[0.122654,0.331119,0.867754],
					[0.156077,0.421348,0.808215],
					[0.201436,0.543799,0.74595],
					[0,0,0.99]
				],
		"#1-7": [
					[0.00209915,0.00621261,0.980442],
					[-0.125481,-0.371372,0.956439],
					[-0.154924,-0.458509,0.540389],
					[0.00320106,0.00947382,0.990144]
				],
		"#1-8": [
					[0.0834444,0.0528137,0.944561],
					[-0.479851,-0.303708,1],
					[-0.844977,-0.534803,0.890699],
					[0.00844977,0.00534803,1]
				],
		"#1-9": [
					[0.0636004,0.100179,0.942457],
					[-0.189456,-0.298419,0.762388],
					[-0.535976,-0.844234,0.497708],
					[0.00535976,0.00844234,0.996883]
				],
		"#1-10": [
					[0.0230981,0,0.980148],
					[0.285774,0,0.513347],
					[0.873207,0,-0.171697],
					[0.01,0,0.99]
				],
		"#1-11": [
					[0.00138806,0,0.995663],
					[-0.578729,-0,0.946992],
					[-1,-0,0.667496],
					[0.01,0,0.998694]
				],
		"#1-12": [
					[-0.0127898,-0.0254668,1],
					[-0.0445841,-0.0887751,0.62856],
					[0.0686748,0.136744,0.0138494],
					[0.0034336,0.00683693,0.996398]
				],
		"#1-13": [
					[-0.0306019,-0,1],
					[0.198098,0,0.581314],
					[0.709798,0,-0.158044],
					[0.01,0,0.993751]
				],
		"#1-14": [
					[0.54265,0.160403,0.76173],
					[0.554273,0.163838,0.473557],
					[0.668321,0.19755,0.135053],
					[0,0,1]
				],
		"#1-15": [
					[0.00120927,0.0551937,0.971929],
					[0.0216999,0.990433,0.278407],
					[0.0204726,0.934418,-0.261686],
					[9.85793e-05,0.00449939,1]
				],
		"#1-16": [
					[0.00352033,0.0104322,0.990816],
					[-0.253348,-0.750777,1],
					[0.0112646,0.0333816,-0.0144819],
					[0.00311442,0.00922934,0.995581]
				],
		"#1-17": [
					[-0.131041,-0,1],
					[-0.302923,-0,0.503887],
					[0.00868143,0,-0.00258085],
					[0.01,0,0.990902]
				],
		"#1-18": [
					[-0.798622,-0,1],
					[-1,-0,0.928917],
					[-0.637868,-0,0.455346],
					[0.01,0,0.99]
				],
		"#1-19": [
					[0.164862,0.10521,0.661394],
					[0.207742,0.132575,0.224649],
					[0.27797,0.177392,-0.255359],
					[0,0,0.999883]
				],
		"#1-20": [
					[-0.155933,0.255859,0.28118],
					[-0.520416,0.853913,0.0475909],
					[-0.348711,0.572176,-0.242324],
					[-0.000875578,0.00143668,1]
				],
		"#1-21": [
					[0.22395,0.156214,0.796358],
					[0.0326497,0.0227744,0.801607],
					[-0.472747,-0.329759,1],
					[0.00788174,0.00549781,0.99]
				],
		"#1-22": [
					[-0.00967985,0.467796,0.380823],
					[-0.0104238,0.503749,0.0357239],
					[-0.00618307,0.298808,-0.111921],
					[-7.13445e-06,0.000344785,1]
				],
		"#1-23": [
					[-0.0467884,-0.058091,0.815425],
					[-0.00693082,-0.00860509,0.349561],
					[0.0701661,0.087116,-0.0955195],
					[0.00627272,0.00778801,0.990037]
				],
		"#1-24": [
					[0.0228261,-0.0443919,0.99124],
					[-0.120076,0.233522,0.757675],
					[-0.176549,0.34335,0.335161],
					[-0,0,0.999866]
				],
		"#1-25": [
					[0.0274188,0.131639,0.928417],
					[0.0824171,0.39569,0.407841],
					[0.0145814,0.0700064,0.00668568],
					[0,0,1]
				],
		"#1-26": [
					[0.0369089,0.0292019,0.959431],
					[-0.197781,-0.156482,1],
					[-0.652351,-0.516133,1],
					[0.00784228,0.00620472,0.990033]
				],
		"#1-27": [
					[0.541788,0,0.659145],
					[0.799001,0,0.28435],
					[1,0,-0.45679],
					[0,0,1]
				],
		"#1-28": [
					[0.0608097,0.044881,0.931556],
					[0.361513,0.266817,0.270329],
					[-0.125672,-0.092753,0.126575],
					[0.00804589,0.00593832,0.99]
				],
		"#1-29": [
					[0.521286,0.67238,0.209138],
					[0.612712,0.790306,-0.313705],
					[0.138845,0.179089,0.0113713],
					[0.000292549,0.000377344,1]
				],
		"#1-30": [
					[0.266983,0.402679,0.552031],
					[0.552592,0.833452,0.00759565],
					[0.552592,0.833452,-0.0984726],
					[0.000586978,0.000885314,1]
				],
		"#1-31": [
					[0.00383816,0,0.992546],
					[-0.427911,-0,0.999993],
					[-1,-0,0.822877],
					[0.01,0,0.993102]
				],
		"#1-32": [
					[-0.0865009,-0.0605286,1],
					[-0.536201,-0.375204,0.88346],
					[0.0452208,0.0316431,-0.0405986],
					[0.0081933,0.00573322,0.991825]
				],
		"#1-33": [
					[-0.00440666,-0,0.998816],
					[-0.415699,-0,0.950902],
					[-0.717893,-0,0.637006],
					[0,0,0.990606]
				],
		"#1-34": [
					[-0.00340537,-0.00287738,0.999889],
					[-0.191886,-0.162134,0.911173],
					[0.27186,0.229709,-0.229163],
					[0.00102261,0.000864056,0.991268]
				],
		"#1-35": [
					[0.0457609,0.281974,0.0169227],
					[0.11492,0.708126,-0.296878],
					[-0.0267044,-0.164549,0.187357],
					[0.00157397,0.0096986,0.99]
				],
		"#1-36": [
					[-0.0254364,-0.0181618,0.955915],
					[0.253267,0.180834,0.137733],
					[-0.0599751,-0.0428226,0.0727495],
					[0.00812614,0.00580211,0.99]
				],
		"#1-37": [
					[0.301653,0.0971051,0.496669],
					[-0.00482481,-0.00155316,0.397446],
					[-0.109213,-0.0351568,0.343344],
					[0.00951793,0.00306392,0.99]
				],
		"#1-38": [
					[0.126191,0.0212351,0.87687],
					[0.986135,0.165945,-0.130809],
					[0.986135,0.165945,-0.638698],
					[6.46693e-05,1.08824e-05,1]
				],
		"#1-39": [
					[0.36042,0.194855,0.66214],
					[0.435735,0.235572,0.182848],
					[-0.0892143,-0.0482321,0.0884116],
					[0.00879673,0.0047558,0.99]
				],
		"#1-40": [
					[0.0231932,0.0031905,0.902174],
					[0.439657,0.06048,0.358599],
					[0.602815,0.0829242,0.16642],
					[0.00990671,0.00136278,0.99]
				],
		"#1-41": [
					[0.569877,0,0.292479],
					[0.64062,0,0.088491],
					[0.986995,0,-0.322823],
					[9.57096e-05,0,1]
				],
		"#1-42": [
					[0.913458,0,0.0371948],
					[0.753937,0,0.0643506],
					[0.906544,0,-0.0942831],
					[0.000495727,0,1]
				],
		"#1-43": [
					[0.129145,0.0575415,0.622029],
					[-0.0418211,-0.0186337,0.348545],
					[-0.0218186,-0.00972143,0.0887902],
					[0.00913434,0.00406987,0.99]
				],
		"#1-44": [
					[0.355089,0.0320928,0.61695],
					[0.400503,0.0361972,0.565644],
					[0.378615,0.034219,0.590445],
					[0.00229498,0.000207419,0.991135]
				],
		"#1-45": [
					[0.365039,0.0303678,0.607992],
					[0.397066,0.0330322,0.572229],
					[0.381359,0.0317256,0.589792],
					[0.00169789,0.000141249,0.991036]
				],
		"#1-46": [
					[0.437212,0,0.55907],
					[0.436514,0,0.558447],
					[0.436868,0,0.558754],
					[0,0,0.99]
				]
		},
		{
		"#2-1": [
					[0.0277628,0.0404413,0.946436],
					[-0.201559,-0.293605,0.999876],
					[-0.0590267,-0.0859825,0.109579],
					[0.549402,0.800298,-0.134449]
				],
		"#2-2": [
					[0.623025,5.63025e-05,0.52215],
					[0.0725141,6.55307e-06,0.568877],
					[-0.890377,-8.0463e-05,0.745127],
					[1,9.03696e-05,-0.152803]
				],
		"#2-3": [
					[0.0407441,0.0370387,0.941255],
					[0.192753,0.175223,0.422526],
					[0.552541,0.502291,-0.601502],
					[-0.0139222,-0.012656,1]
				]
		}
	]
}
