{
	"width": 1000,
	"height": 730,
	"linearGradients": [
		{
		"#1-1": [
					[-0.0060709,-0.00316508,1],
					[-0.00526762,-0.00274628,1],
					[-0.0156064,-0.00813641,1],
					[0,0,0.99]
				],
		"#1-2": [
					[-0.00548321,-0,0.998484],
					[0.359227,0,0.633084],
					[1,0,-0.100271],
					[0,0,1]
				],
		"#1-3": [
					[-0.0530456,-0.0228298,1],
					[0.147678,0.0635578,0.583643],
					[0.918542,0.395322,-0.433073],
					[0.00354743,0.00152674,1]
				],
		"#1-4": [
					[-0.00538985,-0.00330639,0.99985],
					[0.852394,0.522899,0.260237],
					[0.852394,0.522899,-0.282116],
					[0,0,1]
				],
		"#1-5": [
					[-0.0199286,-0,1],
					[0.0949839,0,0.565791],
					[0.37629,0,-0.138312],
					[0.01,0,1]
				],
		"#1-6": [
					[0.00651879,0,0.972515],
					[-0.0586822,-0,0.887266],
					[-0.309367,-0,0.741264],
					[0.00999996,0,0.990106]
				],
		"#1-7": [
					[-0.0991222,-0.0742791,1],
					[-0.0943383,-0.0706941,0.607358],
					[0.248,0.185844,-0.189785],
					[0.00800243,0.00599676,0.996163]
				],
		"#1-8": [
					[-0.0045071,-0.00140373,1],
					[0.019023,0.0059247,0.457235],
					[0.0100558,0.00313187,-0.00459474],
					[0.00932045,0.00290285,0.991409]
				],
		"#1-9": [
					[-0.0511781,-0.00995339,1],
					[0.981608,0.190908,-0.158383],
					[0.981608,0.190908,-0.501824],
					[0.00921132,0.00179147,1]
				],
		"#1-10": [
					[-0.0684351,-0,1],
					[-0.266337,-0,0.487116],
					[0.00933033,0,-0.0016295],
					[0.00995201,0,0.993283]
				],
		"#1-11": [
					[-0.0280735,-0.0642611,1],
					[0.400331,0.916371,-0.136625],
					[0.400331,0.916371,-0.523553],
					[0,0,1]
				],
		"#1-12": [
					[1,0,0.266154],
					[1,0,0.187249],
					[1,0,-0.235301],
					[0.01,0,1]
				],
		"#1-13": [
					[0.100005,0.866287,0.369262],
					[0.114679,0.993403,-0.24786],
					[0.114679,0.993403,-0.536251],
					[0,0,1]
				],
		"#1-14": [
					[-0.590087,-0,0.734255],
					[-0.846132,-0,0.990787],
					[-0.255395,-0,0.171344],
					[0.00991608,0,0.990415]
				],
		"#1-15": [
					[0.277888,0,0.825691],
					[-0.438698,-0,1],
					[-0.837102,-0,0.589953],
					[0.0099836,0,0.991559]
				],
		"#1-16": [
					[0.324528,0,0.643588],
					[0.188721,0,0.739533],
					[0.240859,0,0.689695],
					[0,0,0.990988]
				],
		"#1-17": [
					[0.0915871,0,0.917443],
					[-0.524157,-0,0.910196],
					[-0.999947,-0,0.732879],
					[0.0099349,0,0.990858]
				],
		"#1-18": [
					[0.0431012,0.0538295,0.937498],
					[0.13682,0.170875,0.407156],
					[0.0111886,0.0139735,-0.00537167],
					[0.00624814,0.00780335,0.990004]
				],
		"#1-19": [
					[-0.00618605,-0.00385139,1],
					[-0.18155,-0.113032,0.852696],
					[0.642374,0.399937,-0.582059],
					[0.00266459,0.00165896,1]
				],
		"#1-20": [
					[-0.0377726,-0.00744767,1],
					[-0.0772452,-0.0152305,0.915291],
					[-0.0214807,-0.00423537,0.585785],
					[0.00981111,0.00193447,0.99]
				],
		"#1-21": [
					[-0.00202604,-0,0.996373],
					[-0.248647,-0,0.929414],
					[-0.684731,-0,0.637735],
					[0.01,0,0.99]
				],
		"#1-22": [
					[-0.196188,-0,1],
					[0.409515,0,0.0554568],
					[1,0,-0.637493],
					[0.000508527,0,1]
				],
		"#1-23": [
					[-0.0040887,-0.00309986,1],
					[0.559817,0.424426,-0.0196414],
					[0.796871,0.60415,-0.822381],
					[0.00108191,0.000820255,1]
				],
		"#1-24": [
					[-0.0359909,0.11022,0.213773],
					[-0.262126,0.802747,-0.112964],
					[-0.00803448,0.0246052,-0.0146257],
					[-0.00309696,0.00948428,0.990162]
				],
		"#1-25": [
					[-0.00448242,0.0469787,0.948229],
					[-0.0856036,0.897181,0.147171],
					[-0.0255622,0.267908,-0.0923064],
					[-5.55899e-06,5.82618e-05,0.999437]
				],
		"#1-26": [
					[-0.225872,-0,1],
					[0.376651,0,0.365911],
					[1,0,-0.369474],
					[0.00861513,0,1]
				],
		"#1-27": [
					[0.0813309,0,0.916452],
					[-0.142317,-0,1],
					[-0.45506,-0,1],
					[0.01,0,0.99]
				],
		"#1-28": [
					[1,0,-0.417533],
					[1,0,-0.291096],
					[1,0,-0.716714],
					[0.000973113,0,1]
				],
		"#1-29": [
					[0.0844569,0.19981,0.0417928],
					[0.186438,0.44108,-0.131212],
					[0.00926231,0.021913,-0.021447],
					[0.000156641,0.000370585,0.999068]
				],
		"#1-30": [
					[-0.0512615,-0.0104928,1],
					[-0.0329607,-0.00674674,0.916632],
					[0.0147423,0.00301761,0.860756],
					[0.00929792,0.0019032,0.99]
				],
		"#1-31": [
					[0.773202,0,0.123762],
					[0.474322,0,-0.0426228],
					[0.560939,0,-0.298679],
					[4.3588e-05,0,0.999786]
				],
		"#1-32": [
					[-0.0394426,-0.0410123,0.987343],
					[0.0412468,0.0428883,0.788345],
					[0.0685325,0.0712599,0.737458],
					[0.0066071,0.00687005,0.99]
				],
		"#1-33": [
					[-0.0747721,-0,1],
					[0.651229,0,0.176829],
					[1,0,-0.174649],
					[0.00050398,0,1]
				],
		"#1-34": [
					[0.77286,0.347132,-0.122698],
					[0.912211,0.409721,-0.345953],
					[0.912211,0.409721,-0.347894],
					[0.000711768,0.000319692,1]
				],
		"#1-35": [
					[0.00886045,0,0.855666],
					[0.815831,0,-0.196811],
					[0.719222,0,-0.207968],
					[7.13682e-05,0,0.999987]
				],
		"#1-36": [
					[-0.0597855,-0.00750569,0.971075],
					[0.487843,0.0612456,0.21842],
					[0.521464,0.0654666,0.136802],
					[0.00701456,0.000880633,0.993072]
				],
		"#1-37": [
					[-0.00911229,0.0472618,0.959976],
					[0.0644435,-0.334242,0.999614],
					[0.189318,-0.981916,1],
					[-0.00189318,0.00981916,0.997694]
				]
		},
		{
		"#2-1": [
					[0.00262585,-0.0205793,1],
					[0.00757672,-0.0593802,0.639992],
					[-0.126571,0.991958,-0.580453],
					[0.0771066,-0.604298,1]
				],
		"#2-2": [
					[0.0672683,0.00245733,0.977244],
					[-0.674145,-0.0246267,0.726891],
					[-0.999333,-0.0365059,0.276385],
					[0.999333,0.0365059,0.413775]
				],
		"#2-3": [
					[0.0330615,0.0701852,0.952303],
					[-0.0244636,-0.0519331,0.772746],
					[-0.205136,-0.435476,0.213906],
					[0.312586,0.663579,0.457043]
				],
		"#2-4": [
					[-0.0159559,-0.0154902,1],
					[0.00109612,0.00106412,0.541674],
					[0.062846,0.0610116,-0.0940433],
					[-0.0769536,-0.0747074,0.914452]
				],
		"#2-5": [
					[0.0488263,0.046338,0.9533],
					[-0.27057,-0.256782,0.920664],
					[-0.60916,-0.578116,0.454183],
					[0.544648,0.516892,0.38989]
				],
		"#2-6": [
					[0.229946,0,0.403273],
					[0.141532,0,0.300468],
					[0.153808,0,0.472157],
					[-0.0114336,-0,0.0729802]
				],
		"#2-7": [
					[0.986061,0.166387,-0.367711],
					[-0.032408,-0.00546851,0.452448],
					[-0.178277,-0.0300823,0.0713354],
					[0.123187,0.0207865,0.775498]
				],
		"#2-8": [
					[0.011312,0,0.98957],
					[-0.395683,-0,0.999187],
					[0.736916,0,-0.41159],
					[0.164306,0,0.690968]
				],
		"#2-9": [
					[0.24752,0.331748,0.488235],
					[0.418231,0.560548,0.250823],
					[0.564307,0.756332,0.00782366],
					[0.598003,0.801494,-1]
				],
		"#2-10": [
					[0.244925,0.155583,0.532605],
					[0.377826,0.240005,0.176553],
					[0.647864,0.41154,0.197478],
					[0.844096,0.536192,-0.96279]
				],
		"#2-11": [
					[0.142462,0,0.856988],
					[0.543556,0,-0.100085],
					[1,0,-0.844887],
					[-0.912916,-0,1]
				],
		"#2-12": [
					[-0.0677432,-0,1],
					[-0.182679,-0,1],
					[-0.309926,-0,1],
					[-0.235263,-0,1]
				]
		}
	]
}
