{
	"width": 1000,
	"height": 730,
	"linearGradients": [
		{
		"#1-1": [
					[-0.0041044,-0.00260044,1],
					[-0.0041044,-0.00260044,1],
					[-0.0041044,-0.00260044,1],
					[0.00649118,0.00411265,0.99]
				],
		"#1-2": [
					[-0.00550779,-0,0.998488],
					[0.359228,0,0.633084],
					[1,0,-0.100271],
					[0,0,1]
				],
		"#1-3": [
					[-0.0531756,-0.0228864,1],
					[0.1476,0.0635262,0.583617],
					[0.918538,0.395333,-0.433262],
					[0.00322074,0.00138619,1]
				],
		"#1-4": [
					[0.0245996,0.0426355,0.966908],
					[-0.105519,-0.182883,0.89972],
					[-0.499756,-0.866166,0.662932],
					[0.00499756,0.00866166,1]
				],
		"#1-5": [
					[-0.0199287,-0,1],
					[0.0883831,0,0.56882],
					[0.379541,0,-0.139742],
					[0.01,0,1]
				],
		"#1-6": [
					[0.00620465,0.00166524,0.972091],
					[-0.0539745,-0.014486,0.89026],
					[-0.286459,-0.0768816,0.757905],
					[0.0096582,0.00259213,0.99006]
				],
		"#1-7": [
					[-0.0146402,-0.0133439,1],
					[0.0376378,0.034305,0.578193],
					[0.173918,0.158518,-0.0578451],
					[0.00739071,0.00673627,0.990549]
				],
		"#1-8": [
					[-0.0989066,-0.0745126,1],
					[-0.0947438,-0.0713765,0.607939],
					[0.246731,0.185878,-0.189231],
					[0.00798709,0.00601718,0.996167]
				],
		"#1-9": [
					[-0.00448505,-0.00141994,1],
					[0.0191926,0.00607627,0.457445],
					[0.0102742,0.00325275,-0.00406003],
					[0.00953362,0.00301829,0.991844]
				],
		"#1-10": [
					[-0.0512584,-0.00991304,1],
					[0.981808,0.189875,-0.159021],
					[0.981808,0.189875,-0.503241],
					[0.00611925,0.00118342,1]
				],
		"#1-11": [
					[0.02732,0.0130032,0.971269],
					[-0.308391,-0.146781,1],
					[-0.902942,-0.429763,0.853234],
					[0.00902942,0.00429763,0.994915]
				],
		"#1-12": [
					[-0.0525503,-0.0145954,1],
					[-0.186855,-0.0518973,0.472391],
					[0.00812976,0.00225797,-0.00202001],
					[0.00949786,0.00263794,0.991906]
				],
		"#1-13": [
					[-0.0298336,-0.0616635,1],
					[0.435519,0.90018,-0.153021],
					[0.435519,0.90018,-0.539948],
					[0,0,1]
				],
		"#1-14": [
					[0.022638,0,0.94833],
					[0.0141132,0,0.945251],
					[-0.00738147,-0,0.964994],
					[0,0,0.990134]
				],
		"#1-15": [
					[1,0,0.266154],
					[1,0,0.187249],
					[1,0,-0.235301],
					[0.01,0,1]
				],
		"#1-16": [
					[0.254415,0.726547,-0.371032],
					[0.234507,0.669694,-0.202811],
					[0.0804868,0.22985,-0.177534],
					[0.000190753,0.000544742,1]
				],
		"#1-17": [
					[0.100414,0.863325,0.370563],
					[0.115532,0.993304,-0.248308],
					[0.115532,0.993304,-0.536697],
					[0,0,1]
				],
		"#1-18": [
					[-0.00742003,-0.00972761,0.393813],
					[-0.0196392,-0.0257468,0.517736],
					[0.0575958,0.0755077,-0.0803902],
					[0.00416741,0.00546345,0.99027]
				],
		"#1-19": [
					[0.383393,0.058275,0.718681],
					[-0.259398,-0.039428,0.92103],
					[-0.298669,-0.0453971,0.297667],
					[0.00988645,0.00150272,0.99048]
				],
		"#1-20": [
					[0.322859,0,0.645419],
					[0.187791,0,0.740835],
					[0.239647,0,0.691266],
					[0,0,0.996094]
				],
		"#1-21": [
					[0.190099,0.0725505,0.836726],
					[-0.161102,-0.0614839,0.691831],
					[-0.381295,-0.14552,0.370426],
					[0.00934272,0.00356561,0.99]
				],
		"#1-22": [
					[0.113565,0.119419,0.877111],
					[0.149826,0.157549,0.401229],
					[0.0199819,0.0210119,-0.0123632],
					[0.00689123,0.00724645,0.99]
				],
		"#1-23": [
					[-0.00617989,-0.00387506,1],
					[-0.103537,-0.0649221,0.777816],
					[0.617865,0.387428,-0.559259],
					[0.0028751,0.00180281,0.999745]
				],
		"#1-24": [
					[-0.0372805,-0.0101589,0.999957],
					[-0.0740759,-0.0201856,0.913328],
					[-0.0160475,-0.00437294,0.581022],
					[0.00255193,0.0006954,0.994327]
				],
		"#1-25": [
					[-0.0019981,-0,0.996355],
					[-0.248428,-0,0.929386],
					[-0.684431,-0,0.637971],
					[0.01,0,0.990526]
				],
		"#1-26": [
					[0.178293,0.0469481,0.853842],
					[-0.235988,-0.0621402,0.892227],
					[0.134046,0.0352968,-0.0417484],
					[2.63426e-05,6.93653e-06,1]
				],
		"#1-27": [
					[-0.196057,-0,1],
					[0.409898,0,0.0557998],
					[1,0,-0.636652],
					[0.00144716,0,1]
				],
		"#1-28": [
					[-0.00428424,-0.00452128,1],
					[0.687823,0.725878,-0.31745],
					[0.687823,0.725878,-0.827789],
					[0.000733745,0.000774341,1]
				],
		"#1-29": [
					[-0.00245088,-0.00326053,0.998675],
					[0.0273971,0.0364477,0.625085],
					[0.434589,0.578154,-0.517772],
					[0.00216966,0.00288639,0.996158]
				],
		"#1-30": [
					[-0.0288849,0.117549,0.202625],
					[-0.204836,0.833594,-0.181747],
					[-0.00655534,0.0266774,-0.0168787],
					[-0.00238628,0.00971111,0.99]
				],
		"#1-31": [
					[-0.00888216,-0.0115632,0.977882],
					[0.273523,0.356085,0.108072],
					[0.0857255,0.111602,-0.108696],
					[0.000445933,0.000580537,0.999982]
				],
		"#1-32": [
					[-0.225606,-0,1],
					[0.376861,0,0.366155],
					[1,0,-0.368747],
					[0.00978174,0,1]
				],
		"#1-33": [
					[0.0790901,0,0.918304],
					[-0.142177,-0,1],
					[-0.454611,-0,1],
					[0.01,0,0.990135]
				],
		"#1-34": [
					[1,0.000454953,-0.417678],
					[1,0.000454953,-0.291267],
					[1,0.000454953,-0.716844],
					[0.00123278,5.60858e-07,1]
				],
		"#1-35": [
					[-0.00811699,-0.00502391,1],
					[0.804904,0.498186,-0.28308],
					[0.850307,0.526287,-0.783476],
					[0.00248576,0.00153853,1]
				],
		"#1-36": [
					[-0.0107923,-0.00542658,1],
					[0.893416,0.44923,-0.402238],
					[0.893416,0.44923,-0.868726],
					[0.00363559,0.00182806,1]
				],
		"#1-37": [
					[0.0960953,0.210304,0.0229683],
					[0.192251,0.420741,-0.118559],
					[0.0161876,0.0354265,-0.039004],
					[2.33017e-05,5.09958e-05,1]
				],
		"#1-38": [
					[-0.0550846,-0.000879592,1],
					[-0.0188646,-0.00030123,0.901199],
					[0.0619298,0.000988896,0.817973],
					[0.00999873,0.00015966,0.99]
				],
		"#1-39": [
					[0.656557,0,0.223249],
					[0.386347,0,0.0323983],
					[0.433885,0,-0.19033],
					[1.90344e-05,0,1]
				],
		"#1-40": [
					[-0.0316933,-0.026937,1],
					[-0.114208,-0.0970679,1],
					[-0.207918,-0.176715,0.95722],
					[0.00715409,0.00608044,0.99]
				],
		"#1-41": [
					[-0.0604599,-0.0270145,1],
					[0.0806786,0.0360485,0.755123],
					[0.13698,0.0612049,0.679029],
					[0.00759714,0.00339453,0.990012]
				],
		"#1-42": [
					[-0.0747974,-0,1],
					[0.518633,0,0.296534],
					[1,0,-0.17473],
					[0.000312771,0,1]
				],
		"#1-43": [
					[0.538214,0.208344,0.200363],
					[0.728419,0.281973,-0.0772248],
					[0.821307,0.31793,-0.190646],
					[0.00104008,0.000402618,1]
				],
		"#1-44": [
					[0.0359845,0,0.831334],
					[0.563999,0,0.0295436],
					[0.47859,0,0.00834871],
					[0.000220258,0,1]
				],
		"#1-45": [
					[-0.0491667,-0.00902727,0.962066],
					[0.409816,0.0752444,0.282864],
					[0.437318,0.0802939,0.206411],
					[0.00962687,0.00176754,0.990027]
				],
		"#1-46": [
					[0.0299083,0.370948,0.725519],
					[-0.0174614,-0.216571,1],
					[-0.0510088,-0.632654,1],
					[0.000803658,0.00996765,0.992504]
				]
		},
		{
		"#2-1": [
					[-0.000484419,-0.0137686,1],
					[0.00579495,0.16471,0.647097],
					[0.0351611,0.999382,-0.242831],
					[-9.33556e-05,-0.00265344,1]
				],
		"#2-2": [
					[0.0792235,0.00198226,0.973861],
					[-0.599895,-0.01501,0.709852],
					[-0.999687,-0.0250132,0.272649],
					[0.999687,0.0250132,0.422491]
				],
		"#2-3": [
					[0.0441917,0.017783,0.978578],
					[0.927705,0.373314,0.25519],
					[0.927705,0.373314,-0.379041],
					[-0.376748,-0.151606,1]
				]
		}
	]
}
