{
	"width": 383,
	"height": 600,
	"linearGradients": [
		{
		"#1-1": [
					[-0.00651497,-0,1],
					[0.0564915,0,0.9371],
					[0.00531495,0,1],
					[0.01,0,0.990785]
				]
		},
		{
		"#2-1": [
					[0.925985,0.377561,-0.0058629],
					[0.925985,0.377561,0.212082],
					[0.142651,0.0581646,0.721884],
					[0.828355,0.337754,0.346117]
				],
		"#2-2": [
					[0.0662992,0,0.913255],
					[0.437236,0,0.401797],
					[0.779495,0,-0.0262351],
					[0.523065,0,0.257123]
				]
		},
		{
		"#3-1": [
					[-0.959837,-0.280557,0.697492],
					[-0.505343,-0.14771,1],
					[-0.0814604,-0.0238106,0.25609],
					[0.959837,0.280557,0.291565]
				],
		"#3-2": [
					[0.0234082,0.0336023,0.971294],
					[0.228739,0.328354,0.551295],
					[0.571602,0.820531,-0.422328],
					[-0.39987,-0.574011,1]
				]
		},
		{
		"#4-1": [
					[-0.87028,-0.492557,0.949428],
					[-0.602171,-0.340814,1],
					[0.531239,0.300668,0.185526],
					[-0.719494,-0.407216,1]
				]
		}
	]
}
