{
	"width": 700,
	"height": 700,
	"linearGradients": [
		{
		"#1-1": [
					[-0.000184861,-0.000134763,0.999645],
					[-0.000184861,-0.000134763,0.999645],
					[-0.000184861,-0.000134763,0.999645],
					[0,0,0.99]
				],
		"#1-2": [
					[0.507897,0,0.882589],
					[0.532421,0,0.896854],
					[0.359875,0,0.899734],
					[2.76254e-05,0,0.990146]
				],
		"#1-3": [
					[0.31477,0.306198,0.773786],
					[0.377229,0.366956,0.763884],
					[0.300936,0.29274,0.778741],
					[0,0,0.99]
				],
		"#1-4": [
					[-0.613389,-0,0.703182],
					[-0.486119,-0,0.833262],
					[-0.799462,-0,0.720994],
					[0,0,1]
				],
		"#1-5": [
					[0.419486,0.323422,0.752816],
					[0.432221,0.333241,0.74964],
					[0.419782,0.32365,0.735352],
					[0,0,0.99]
				],
		"#1-6": [
					[0.267699,0.409169,0.744287],
					[0.302415,0.46223,0.742195],
					[0.265687,0.406093,0.733529],
					[0,0,0.99]
				],
		"#1-7": [
					[1,0,0.726597],
					[0.581182,0,0.853787],
					[1,0,0.708978],
					[0.00140118,0,1]
				],
		"#1-8": [
					[0.291871,0.213275,0.801123],
					[0.473892,0.346281,0.698084],
					[0.294315,0.215061,0.788785],
					[0,0,0.99]
				],
		"#1-9": [
					[0.41269,0.177599,0.781934],
					[0.490128,0.210923,0.742258],
					[0.576054,0.247901,0.696521],
					[0,0,0.99]
				],
		"#1-10": [
					[0.434973,0.0480885,0.865861],
					[0.445077,0.0492055,0.853715],
					[0.466586,0.0515835,0.845121],
					[0,0,0.99]
				],
		"#1-11": [
					[0.153174,0.347304,0.722574],
					[0.371805,0.843023,0.296211],
					[0.403534,0.914965,0.238541],
					[0.000159997,0.000362773,1]
				],
		"#1-12": [
					[0.523331,0,0.870685],
					[0.315134,0,0.877481],
					[0.31667,0,0.86717],
					[0,0,0.99]
				],
		"#1-13": [
					[-0.0403686,-0.478646,1],
					[-0.0374515,-0.444057,1],
					[-0.0654592,-0.776142,1],
					[0.000840408,0.00996462,0.992378]
				],
		"#1-14": [
					[0.147845,0.34738,0.689663],
					[0.391608,0.920132,0.177794],
					[0.346157,0.813341,0.264302],
					[0.000206468,0.000485123,1]
				],
		"#1-15": [
					[0.222887,0.334713,0.714939],
					[-0.0897404,-0.134765,0.998345],
					[-0.0177676,-0.0266818,0.911513],
					[0.00554261,0.00832343,0.990045]
				],
		"#1-16": [
					[0.494567,0.303526,0.625335],
					[0.0598163,0.0367106,0.941773],
					[0.100835,0.0618844,0.899938],
					[0,0,0.99]
				],
		"#1-17": [
					[1,0,0.698433],
					[1,0,0.673286],
					[1,0,0.649531],
					[0.00401344,0,1]
				],
		"#1-18": [
					[1,0,0.523915],
					[1,0,0.512412],
					[1,0,0.374765],
					[0,0,1]
				],
		"#1-19": [
					[1,0,0.689958],
					[1,0,0.671526],
					[1,0,0.629108],
					[0.00794562,0,0.999948]
				],
		"#1-20": [
					[0.413881,0,0.858246],
					[0.414102,0,0.852776],
					[0.955342,0,0.672959],
					[0,0,1]
				],
		"#1-21": [
					[0.481553,0,0.86601],
					[0.481887,0,0.866711],
					[0.500865,0,0.858615],
					[0,0,0.99]
				],
		"#1-22": [
					[-0.60676,-0.153962,0.888019],
					[-0.969283,-0.245949,0.733921],
					[-0.969283,-0.245949,0.65097],
					[0.00969283,0.00245949,1]
				],
		"#1-23": [
					[0.548961,0,0.82981],
					[0.462912,0,0.820955],
					[0.459314,0,0.81561],
					[0,0,0.99]
				],
		"#1-24": [
					[-0.321019,-0.0746517,1],
					[-0.974011,-0.226502,0.923784],
					[-0.974011,-0.226502,0.939259],
					[0.00974011,0.00226502,1]
				],
		"#1-25": [
					[0.12095,0.124992,0.848729],
					[0.11141,0.115133,0.846406],
					[0.0596409,0.0616339,0.899828],
					[0,0,0.99]
				],
		"#1-26": [
					[-0.0289882,0.618771,0.862369],
					[-0.0276863,0.590981,0.797289],
					[-0.0341214,0.728341,0.776959],
					[-2.72895e-08,5.82511e-07,1]
				],
		"#1-27": [
					[0.362814,0.549911,0.446947],
					[0.0846429,0.128292,0.647619],
					[0.26326,0.399018,0.389017],
					[0.0055044,0.00834294,0.993994]
				],
		"#1-28": [
					[0.229991,0.441768,0.821311],
					[0.197069,0.378532,0.71994],
					[0.187014,0.359217,0.73566],
					[0,0,0.99]
				],
		"#1-29": [
					[0.0829367,0.0316847,0.856103],
					[0.134043,0.0512091,0.708077],
					[0.0864063,0.0330102,0.743841],
					[0.00934151,0.00356878,0.99]
				],
		"#1-30": [
					[0.170238,0.318128,0.646957],
					[0.0189164,0.0353494,0.926707],
					[0.0189721,0.0354536,0.926083],
					[0,0,0.99]
				],
		"#1-31": [
					[0.162893,0,0.892586],
					[0.323567,0,0.754835],
					[0.175024,0,0.725667],
					[0,0,0.99722]
				],
		"#1-32": [
					[0.373941,0.122744,0.680281],
					[0.490399,0.160971,0.480395],
					[0.592492,0.194482,0.461692],
					[0.00950124,0.00311873,0.99]
				],
		"#1-33": [
					[-0.278774,0.330966,0.810189],
					[-0.562228,0.66749,0.599323],
					[-0.600852,0.713345,0.577405],
					[-0.000381522,0.000452952,1]
				],
		"#1-34": [
					[0.0763069,0.153717,0.759362],
					[0.0177686,0.035794,0.792396],
					[0.0409974,0.0825873,0.750508],
					[0,0,0.99]
				],
		"#1-35": [
					[-0.171785,-0.159873,0.996857],
					[-0.302618,-0.281635,0.977508],
					[-0.235288,-0.218973,0.97219],
					[0.0073203,0.00681272,0.996382]
				],
		"#1-36": [
					[-0.195913,-0,1],
					[-1,-0,0.872598],
					[-1,-0,0.825883],
					[0.01,0,0.996218]
				],
		"#1-37": [
					[0.226627,0.0650949,0.747165],
					[0.373121,0.107173,0.534066],
					[0.302803,0.0869754,0.616647],
					[0,0,0.99]
				],
		"#1-38": [
					[0.312151,0.209707,-0.0228442],
					[0.0539689,0.036257,0.0759724],
					[0.0602653,0.040487,0.0844782],
					[8.26547e-05,5.55284e-05,1]
				],
		"#1-39": [
					[0.283793,0.0278583,0.442742],
					[0.206614,0.0202821,0.393454],
					[0.18146,0.0178128,0.413009],
					[0,0,0.99]
				]
		},
		{
		"#2-1": [
					[-0.830213,-0,1],
					[-1,-0,0.416971],
					[-1,-0,0.492938],
					[1,0,0.345889]
				],
		"#2-2": [
					[-0.704664,0.581228,0.974187],
					[-0.771438,0.636305,0.579593],
					[-0.545494,0.449939,0.476668],
					[-0.597106,0.492511,1]
				],
		"#2-3": [
					[-0.85652,-0.000574089,0.999638],
					[0.265482,0.000177941,-0.0745749],
					[-0.426945,-0.000286163,0.270456],
					[1,0.000670257,0.524275]
				],
		"#2-4": [
					[-0.793615,-0,1],
					[-1,-0,0.859379],
					[-0.72599,-0,0.40248],
					[1,0,0.0602179]
				],
		"#2-5": [
					[0.460144,0.141152,0.666094],
					[0.437097,0.134083,0.641244],
					[0.400187,0.12276,0.495709],
					[0.279415,0.0857125,0.192104]
				],
		"#2-6": [
					[-0.548344,-0.275218,1],
					[-0.874625,-0.438981,1],
					[-0.893744,-0.448577,0.813856],
					[0.893744,0.448577,-0.257745]
				],
		"#2-7": [
					[0.402147,0.175764,0.61165],
					[0.381496,0.166738,0.60127],
					[0.39516,0.17271,0.474368],
					[0.278069,0.121534,0.236375]
				],
		"#2-8": [
					[0.43583,0.274648,0.466499],
					[0.360772,0.227348,0.555513],
					[0.219965,0.138616,0.702658],
					[0.192497,0.121306,0.205994]
				],
		"#2-9": [
					[0.390446,0.258686,0.506994],
					[0.361395,0.239438,0.525514],
					[0.320771,0.212523,0.544805],
					[0.287179,0.190268,0.334341]
				],
		"#2-10": [
					[0.81119,0.0483132,0.412207],
					[0.998231,0.0594531,0.255725],
					[0.998231,0.0594531,0.221948],
					[0.475536,0.0283222,0.662828]
				]
		}
	]
}
