{
	"width": 500,
	"height": 500,
	"linearGradients": [
		{
		"#1-1": [
					[0.00221062,0.00234825,-0.00354851],
					[-0.0121053,-0.012859,0.520852],
					[0.249757,0.265306,-0.0132616],
					[0.000995623,0.00105761,1]
				]
		},
		{
		"#2-1": [
					[0.347896,0.0830483,-0.0420128],
					[-0.330476,-0.0788897,0.929415],
					[0.0608673,0.01453,0.0323306],
					[-0.0532037,-0.0127006,0.343939]
				],
		"#2-2": [
					[0.124012,0.168786,0.491014],
					[-0.242898,-0.330594,0.28041],
					[0.272714,0.371176,0.12197],
					[0.17363,0.236318,0.229801]
				]
		},
		{
		"#3-1": [
					[-0.855712,-0.288887,0.985435],
					[0.0368625,0.0124447,-0.0112611],
					[-0.063626,-0.02148,0.270438],
					[-0.0690776,-0.0233205,0.386542]
				],
		"#3-2": [
					[-0.0480801,-0,0.0766142],
					[-0.871494,-0,1],
					[0.0832367,0,-0.00793764],
					[-0.0768554,-0,0.255661]
				]
		},
		{
		"#4-1": [
					[-0.558065,-0.215152,1],
					[0.220295,0.0849309,0.0445826],
					[0.420495,0.162115,-0.0849195],
					[-0.0505894,-0.0195039,0.26169]
				]
		}
	]
}
