{
	"width": 700,
	"height": 700,
	"linearGradients": [
		{
		"#1-1": [
					[0.000932566,0.000251706,1],
					[-0.00620801,-0.00167558,1],
					[-0.00651581,-0.00175866,1],
					[0.00828992,0.00223751,0.99]
				],
		"#1-2": [
					[-0.591376,-0.0110103,0.703205],
					[-0.476614,-0.00887364,0.835328],
					[-0.772845,-0.0143889,0.721591],
					[0,0,0.999611]
				],
		"#1-3": [
					[0.120732,0.326085,0.744502],
					[0.335582,0.906373,0.260469],
					[0.347213,0.937786,0.23521],
					[7.59172e-05,0.000205044,1]
				],
		"#1-4": [
					[-0.575808,-0,1],
					[-1,-0,0.712463],
					[-1,-0,0.764716],
					[0.01,0,1]
				],
		"#1-5": [
					[1,0,0.523917],
					[1,0,0.512412],
					[1,0,0.374765],
					[0,0,1]
				],
		"#1-6": [
					[1,0,0.689933],
					[1,0,0.67149],
					[1,0,0.629047],
					[0.00538398,0,1]
				],
		"#1-7": [
					[0.419795,0,0.856397],
					[0.419254,0,0.85117],
					[0.968782,0,0.668756],
					[0,0,1]
				],
		"#1-8": [
					[-0.534766,-0.117865,0.853382],
					[-0.976562,-0.215238,0.725174],
					[-0.976562,-0.215238,0.642215],
					[0.00976562,0.00215238,1]
				],
		"#1-9": [
					[0.558638,0,0.827138],
					[0.481784,0,0.815745],
					[0.478355,0,0.810354],
					[8.04793e-06,0,0.990029]
				],
		"#1-10": [
					[0.345972,0.59504,0.428558],
					[0.0673602,0.115853,0.659525],
					[0.242525,0.417121,0.385994],
					[0.00371144,0.00638332,0.995559]
				],
		"#1-11": [
					[-0.798369,-0,1],
					[-0.666984,-0,0.373773],
					[-1,-0,0.569691],
					[0.01,0,0.997989]
				],
		"#1-12": [
					[-0.444636,-0,1],
					[-0.730898,-0,1],
					[-1,-0,0.957608],
					[0.01,0,0.996263]
				],
		"#1-13": [
					[0.0607304,0.133107,0.785113],
					[0.00170873,0.00374514,0.828754],
					[0.0255364,0.0559698,0.781663],
					[1.03801e-06,2.27507e-06,0.99]
				],
		"#1-14": [
					[0.339864,0.0383469,0.804784],
					[0.332538,0.0375203,0.792895],
					[0.38545,0.0434903,0.695814],
					[0,0,0.99]
				],
		"#1-15": [
					[-0.196917,-4.45066e-05,1],
					[-1,-0.000226017,0.874163],
					[-1,-0.000226017,0.82752],
					[0.01,2.26017e-06,0.99805]
				],
		"#1-16": [
					[-0.492068,-0.00280968,1],
					[-0.789257,-0.00450661,1],
					[-0.999984,-0.00570985,1],
					[0.00999984,5.70985e-05,0.998283]
				],
		"#1-17": [
					[0.310087,0.139039,0.70774],
					[0.289532,0.129822,0.712134],
					[0.353628,0.158562,0.599356],
					[0,0,0.99]
				],
		"#1-18": [
					[0.324406,0.256014,-0.0486437],
					[0.0289534,0.0228494,0.0944005],
					[0.0353161,0.0278707,0.102691],
					[0.00516482,0.00407596,0.990094]
				]
		},
		{
		"#2-1": [
					[0.484019,0.150102,0.661296],
					[0.534832,0.16586,0.787929],
					[0.383388,0.118894,0.652047],
					[0.371315,0.11515,0.0337775]
				],
		"#2-2": [
					[0.384784,0.279068,0.684844],
					[0.451191,0.327231,0.747464],
					[0.374539,0.271638,0.68331],
					[0.320583,0.232507,0.141495]
				],
		"#2-3": [
					[0.453407,0.340576,0.731202],
					[0.465634,0.349761,0.732998],
					[0.449536,0.337668,0.705326],
					[0.35769,0.268678,0.376242]
				],
		"#2-4": [
					[0.357591,0.339116,0.695889],
					[0.419131,0.397476,0.729456],
					[0.339237,0.321709,0.678334],
					[0.30369,0.288,0.216195]
				],
		"#2-5": [
					[1,9.12688e-05,0.711956],
					[0.603587,5.50887e-05,0.844565],
					[1,9.12688e-05,0.691429],
					[0.449249,4.10025e-05,0.700353]
				],
		"#2-6": [
					[0.390651,0.247976,0.726362],
					[0.521116,0.330792,0.684321],
					[0.386015,0.245033,0.703245],
					[0.310169,0.196888,0.17366]
				],
		"#2-7": [
					[0.426259,0.243408,0.73034],
					[0.484156,0.276469,0.696866],
					[0.556896,0.318006,0.650322],
					[0.376104,0.214768,0.381969]
				],
		"#2-8": [
					[0.478445,0.186468,0.748214],
					[0.488157,0.190253,0.719311],
					[0.500359,0.195009,0.706802],
					[0.294864,0.11492,0.13885]
				],
		"#2-9": [
					[0.485203,0.164863,0.669394],
					[0.279519,0.0949755,0.425167],
					[0.245083,0.0832748,0.329765],
					[0.546343,0.185637,-0.134929]
				],
		"#2-10": [
					[-0.430815,-0.90244,0.912709],
					[-0.257315,-0.539005,0.7412],
					[-0.138128,-0.289341,0.17667],
					[0.430815,0.90244,-0.151931]
				],
		"#2-11": [
					[0.162761,0.381521,0.657301],
					[0.392394,0.919797,0.171456],
					[0.356197,0.834948,0.237721],
					[0.151118,0.354231,0.489906]
				],
		"#2-12": [
					[0.398107,0.0985187,0.477073],
					[-0.0616857,-0.0152652,0.0223508],
					[-0.0336052,-0.00831622,0.0119453],
					[0.970718,0.240222,-0.272597]
				],
		"#2-13": [
					[0.548024,0.257505,0.566371],
					[0.304636,0.143142,0.697947],
					[0.284564,0.133711,0.595245],
					[0.214705,0.100885,-0.0328895]
				],
		"#2-14": [
					[1,0,0.691452],
					[1,0,0.660705],
					[1,0,0.631034],
					[-0.0831837,-0,0.824883]
				],
		"#2-15": [
					[0.515379,0.0934357,0.821202],
					[0.502089,0.0910262,0.834901],
					[0.531688,0.0963925,0.815209],
					[0.354698,0.064305,0.106926]
				],
		"#2-16": [
					[-0.479974,-0.0920768,1],
					[-0.56999,-0.109345,0.372589],
					[-0.603574,-0.115788,0.4124],
					[0.982092,0.188402,0.109747]
				],
		"#2-17": [
					[0.426175,0.239714,0.628113],
					[0.406185,0.22847,0.590316],
					[0.345295,0.19422,0.592702],
					[0.189201,0.106421,0.0389008]
				],
		"#2-18": [
					[0.255909,0.577152,0.759964],
					[0.220306,0.496857,0.67409],
					[0.246134,0.555108,0.6585],
					[0.189802,0.428061,0.494382]
				],
		"#2-19": [
					[0.437445,0.245056,0.669998],
					[0.240203,0.134561,0.362775],
					[0.280646,0.157217,0.380321],
					[0.554214,0.31047,0.0871091]
				],
		"#2-20": [
					[-0.775514,0.63133,0.968502],
					[-0.775514,0.63133,0.496792],
					[-0.431905,0.351605,0.359495],
					[-0.374096,0.304544,0.834034]
				],
		"#2-21": [
					[0.186986,0.189856,0.49971],
					[0.0945887,0.0960405,0.0730322],
					[0.0926529,0.094075,0.136821],
					[0.697567,0.708274,-0.0529702]
				],
		"#2-22": [
					[0.434492,0.169665,0.549898],
					[0.0998393,0.0389863,0.315496],
					[0.0912533,0.0356335,0.303213],
					[0.46575,0.181871,-0.281135]
				],
		"#2-23": [
					[0.41557,0,0.724414],
					[0.884406,0,0.339098],
					[0.0290725,0,0.481894],
					[-0.500481,-0,0.620403]
				],
		"#2-24": [
					[0.544564,0.0789285,0.563474],
					[0.764432,0.110796,0.275046],
					[0.880274,0.127586,0.260159],
					[0.304076,0.0440724,0.625601]
				],
		"#2-25": [
					[0.303057,0,0.503468],
					[-0.046671,-0,0.167922],
					[-0.0775572,-0,0.190535],
					[0.746923,0,-0.287657]
				],
		"#2-26": [
					[0.185027,0.0785899,0.389394],
					[0.0347544,0.0147619,-0.0169143],
					[0.101298,0.0430262,0.118844],
					[0.92029,0.390892,-0.275605]
				],
		"#2-27": [
					[0.276469,0.144651,0.60358],
					[0.345815,0.180932,0.325411],
					[0.306899,0.160572,0.426902],
					[0.42192,0.220751,0.242813]
				],
		"#2-28": [
					[0.447867,0.250966,0.452169],
					[0.39188,0.219593,0.538436],
					[0.259159,0.145222,0.648787],
					[0.10377,0.0581481,0.0876294]
				],
		"#2-29": [
					[0.416431,0.245681,0.499087],
					[0.386721,0.228153,0.515358],
					[0.340132,0.200667,0.526559],
					[0.21721,0.128147,0.236034]
				],
		"#2-30": [
					[0.815105,0.0337646,0.419435],
					[0.999143,0.0413882,0.263593],
					[0.999143,0.0413882,0.221678],
					[0.328412,0.013604,0.573528]
				],
		"#2-31": [
					[0.096384,0.0705593,0.269591],
					[-0.00381836,-0.00279529,0.180246],
					[-0.0216086,-0.0158189,0.199212],
					[0.399786,0.292669,-0.0210702]
				]
		}
	]
}
