{
	"width": 1497,
	"height": 1014,
	"linearGradients": [
		{
		"#1-1": [
					[0.14074,0.037499,0.267209],
					[0.210895,0.0561912,0.362277],
					[0.211863,0.0564492,0.586314],
					[0,0,0.991307]
				],
		"#1-2": [
					[0.46911,0.130291,0.224303],
					[0.445707,0.123791,0.330694],
					[0.363157,0.100864,0.570451],
					[0.00963527,0.00267611,0.990036]
				],
		"#1-3": [
					[-0.928863,-0.370424,0.887463],
					[-0.928863,-0.370424,0.922459],
					[-0.928863,-0.370424,0.76114],
					[0.00928863,0.00370424,1]
				],
		"#1-4": [
					[0.342241,0.0883637,0.435849],
					[0.355568,0.0918045,0.447785],
					[0.337244,0.0870733,0.427729],
					[0.00968248,0.00249993,0.99]
				],
		"#1-5": [
					[0.152508,0.0433552,0.376301],
					[0.293243,0.0833633,0.338984],
					[0.304307,0.0865084,0.151172],
					[0.00961887,0.00273446,0.99]
				],
		"#1-6": [
					[1,0,0.0609726],
					[1,0,0.0779661],
					[1,0,0.0501229],
					[0,0,1]
				],
		"#1-7": [
					[0.0326729,0.113972,0.60127],
					[0.0577464,0.201435,0.583078],
					[-0.00231146,-0.00806301,0.648075],
					[0.00271117,0.00945731,0.990264]
				],
		"#1-8": [
					[0.0781401,0.0264684,0.090052],
					[0.0876953,0.029705,0.100031],
					[-0.155364,-0.0526264,0.201885],
					[0.00947139,0.00320824,0.99]
				],
		"#1-9": [
					[-0.990922,-0.134439,0.969382],
					[-0.987129,-0.133924,1],
					[-0.990922,-0.134439,0.798644],
					[0.00990922,0.00134439,0.997813]
				],
		"#1-10": [
					[0.342987,0.136362,0.336011],
					[0.423962,0.168555,0.368465],
					[0.349816,0.139077,0.559294],
					[0,0,0.995573]
				],
		"#1-11": [
					[0.724068,0,0.170717],
					[0.706422,0,0.186152],
					[0.666847,0,0.184119],
					[0.000265565,0,1]
				],
		"#1-12": [
					[0.263861,0.0329093,0.715593],
					[0.248692,0.0310173,0.732559],
					[0.100138,0.0124894,0.855733],
					[0,0,0.99]
				],
		"#1-13": [
					[0.0864893,0.0589999,0.537836],
					[0.0605901,0.0413324,0.575529],
					[0.0813267,0.0554781,0.545584],
					[0.00826094,0.00563532,0.99]
				],
		"#1-14": [
					[0.988292,0.152574,0.0235354],
					[0.896266,0.138367,0.114992],
					[0.814103,0.125683,0.167381],
					[5.7642e-07,8.89888e-08,1]
				],
		"#1-15": [
					[0.740993,0.671513,0.135721],
					[0.740993,0.671513,0.172545],
					[0.289855,0.262677,0.57719],
					[0.0013509,0.00122423,1]
				],
		"#1-16": [
					[-0.842097,-0,1],
					[-0.829617,-0,1],
					[-0.881676,-0,1],
					[0.01,0,0.99]
				],
		"#1-17": [
					[-0.241943,-0,1],
					[-0.236073,-0,1],
					[-0.262454,-0,1],
					[0.01,0,0.99]
				],
		"#1-18": [
					[-0.600678,-0.156805,0.990431],
					[-0.444588,-0.116058,0.875268],
					[-0.396007,-0.103376,0.805215],
					[0.00967575,0.00252582,0.992226]
				],
		"#1-19": [
					[0.396737,0.280318,0.328198],
					[0.543594,0.38408,0.189643],
					[0.816708,0.577051,-0.101325],
					[0.000792848,0.000560193,0.999996]
				],
		"#1-20": [
					[0.00197146,0.000777042,0.163591],
					[-0.0263395,-0.0103816,0.204268],
					[0.226667,0.0893401,-0.0801552],
					[0.000161741,6.37497e-05,0.993127]
				],
		"#1-21": [
					[0.60843,0.762516,-0.234748],
					[0.446622,0.559731,0.0934277],
					[0.170032,0.213093,0.628393],
					[0.000465566,0.000583472,1]
				],
		"#1-22": [
					[0.103881,0.0153597,0.692749],
					[-0.0214741,-0.00317512,0.840648],
					[-0.164294,-0.0242922,1],
					[0.00989245,0.00146268,0.99]
				],
		"#1-23": [
					[-0.17282,-0.109644,1],
					[-0.160726,-0.101971,1],
					[-0.168068,-0.10663,1],
					[0.00844396,0.0053572,0.990004]
				],
		"#1-24": [
					[0.0492572,0.0686083,0.53179],
					[0.0445241,0.0620158,0.561827],
					[0.0707937,0.0986056,0.357722],
					[0.00583206,0.00812324,0.99]
				],
		"#1-25": [
					[0.24459,0.0878068,0.477732],
					[0.276525,0.0992713,0.467643],
					[0.380462,0.136584,0.293044],
					[0,0,0.99]
				],
		"#1-26": [
					[0.288428,0.131954,0.166237],
					[0.247369,0.11317,0.262493],
					[0.216745,0.0991593,-0.0500064],
					[0.00022009,0.00010069,0.999983]
				],
		"#1-27": [
					[0.202823,0.1155,0.253098],
					[0.178801,0.10182,0.330979],
					[0.177815,0.101259,-0.0260888],
					[6.51284e-07,3.7088e-07,0.998845]
				]
		},
		{
		"#2-1": [
					[0.323028,0.0355802,0.313654],
					[0.365663,0.0402763,0.402027],
					[0.514672,0.0566891,0.640101],
					[0.458076,0.0504552,0.394838]
				],
		"#2-2": [
					[0.310126,0.131813,0.257466],
					[0.369491,0.157045,0.335596],
					[0.424627,0.180479,0.534305],
					[0.420879,0.178887,0.380958]
				],
		"#2-3": [
					[0.339581,0.0093676,0.313554],
					[0.448834,0.0123814,0.403237],
					[0.429118,0.0118375,0.588462],
					[0.463325,0.0127812,0.288817]
				],
		"#2-4": [
					[0.427998,0.198404,0.247584],
					[0.445275,0.206413,0.348653],
					[0.452838,0.209919,0.524829],
					[0.434379,0.201362,0.377902]
				],
		"#2-5": [
					[0.387785,0.222908,0.270864],
					[0.386649,0.222254,0.353038],
					[0.284071,0.163291,0.549745],
					[0.415507,0.238843,0.418522]
				],
		"#2-6": [
					[0.331119,0.159736,0.287482],
					[0.348844,0.168286,0.343977],
					[0.392848,0.189515,0.527854],
					[0.425052,0.20505,0.461027]
				],
		"#2-7": [
					[0.945954,0.266497,0.153881],
					[0.863484,0.243263,0.249802],
					[0.793099,0.223434,0.230901],
					[0.837808,0.23603,0.289086]
				],
		"#2-8": [
					[0.479521,0.150686,0.259373],
					[0.479592,0.150709,0.32687],
					[0.504824,0.158638,0.533357],
					[0.455429,0.143116,0.420577]
				],
		"#2-9": [
					[-0.0918623,-0.338592,0.504937],
					[-0.0809184,-0.298254,0.490901],
					[0.0433084,0.159629,-0.0489327],
					[0.0750446,0.276604,0.58599]
				],
		"#2-10": [
					[0.378878,0.108028,0.287562],
					[0.442947,0.126296,0.339087],
					[0.522328,0.148929,0.52682],
					[0.45067,0.128498,0.432302]
				],
		"#2-11": [
					[0.365808,0.207952,0.214017],
					[0.389028,0.221152,0.320408],
					[0.382963,0.217704,0.525656],
					[0.406114,0.230865,0.318712]
				],
		"#2-12": [
					[0.367155,0.523521,0.133718],
					[0.294586,0.420046,0.262497],
					[0.138281,0.197173,0.588764],
					[0.301887,0.430457,0.324442]
				],
		"#2-13": [
					[0.432145,0.187504,0.234904],
					[0.414544,0.179867,0.326822],
					[0.317394,0.137715,0.480069],
					[0.429813,0.186493,0.374195]
				],
		"#2-14": [
					[0.10125,0.957315,-0.225292],
					[0.0923109,0.872791,-0.0954164],
					[0.105178,0.994453,-0.148556],
					[0.0397507,0.375839,0.417304]
				],
		"#2-15": [
					[0.210087,0.316545,0.270131],
					[0.20952,0.31569,0.314919],
					[0.222799,0.335698,0.430615],
					[0.233693,0.352113,0.383695]
				],
		"#2-16": [
					[0.394979,0.252288,0.294904],
					[0.413091,0.263857,0.365081],
					[0.446015,0.284887,0.507287],
					[0.388781,0.248329,0.356282]
				],
		"#2-17": [
					[-0.00715008,-0.0041273,0.689606],
					[0.116227,0.0670907,0.642663],
					[0.399501,0.230607,0.546954],
					[0.242889,0.140205,0.64636]
				],
		"#2-18": [
					[0.216826,0.256743,0.350518],
					[0.22996,0.272295,0.379426],
					[0.273066,0.323337,0.435693],
					[0.249073,0.294927,0.384134]
				],
		"#2-19": [
					[0.311311,0.116037,0.305314],
					[0.3526,0.131428,0.371987],
					[0.448947,0.16734,0.493612],
					[0.413115,0.153984,0.42679]
				],
		"#2-20": [
					[0.30473,0.119338,0.31093],
					[0.355693,0.139296,0.36269],
					[0.446427,0.174829,0.489904],
					[0.409956,0.160546,0.427198]
				],
		"#2-21": [
					[0.319195,0.104141,0.30954],
					[0.353183,0.11523,0.382062],
					[0.452501,0.147634,0.505157],
					[0.403138,0.131529,0.410581]
				],
		"#2-22": [
					[0.310204,0.116926,0.30058],
					[0.357208,0.134643,0.361332],
					[0.450198,0.169694,0.489747],
					[0.397991,0.150016,0.413414]
				]
		}
	]
}
