{
	"width": 383,
	"height": 600,
	"linearGradients": [
		{
		"#1-1": [
					[-0.00209008,-0,1],
					[0.00910006,0,0.992792],
					[0.0125287,0,0.991812],
					[0,0,1]
				]
		},
		{
		"#2-1": [
					[1,0,0.0663398],
					[0.724727,0,0.302197],
					[0.227449,0,0.727257],
					[0.590088,0,0.465001]
				],
		"#2-2": [
					[0.0623528,0,0.916582],
					[0.45045,0,0.394506],
					[0.716867,0,0.0396661],
					[0.502514,0,0.297977]
				]
		},
		{
		"#3-1": [
					[-0.953424,-0.301633,0.768273],
					[-0.473634,-0.149843,0.981325],
					[-0.234553,-0.0742052,0.391295],
					[0.953424,0.301633,0.3295]
				],
		"#3-2": [
					[0.00134709,0.00214908,0.998458],
					[0.151589,0.241837,0.624537],
					[0.531109,0.847304,-0.410779],
					[-0.390667,-0.62325,1]
				]
		}
	]
}
