{
	"width": 1000,
	"height": 730,
	"linearGradients": [
		{
		"#1-1": [
					[0.416088,0,0.998962],
					[0.416088,0,0.998962],
					[0.416088,0,0.998962],
					[1.36345e-05,0,0.99]
				],
		"#1-2": [
					[-0.00293707,-0.00196202,1],
					[-0.00387968,-0.0025917,1],
					[-0.00433172,-0.00289367,1],
					[0.00132397,0.000884439,0.99]
				],
		"#1-3": [
					[-0.0764488,-0.0177032,1],
					[-0.168145,-0.0389372,1],
					[-0.163307,-0.0378168,0.995319],
					[0.00949438,0.00219861,0.996812]
				],
		"#1-4": [
					[-0.019896,-0.00174135,0.998221],
					[-0.595253,-0.052098,0.83659],
					[-0.625273,-0.0547255,0.333209],
					[0.00276139,0.000241684,1]
				],
		"#1-5": [
					[0.522502,0.210023,0.814816],
					[0.580034,0.233149,0.774586],
					[0.551404,0.221641,0.780347],
					[0,0,0.99]
				],
		"#1-6": [
					[0.173419,0,0.940832],
					[-0.391622,-0,1],
					[-0.622501,-0,1],
					[0.01,0,0.991671]
				],
		"#1-7": [
					[0.0762623,0.0370416,0.957731],
					[-0.213688,-0.103791,0.849937],
					[0.060671,0.0294687,0.240792],
					[0.00899509,0.00436903,0.990018]
				],
		"#1-8": [
					[0.372695,0.196779,0.843281],
					[0.434362,0.229338,0.805215],
					[0.531569,0.280662,0.760986],
					[0,0,0.99]
				],
		"#1-9": [
					[0.493068,0.390386,0.77297],
					[0.403972,0.319844,0.793861],
					[0.34112,0.270081,0.818252],
					[0,0,0.99]
				],
		"#1-10": [
					[-0.000524792,-0.000587001,0.990014],
					[-0.195202,-0.218342,0.741569],
					[-0.393928,-0.440625,0.366715],
					[0.00128731,0.00143991,1]
				],
		"#1-11": [
					[0.112905,0,0.94169],
					[-0.409602,-0,1],
					[-0.766575,-0,1],
					[0.01,0,0.99]
				],
		"#1-12": [
					[0.0259658,0.00900913,0.980633],
					[0.174974,0.0607093,0.688606],
					[0.94475,0.327792,-0.0427703],
					[0,0,1]
				],
		"#1-13": [
					[0.566635,0.0625028,0.776044],
					[0.858774,0.0947271,0.385224],
					[0.993971,0.10964,0.0533338],
					[0,0,1]
				],
		"#1-14": [
					[-0.0332076,0.147933,0.958751],
					[-0.163648,0.729018,0.440878],
					[-0.0711611,0.317009,-0.0332022],
					[-0,0,0.999076]
				],
		"#1-15": [
					[-0.669862,-0.0652404,0.996978],
					[-0.266883,-0.0259927,0.625016],
					[0.509255,0.0495983,-0.0715422],
					[0.00995291,0.000969352,0.997154]
				],
		"#1-16": [
					[0.334393,0.322099,0.510681],
					[0.295868,0.28499,0.560437],
					[0.390477,0.37612,0.431336],
					[0,0,0.99]
				],
		"#1-17": [
					[0.059358,0.0197114,0.933176],
					[0.527205,0.175072,0.0273271],
					[0.00596854,0.00198201,-0.00447932],
					[0.000366995,0.00012187,0.995707]
				],
		"#1-18": [
					[-0.999592,-0,1],
					[-0.811582,-0,0.995763],
					[-1,-0,0.690865],
					[0.01,0,1]
				],
		"#1-19": [
					[0.240453,0.132674,0.794748],
					[0.122705,0.0677045,0.725779],
					[-0.275739,-0.152143,0.817319],
					[0.00875562,0.00483105,0.99]
				],
		"#1-20": [
					[0.0782197,0.15754,0.589076],
					[0.11685,0.235344,0.177451],
					[0.103136,0.207724,-0.122053],
					[0,0,1]
				],
		"#1-21": [
					[-0.0765297,0.490815,0.660532],
					[-0.154062,0.988061,-0.136427],
					[-0.0384321,0.24648,-0.0923986],
					[-0,0,0.999435]
				],
		"#1-22": [
					[-0.0201998,-0.00977762,0.669397],
					[0.113439,0.0549098,0.200849],
					[0.134913,0.0653044,-0.1079],
					[0.00900097,0.00435689,0.990048]
				],
		"#1-23": [
					[0.0378114,0.0582958,0.942236],
					[-0.047358,-0.0730144,0.641577],
					[-0.444311,-0.685018,0.563155],
					[0.00542475,0.00836362,0.994047]
				],
		"#1-24": [
					[-0.0081351,-0.0142356,1],
					[0.206248,0.360914,0.393396],
					[0.34132,0.597278,-0.314367],
					[0,0,0.998856]
				],
		"#1-25": [
					[0.483886,0.327945,0.386444],
					[0.622852,0.422126,-0.172998],
					[0.192744,0.130628,-0.020413],
					[0.000173094,0.000117311,1]
				],
		"#1-26": [
					[0.171958,0.420377,0.604152],
					[0.377681,0.923296,0.0776691],
					[0.378606,0.925558,-0.0485561],
					[0.000931677,0.00227762,1]
				],
		"#1-27": [
					[-0.0033566,-0.000720903,0.999396],
					[-0.36663,-0.0787418,1],
					[0.23983,0.0515088,-0.0427905],
					[0.00965209,0.002073,0.991844]
				],
		"#1-28": [
					[0.64663,0,0.542786],
					[-0.250149,-0,0.972645],
					[-0.66928,-0,1],
					[0.01,0,0.990469]
				],
		"#1-29": [
					[0.0357023,0.0694034,0.927407],
					[-0.160127,-0.311279,0.949045],
					[-0.45744,-0.88924,0.996408],
					[0.0045744,0.0088924,0.993173]
				],
		"#1-30": [
					[0.0314413,0.0137294,0.962289],
					[-0.241085,-0.105274,0.901068],
					[0.0135364,0.00591088,0.0772431],
					[0.00903779,0.0039465,0.99]
				],
		"#1-31": [
					[-0.127075,-0.0872008,1],
					[-0.0723145,-0.0496233,0.366542],
					[0.0433026,0.0297149,-0.0394377],
					[0.00824537,0.00565809,0.99]
				],
		"#1-32": [
					[0.192213,0.00519538,0.747353],
					[0.592808,0.0160232,0.246486],
					[0.729944,0.0197299,0.0861738],
					[0.00999635,0.000270194,0.99]
				],
		"#1-33": [
					[-0.0955166,-0.0615321,1],
					[0.162864,0.104918,0.213739],
					[-0.039536,-0.0254693,0.0751452],
					[0.00840663,0.00541558,0.990176]
				],
		"#1-34": [
					[0.256008,0.0808531,0.754336],
					[0.578435,0.182683,0.130211],
					[0.953574,0.30116,-0.840179],
					[5.84994e-05,1.84754e-05,1]
				],
		"#1-35": [
					[0.343098,0.226865,0.669948],
					[0.338654,0.223927,0.264762],
					[-0.105323,-0.0696425,0.110267],
					[0.00834139,0.00551554,0.99]
				],
		"#1-36": [
					[0.258665,0.122142,0.472756],
					[0.0470956,0.0222385,0.24483],
					[0.0205854,0.0097204,0.0226433],
					[0.00636306,0.00300463,0.99]
				],
		"#1-37": [
					[0.423906,0,0.575155],
					[0.421986,0,0.576556],
					[0.422947,0,0.575855],
					[3.98031e-08,0,0.99]
				],
		"#1-38": [
					[0.424349,0,0.570482],
					[0.42539,0,0.567614],
					[0.423952,0,0.570225],
					[0.00494482,0,0.995042]
				],
		"#1-39": [
					[0.426564,0.0298496,0.546802],
					[0.426243,0.0298272,0.547141],
					[0.426403,0.0298384,0.546971],
					[0.00105613,7.39047e-05,0.991158]
				]
		},
		{
		"#2-1": [
					[0.414895,0.12183,0.935806],
					[0.414895,0.12183,0.935806],
					[0.414895,0.12183,0.935806],
					[0.446877,0.131221,-0.00265543]
				],
		"#2-2": [
					[0.454401,0.143164,0.85059],
					[0.454401,0.143164,0.85059],
					[0.454401,0.143164,0.85059],
					[0.285732,0.0900227,-0.0530934]
				],
		"#2-3": [
					[0.0231513,0.0776519,0.94694],
					[-0.211162,-0.708258,1],
					[-0.206715,-0.693343,0.427741],
					[0.2856,0.957933,0.376475]
				],
		"#2-4": [
					[0.0647139,0.0207951,0.919407],
					[0.359191,0.115422,0.41315],
					[0.952053,0.305932,-0.685599],
					[0.714145,0.229483,0.182855]
				],
		"#2-5": [
					[0.124721,0.180801,0.0232877],
					[0.276297,0.400533,-0.167837],
					[0.0788645,0.114326,-0.160233],
					[-0.00532243,-0.00771564,1]
				],
		"#2-6": [
					[0.369645,0.342799,0.281584],
					[0.084206,0.0780905,0.154699],
					[-0.0461987,-0.0428435,0.109132],
					[0.432887,0.401448,0.338082]
				],
		"#2-7": [
					[0.228811,-0.473061,0.87784],
					[0.435424,-0.900226,0.350326],
					[-0.0481505,0.0995496,0.116765],
					[-0.373055,0.771279,1]
				],
		"#2-8": [
					[0.376368,0.200147,0.469731],
					[0.373674,0.198714,0.472633],
					[0.375021,0.199431,0.471182],
					[0.264689,0.140758,0.328532]
				],
		"#2-9": [
					[0.365863,0.165033,0.48739],
					[0.365863,0.165033,0.48739],
					[0.365863,0.165033,0.48739],
					[0.102566,0.0462651,0.187384]
				],
		"#2-10": [
					[0.248444,0.665532,0.345986],
					[0.349728,0.936851,-0.238704],
					[0.0758394,0.203159,-0.0869636],
					[0.000900681,0.00241275,1]
				]
		}
	]
}
