{
	"width": 700,
	"height": 700,
	"linearGradients": [
		{
		"#1-1": [
					[0.00108819,0.000250674,1],
					[-0.00448507,-0.00103317,1],
					[-0.00762374,-0.00175619,1],
					[0.00831256,0.00191487,0.990003]
				],
		"#1-2": [
					[-0.614007,-0,0.702182],
					[-0.487452,-0,0.832852],
					[-0.800399,-0,0.719999],
					[0,0,0.997449]
				],
		"#1-3": [
					[0.0116916,0.183182,0.867794],
					[0.0636955,0.997969,0.257417],
					[0.0636955,0.997969,0.256533],
					[2.16141e-05,0.000338646,1]
				],
		"#1-4": [
					[-0.576008,-0,1],
					[-1,-0,0.712463],
					[-1,-0,0.764716],
					[0.01,0,1]
				],
		"#1-5": [
					[1,0,0.523915],
					[1,0,0.512412],
					[1,0,0.374765],
					[0,0,1]
				],
		"#1-6": [
					[0.414621,0,0.858015],
					[0.415241,0,0.852421],
					[0.956131,0,0.672712],
					[0,0,1]
				],
		"#1-7": [
					[-0.835093,-0.27632,1],
					[-0.949378,-0.314136,0.752236],
					[-0.949378,-0.314136,0.6693],
					[0.00949378,0.00314136,1]
				],
		"#1-8": [
					[0.563179,0,0.825884],
					[0.48832,0,0.81394],
					[0.484926,0,0.808539],
					[2.23979e-06,0,0.990008]
				],
		"#1-9": [
					[-0.801478,-1.1865e-06,1],
					[-0.759079,-1.12373e-06,0.40329],
					[-1,-1.48039e-06,0.562897],
					[0.01,1.48039e-08,0.990952]
				],
		"#1-10": [
					[-0.444244,-0,1],
					[-0.730258,-0,1],
					[-1,-0,0.957832],
					[0.01,0,0.996609]
				],
		"#1-11": [
					[-0.0118267,-0.0305971,0.967284],
					[-0.0590431,-0.152751,1],
					[-0.0550252,-0.142356,0.999859],
					[0.00358975,0.00928709,0.99]
				],
		"#1-12": [
					[0.167789,0,0.915442],
					[0.183215,0,0.891926],
					[0.404607,0,0.71826],
					[0,0,0.99]
				],
		"#1-13": [
					[-0.19663,-3.15508e-05,1],
					[-1,-0.000160457,0.872769],
					[-1,-0.000160457,0.826058],
					[0.01,1.60457e-06,0.99676]
				],
		"#1-14": [
					[-0.493624,-0.00342887,1],
					[-0.791772,-0.0054999,1],
					[-0.999976,-0.00694615,1],
					[0.00999976,6.94615e-05,0.996482]
				],
		"#1-15": [
					[0.159033,0.0551526,0.854421],
					[0.126295,0.0437991,0.86707],
					[0.284547,0.0986811,0.68306],
					[0,0,0.99]
				],
		"#1-16": [
					[0.427245,0.497669,-0.19168],
					[-0.0479666,-0.0558731,0.177903],
					[-0.0421152,-0.0490572,0.185983],
					[1.25741e-05,1.46468e-05,1]
				]
		},
		{
		"#2-1": [
					[0.432917,0.122639,0.520047],
					[0.521501,0.147734,0.766964],
					[0.290199,0.0822093,0.498268],
					[0.455928,0.129158,-0.0586626]
				],
		"#2-2": [
					[0.294322,0.19984,0.53981],
					[0.431745,0.293148,0.714479],
					[0.278185,0.188883,0.542066],
					[0.348163,0.236397,-0.0467979]
				],
		"#2-3": [
					[0.416407,0.344495,0.733841],
					[0.439323,0.363454,0.730396],
					[0.417357,0.345281,0.701291],
					[0.324973,0.268851,0.316165]
				],
		"#2-4": [
					[0.279805,0.316376,0.641233],
					[0.367244,0.415242,0.70394],
					[0.256972,0.290558,0.602903],
					[0.255281,0.288646,0.0483999]
				],
		"#2-5": [
					[1,0,0.712847],
					[0.598484,0,0.845577],
					[1,0,0.691458],
					[0.287016,0,0.736636]
				],
		"#2-6": [
					[0.305991,0.175651,0.692693],
					[0.551188,0.316404,0.649286],
					[0.294831,0.169245,0.645206],
					[0.283671,0.162838,-0.021348]
				],
		"#2-7": [
					[0.357392,0.193378,0.78001],
					[0.475899,0.2575,0.711535],
					[0.62178,0.336433,0.623319],
					[0.379663,0.205429,0.379432]
				],
		"#2-8": [
					[0.474259,0.155938,0.763042],
					[0.481156,0.158205,0.721458],
					[0.502736,0.165301,0.702548],
					[0.270275,0.0888672,0.0581615]
				],
		"#2-9": [
					[0.092473,0.365032,0.474443],
					[0.00159986,0.00631535,0.00991747],
					[0.00317983,0.0125522,-0.00973168],
					[0.245571,0.969379,-0.622886]
				],
		"#2-10": [
					[-0.472322,-0.881426,0.944838],
					[-0.399044,-0.744679,0.907866],
					[-0.242027,-0.45166,0.332037],
					[0.472322,0.881426,-0.131486]
				],
		"#2-11": [
					[0.00918176,0.288789,0.763771],
					[0.0317779,0.999495,0.193428],
					[0.0317779,0.999495,0.186394],
					[0.00898882,0.282721,0.579022]
				],
		"#2-12": [
					[0.361965,0.0821149,0.521663],
					[-0.209693,-0.0475706,0.0864678],
					[-0.179826,-0.040795,0.0664038],
					[0.97522,0.221237,-0.26138]
				],
		"#2-13": [
					[0.562863,0.20606,0.49092],
					[0.189682,0.069441,0.58521],
					[0.136185,0.0498562,0.39607],
					[0.386805,0.141606,-0.168074]
				],
		"#2-14": [
					[1,0,0.690171],
					[1,0,0.658641],
					[1,0,0.62811],
					[-0.802608,-0,1]
				],
		"#2-15": [
					[1,0,0.690003],
					[1,0,0.67159],
					[1,0,0.629216],
					[0.0115732,0,0.999576]
				],
		"#2-16": [
					[0.502299,0.0165686,0.807625],
					[0.48674,0.0160554,0.839494],
					[0.521045,0.0171869,0.787259],
					[0.3176,0.0104762,-0.0414134]
				],
		"#2-17": [
					[-0.478587,-0.0913219,1],
					[-0.567513,-0.10829,0.370712],
					[-0.606722,-0.115772,0.414567],
					[0.982277,0.187434,0.11056]
				],
		"#2-18": [
					[0.439117,0.252918,0.614957],
					[0.410086,0.236197,0.58062],
					[0.322553,0.185781,0.612077],
					[0.208176,0.119903,0.0280683]
				],
		"#2-19": [
					[-0.378241,0.674476,0.945179],
					[-0.405629,0.723314,0.857585],
					[-0.489129,0.872211,0.858427],
					[-0.196778,0.350893,0.789473]
				],
		"#2-20": [
					[0.734639,0.176326,0.4449],
					[-0.523641,-0.125683,0.830733],
					[0.501333,0.120329,0.28866],
					[0.816061,0.195869,0.293573]
				],
		"#2-21": [
					[0.421635,0.0334383,0.559422],
					[-0.00448318,-0.000355544,0.000659919],
					[0.0873441,0.00692693,0.0109151],
					[0.99687,0.079058,-0.166448]
				],
		"#2-22": [
					[-0.775972,0.630768,0.969316],
					[-0.775972,0.630768,0.497271],
					[-0.424005,0.344663,0.358991],
					[-0.371626,0.302085,0.834197]
				],
		"#2-23": [
					[0.0625945,0.119534,0.491447],
					[-0.0486395,-0.0928844,0.0247721],
					[-0.0484064,-0.0924393,0.0801156],
					[0.4639,0.885887,-0.0170326]
				],
		"#2-24": [
					[0.423876,0.0658642,0.521684],
					[-0.137538,-0.0213713,0.0692657],
					[-0.13498,-0.020974,0.0826291],
					[0.988142,0.153543,-0.462988]
				],
		"#2-25": [
					[0.425703,0,0.715192],
					[0.911816,0,0.318032],
					[-0.0649475,-0,0.51888],
					[-0.536174,-0,0.629484]
				],
		"#2-26": [
					[0.590752,0,0.54368],
					[0.853015,0,0.233779],
					[0.961763,0,0.22457],
					[0.458679,0,0.54166]
				],
		"#2-27": [
					[0.284876,0,0.517116],
					[-0.0242544,-0,0.12943],
					[-0.0788832,-0,0.210122],
					[0.735974,0,-0.282337]
				],
		"#2-28": [
					[0.155711,0.0478359,0.413361],
					[0.0969822,0.0297939,-0.0191911],
					[0.146609,0.0450399,0.125892],
					[0.955881,0.293656,-0.280373]
				],
		"#2-29": [
					[0.118439,0.0686049,0.647033],
					[0.314561,0.182206,0.226889],
					[0.220215,0.127558,0.385623],
					[0.44358,0.256939,0.122405]
				],
		"#2-30": [
					[0.41612,0.217962,0.361797],
					[0.349157,0.182887,0.508794],
					[0.133927,0.07015,0.654466],
					[0.0679095,0.0355706,-0.0172484]
				],
		"#2-31": [
					[0.400247,0.258477,0.488297],
					[0.348776,0.225238,0.519852],
					[0.271417,0.175279,0.545968],
					[0.131467,0.0849004,0.124355]
				],
		"#2-32": [
					[0.999061,0.0433218,0.290565],
					[0.999036,0.0433207,0.261746],
					[0.999061,0.0433218,0.21995],
					[0.138699,0.00601433,0.704958]
				],
		"#2-33": [
					[0.0217689,0.0271787,0.284713],
					[-0.0661828,-0.0826301,0.18409],
					[-0.0970404,-0.121156,0.2324],
					[0.426731,0.532779,-0.267907]
				]
		}
	]
}
