{
	"width": 1000,
	"height": 730,
	"linearGradients": [
		{
		"#1-1": [
					[0.249735,0,0.999528],
					[0.249735,0,0.999528],
					[0.249735,0,0.999528],
					[0,0,0.99]
				],
		"#1-2": [
					[-0.00403625,-0.00258782,1],
					[-0.00512442,-0.00328549,1],
					[-0.0050486,-0.00323688,1],
					[0.00276215,0.00177093,0.99]
				],
		"#1-3": [
					[-0.0443952,-0.0265368,1],
					[0.130952,0.0782756,0.858234],
					[0.278567,0.166511,0.760557],
					[0.00858347,0.00513069,0.99]
				],
		"#1-4": [
					[0.005149,0,0.995253],
					[-0.426597,-0,0.756285],
					[-0.286256,-0,0.136144],
					[0.000564078,0,1]
				],
		"#1-5": [
					[-0.00134858,0.0294046,0.981497],
					[-0.0224957,0.490497,0.479473],
					[-0.0310179,0.676317,-0.105475],
					[-0,0,0.999994]
				],
		"#1-6": [
					[0.0498199,0.241707,0.904498],
					[0.081562,0.395707,0.831304],
					[0.123235,0.597888,0.752336],
					[0,0,0.99]
				],
		"#1-7": [
					[0.00179011,0.0060769,0.980672],
					[-0.121084,-0.411043,0.964983],
					[-0.140493,-0.476932,0.537548],
					[0.00282571,0.00959246,0.9907]
				],
		"#1-8": [
					[0.0844398,0.0512916,0.944835],
					[-0.488878,-0.296961,1],
					[-0.854677,-0.51916,0.887718],
					[0.00854677,0.0051916,1]
				],
		"#1-9": [
					[0.0496585,0.0796399,0.952873],
					[-0.214889,-0.344628,0.78456],
					[-0.529107,-0.848555,0.498371],
					[0.00505664,0.00810958,0.998194]
				],
		"#1-10": [
					[0.023097,0,0.980149],
					[0.285773,0,0.513347],
					[0.873208,0,-0.171698],
					[0.01,0,0.99]
				],
		"#1-11": [
					[0.00145147,0,0.99563],
					[-0.578844,-0,0.946495],
					[-1,-0,0.665811],
					[0.01,0,0.997281]
				],
		"#1-12": [
					[-0.0141098,-0.0207694,1],
					[-0.0369854,-0.0544419,0.618392],
					[0.0744782,0.109631,0.0127768],
					[0.00561946,0.00827174,0.992954]
				],
		"#1-13": [
					[-0.0322269,-0,1],
					[0.198872,0,0.579721],
					[0.712507,0,-0.162429],
					[0.01,0,0.99]
				],
		"#1-14": [
					[0.540164,0.12277,0.771009],
					[0.594264,0.135066,0.465649],
					[0.776001,0.176372,0.101205],
					[0,0,1]
				],
		"#1-15": [
					[0.00148459,0.053869,0.97226],
					[0.0275488,0.99962,0.273355],
					[0.0260295,0.94449,-0.266242],
					[0.000267754,0.00971556,0.99929]
				],
		"#1-16": [
					[0.00415121,0.0127184,0.989505],
					[-0.246461,-0.755103,0.999942],
					[0.011199,0.0343113,-0.0131795],
					[0.0030653,0.00939145,0.997087]
				],
		"#1-17": [
					[-0.129329,-0,1],
					[-0.282534,-0,0.492363],
					[0.0100463,0,-0.00389199],
					[0.01,0,0.990386]
				],
		"#1-18": [
					[-0.791151,-0,1],
					[-1,-0,0.932726],
					[-0.860914,-0,0.560706],
					[0.01,0,0.997106]
				],
		"#1-19": [
					[0.107365,0.0770189,0.711654],
					[0.197356,0.141574,0.22273],
					[0.321106,0.230347,-0.317901],
					[0,0,1]
				],
		"#1-20": [
					[0.182155,0.12276,0.825861],
					[-0.0360633,-0.0243041,0.848276],
					[-0.471601,-0.317826,1],
					[0.0082926,0.00558862,0.99]
				],
		"#1-21": [
					[-0.475657,0.879547,0.303107],
					[-0.445278,0.823372,0.0123419],
					[-0.256794,0.474844,-0.119138],
					[-0,0,1]
				],
		"#1-22": [
					[0.0105748,0.021748,0.725161],
					[0.0199685,0.0410668,0.297995],
					[0.0631906,0.129957,-0.124035],
					[0.00437193,0.00899122,0.990002]
				],
		"#1-23": [
					[0.025693,-0.0503385,0.992575],
					[-0.104122,0.204,0.762042],
					[-0.17953,0.351742,0.326389],
					[-0,0,0.990053]
				],
		"#1-24": [
					[0.0045736,0.133662,0.942676],
					[0.0167228,0.488718,0.424163],
					[0.00698566,0.204153,-0.0263288],
					[0,0,0.999881]
				],
		"#1-25": [
					[0.0109895,0.00764516,0.976538],
					[-0.199112,-0.138519,1],
					[-0.65659,-0.456777,1],
					[0.00820894,0.0057108,0.990026]
				],
		"#1-26": [
					[-0.0161285,0.0563501,0.950976],
					[0.103024,-0.359948,0.969975],
					[0.27517,-0.961396,0.698235],
					[-0.0027517,0.00961396,1]
				],
		"#1-27": [
					[0.0595705,0.0410785,0.933151],
					[0.358368,0.247123,0.276309],
					[-0.12928,-0.0891487,0.128523],
					[0.00823242,0.0056769,0.99]
				],
		"#1-28": [
					[0.259158,0.391883,0.563722],
					[0.551606,0.834105,0.00945893],
					[0.551606,0.834105,-0.098194],
					[0.000995486,0.00150531,1]
				],
		"#1-29": [
					[0.572224,0,0.590791],
					[-0.29341,-0,0.999871],
					[-0.645488,-0,1],
					[0.01,0,0.99]
				],
		"#1-30": [
					[-0.00304579,-0.00171816,1],
					[0.158161,0.0892201,0.509955],
					[0.590308,0.332999,-0.507416],
					[0.00431873,0.00243624,0.994154]
				],
		"#1-31": [
					[0.304517,0.0951258,0.495077],
					[-0.00578633,-0.00180755,0.398333],
					[-0.10842,-0.0338685,0.342111],
					[0.00949313,0.00296549,0.99]
				],
		"#1-32": [
					[0.0472196,0.0080494,0.942842],
					[0.98578,0.168043,-0.13059],
					[0.98578,0.168043,-0.637778],
					[0.00117614,0.000200494,1]
				],
		"#1-33": [
					[0.334489,0.168133,0.687924],
					[0.474587,0.238555,0.151652],
					[-0.128954,-0.0648198,0.123108],
					[0.00893476,0.00449112,0.99]
				],
		"#1-34": [
					[0.0212707,0.00322317,0.903896],
					[0.433751,0.0657269,0.361512],
					[0.595085,0.090174,0.170052],
					[0.00988713,0.00149821,0.99]
				],
		"#1-35": [
					[1,0,-0.0378895],
					[0.856666,0,-0.0251314],
					[0.999394,0,-0.174566],
					[0,0,1]
				],
		"#1-36": [
					[0.0717151,0.0317158,0.683627],
					[-0.0902219,-0.0399004,0.400224],
					[-0.0335602,-0.0148419,0.101308],
					[0.00914556,0.0040446,0.99]
				],
		"#1-37": [
					[0.328819,0.0327936,0.642601],
					[0.385569,0.0384534,0.578981],
					[0.357507,0.0356547,0.610467],
					[0.00320851,0.00031999,0.992288]
				],
		"#1-38": [
					[0.330242,0.0314884,0.641881],
					[0.371042,0.0353787,0.596558],
					[0.350753,0.0334442,0.619104],
					[0.0028946,0.000275999,0.992182]
				],
		"#1-39": [
					[0.391934,0,0.604324],
					[0.391221,0,0.603729],
					[0.391581,0,0.604023],
					[0,0,0.999678]
				]
		},
		{
		"#2-1": [
					[-0.156475,0.246284,0.26899],
					[-0.536264,0.844051,0.0464702],
					[-0.35374,0.556768,-0.258401],
					[0.0414451,-0.0652323,1]
				],
		"#2-2": [
					[0.562061,0.790568,0.129724],
					[0.579441,0.815014,-0.30184],
					[0.141045,0.198388,0.00502985],
					[0.00396805,0.00558128,0.999287]
				],
		"#2-3": [
					[0.0196365,0.0284494,0.960865],
					[-0.200134,-0.289954,1],
					[-0.048187,-0.0698134,0.101077],
					[0.56451,0.817863,-0.14848]
				],
		"#2-4": [
					[0.0118536,0,0.986238],
					[-0.405119,-0,0.939892],
					[0.0188158,0,-0.0130284],
					[1,0,0.17688]
				],
		"#2-5": [
					[-0.0704303,-0.0900639,1],
					[-0.346041,-0.442505,0.773299],
					[0.28284,0.361686,-0.341173],
					[0.33993,0.434691,0.582316]
				],
		"#2-6": [
					[-0.00143839,-0,0.996197],
					[-0.115673,-0,0.69235],
					[0.0439381,0,-0.0189415],
					[0.755508,0,0.339275]
				],
		"#2-7": [
					[0.00230462,0.0946148,0.928465],
					[0.00616259,0.253001,0.429345],
					[0.0102477,0.420712,-0.274605],
					[9.87658e-05,0.00405476,0.870376]
				],
		"#2-8": [
					[0.0727937,0.273461,0.0079659],
					[0.180238,0.677092,-0.315693],
					[-0.0327171,-0.122907,0.160394],
					[0.00138989,0.00522135,0.999011]
				],
		"#2-9": [
					[-0.0376222,-0.0286038,0.96971],
					[0.36047,0.274061,0.00961341],
					[0.0964556,0.0733341,-0.105596],
					[0.174289,0.13251,0.798551]
				],
		"#2-10": [
					[0.591888,0.000173367,0.274282],
					[0.709647,0.000207859,0.0312066],
					[1,0.000292905,-0.334226],
					[0.000367958,1.07777e-07,1]
				]
		}
	]
}
