{
	"width": 1000,
	"height": 730,
	"linearGradients": [
		{
		"#1-1": [
					[-0.00477359,-0.0021613,1],
					[-0.00477359,-0.0021613,1],
					[-0.00477359,-0.0021613,1],
					[0.00733049,0.00331897,0.99]
				],
		"#1-2": [
					[0.000330278,-0.0138755,1],
					[-0.00332012,0.139484,0.666306],
					[-0.0237962,0.999717,-0.234369],
					[-1.68686e-06,7.08678e-05,1]
				],
		"#1-3": [
					[0.0194474,-0.00425803,0.991675],
					[-0.682346,0.1494,0.806671],
					[-0.976859,0.213884,0.523513],
					[-0,0,1]
				],
		"#1-4": [
					[-0.00521909,-0,0.998437],
					[0.359208,0,0.633088],
					[1,0,-0.100271],
					[0,0,1]
				],
		"#1-5": [
					[-0.0533289,-0.0229185,1],
					[0.145537,0.0625453,0.584401],
					[0.91875,0.394839,-0.434381],
					[0.000728624,0.000313131,1]
				],
		"#1-6": [
					[-0.00404356,-0.00249357,0.99917],
					[0.851167,0.524895,0.259604],
					[0.851167,0.524895,-0.282749],
					[0,0,1]
				],
		"#1-7": [
					[0.0259469,0.0441845,0.965839],
					[-0.0964148,-0.164183,0.889963],
					[-0.506382,-0.862309,0.664528],
					[0.00506382,0.00862309,0.999924]
				],
		"#1-8": [
					[-0.0200084,-0,1],
					[0.0968404,0,0.564939],
					[0.375985,0,-0.138178],
					[0.01,0,1]
				],
		"#1-9": [
					[0.00306251,0,0.974178],
					[-0.0650765,-0,0.890341],
					[-0.279106,-0,0.726696],
					[0.01,0,0.990018]
				],
		"#1-10": [
					[-0.0147025,-0.0132126,1],
					[0.0544229,0.0489078,0.565858],
					[0.169895,0.152678,-0.0547486],
					[0.00743789,0.00668414,0.990191]
				],
		"#1-11": [
					[-0.0998659,-0.0734926,1],
					[-0.106437,-0.0783285,0.617975],
					[0.258076,0.189921,-0.197048],
					[0.00805413,0.00592714,0.99635]
				],
		"#1-12": [
					[-0.00457273,-0.00135269,1],
					[0.00935585,0.00276763,0.463045],
					[0.00247296,0.000731544,-0.000705472],
					[0.00425563,0.00125889,0.993613]
				],
		"#1-13": [
					[-0.0515941,-0.0096024,1],
					[0.983118,0.182972,-0.155809],
					[0.983118,0.182972,-0.500159],
					[0.00576715,0.00107335,1]
				],
		"#1-14": [
					[0.00711429,0.00339843,0.982985],
					[-0.309983,-0.148076,1],
					[-0.902334,-0.431037,0.849678],
					[0.00902334,0.00431037,0.990115]
				],
		"#1-15": [
					[-0.0582241,-0.00893458,1],
					[-0.212893,-0.0326687,0.475905],
					[0.00874661,0.00134218,-0.00221338],
					[0.00982285,0.00150733,0.992031]
				],
		"#1-16": [
					[-0.0283342,-0.0639145,1],
					[0.405275,0.914195,-0.138961],
					[0.405275,0.914195,-0.52589],
					[0,0,1]
				],
		"#1-17": [
					[0.0370822,0,0.935545],
					[0.0303495,0,0.930895],
					[0.00322646,0,0.955645],
					[4.0258e-06,0,0.992292]
				],
		"#1-18": [
					[1,0,0.266154],
					[1,0,0.187249],
					[1,0,-0.235301],
					[0.01,0,1]
				],
		"#1-19": [
					[0.135016,0.950663,-0.504406],
					[0.140612,0.990065,-0.434468],
					[0.0571221,0.402203,-0.316834],
					[2.44514e-05,0.000172165,1]
				],
		"#1-20": [
					[0.0963783,0.874421,0.367158],
					[0.109556,0.993981,-0.245155],
					[0.109556,0.993981,-0.533559],
					[0,0,1]
				],
		"#1-21": [
					[-0.265083,-0.0876119,0.616543],
					[-0.379136,-0.125307,0.820087],
					[-0.00332411,-0.00109864,0.0237302],
					[0.00934958,0.00309011,0.990345]
				],
		"#1-22": [
					[0.344371,0,0.785306],
					[-0.438256,-0,0.999763],
					[-0.532437,-0,0.404324],
					[0.01,0,0.990191]
				],
		"#1-23": [
					[0.330887,0,0.638415],
					[0.187856,0,0.741018],
					[0.240845,0,0.690445],
					[0,0,0.99872]
				],
		"#1-24": [
					[0.118375,0.00131212,0.89992],
					[-0.339998,-0.00376869,0.792914],
					[-0.631047,-0.00699481,0.497598],
					[0.00999939,0.000110838,0.990528]
				],
		"#1-25": [
					[0.0592053,0.0688702,0.923683],
					[0.134067,0.155952,0.411904],
					[0.0109535,0.0127416,-0.00513342],
					[0.00538564,0.00626482,0.990724]
				],
		"#1-26": [
					[-0.00611617,-0.00403825,1],
					[-0.199056,-0.131428,0.871576],
					[0.660389,0.436028,-0.605983],
					[0.00269525,0.00177957,1]
				],
		"#1-27": [
					[-0.0381233,-0.00633905,1],
					[-0.0807292,-0.0134235,0.917177],
					[-0.0302807,-0.005035,0.591063],
					[0.00228175,0.000379404,0.992344]
				],
		"#1-28": [
					[-0.00242718,-0,0.99667],
					[-0.257963,-0,0.936354],
					[-0.696178,-0,0.646436],
					[0.00983077,0,0.990431]
				],
		"#1-29": [
					[0.0750261,0.00573804,0.944084],
					[-0.421157,-0.0322103,0.999479],
					[0.300292,0.0229665,-0.145505],
					[0,0,1]
				],
		"#1-30": [
					[-0.196072,-0,1],
					[0.409926,0,0.0557549],
					[1,0,-0.636688],
					[0.00139936,0,1]
				],
		"#1-31": [
					[-0.00397806,-0.0047557,1],
					[0.641609,0.767032,-0.315191],
					[0.641609,0.767032,-0.822782],
					[0.00291079,0.00347979,1]
				],
		"#1-32": [
					[-0.0028423,-0.00487871,1],
					[0.0230281,0.0395268,0.626264],
					[0.37024,0.635504,-0.507201],
					[0.00499231,0.00856912,0.990142]
				],
		"#1-33": [
					[-0.031232,0.0992396,0.219731],
					[-0.26246,0.833967,-0.140082],
					[-0.00380022,0.0120752,-0.00701037],
					[-0.00278462,0.00884813,0.990423]
				],
		"#1-34": [
					[-0.00162938,-0.00360274,0.968618],
					[0.217882,0.481762,0.0950468],
					[0.0669908,0.148124,-0.11097],
					[3.13002e-05,6.92083e-05,1]
				],
		"#1-35": [
					[0.0812852,0,0.91649],
					[-0.14232,-0,1],
					[-0.455071,-0,1],
					[0.01,0,0.99]
				],
		"#1-36": [
					[1,0.000141946,-0.417889],
					[1,0.000141946,-0.291379],
					[1,0.000141946,-0.717228],
					[0.000442864,6.28629e-08,1]
				],
		"#1-37": [
					[-0.00801171,-0.00517012,1],
					[0.81174,0.523833,-0.303898],
					[0.840236,0.542221,-0.784647],
					[0.002424,0.00156426,1]
				],
		"#1-38": [
					[-0.0107893,-0.00542084,1],
					[0.893557,0.448949,-0.401995],
					[0.893557,0.448949,-0.868228],
					[0.00397146,0.00199537,1]
				],
		"#1-39": [
					[0.110014,0.212879,0.0094437],
					[0.234902,0.454538,-0.182633],
					[0.0136302,0.0263746,-0.0290144],
					[0,0,0.99995]
				],
		"#1-40": [
					[-0.0534567,-0.00497626,1],
					[-0.0434716,-0.00404675,0.925347],
					[0.0302653,0.00281739,0.846531],
					[0.00995242,0.000926467,0.99]
				],
		"#1-41": [
					[0.756167,0,0.138128],
					[0.461336,0,-0.0320175],
					[0.542065,0,-0.283186],
					[0.00500513,0,0.99509]
				],
		"#1-42": [
					[-0.0410093,-0.0163905,1],
					[-0.147335,-0.0588862,1],
					[-0.304798,-0.12182,1],
					[0.00926587,0.00370335,0.99]
				],
		"#1-43": [
					[-0.0502828,-0.0395865,0.9966],
					[0.0504199,0.0396945,0.78126],
					[0.0689495,0.0542824,0.744972],
					[0.00649954,0.00511695,0.990136]
				],
		"#1-44": [
					[-0.0747964,-0,1],
					[0.605851,0,0.217744],
					[1,0,-0.174735],
					[0.000265499,0,1]
				],
		"#1-45": [
					[0.623998,0.251488,0.0890566],
					[0.909554,0.366574,-0.306802],
					[0.927506,0.373809,-0.330717],
					[0.00108141,0.000435837,1]
				],
		"#1-46": [
					[0.00717567,0,0.857191],
					[0.692897,0,-0.0863323],
					[0.599906,0,-0.100732],
					[5.90328e-05,0,1]
				],
		"#1-47": [
					[-0.0573413,-0.0100897,0.96944],
					[0.437395,0.0769633,0.255046],
					[0.467094,0.0821892,0.176204],
					[5.79253e-05,1.01925e-05,0.993162]
				],
		"#1-48": [
					[-0.0553863,0.290898,0.85166],
					[0.0646879,-0.339752,1],
					[0.187037,-0.982353,1],
					[-0.00187037,0.00982353,0.991225]
				]
		},
		{
		"#2-1": [
					[-0.2258,-0,1],
					[0.376299,0,0.36628],
					[1,0,-0.369325],
					[0.00886503,0,1]
				]
		}
	]
}
