{
	"width": 1000,
	"height": 730,
	"linearGradients": [
		{
		"#1-1": [
					[-0.00476775,-0.00225536,1],
					[-0.00476775,-0.00225536,1],
					[-0.00476775,-0.00225536,1],
					[0.00169915,0.000803774,0.990002]
				],
		"#1-2": [
					[-0.000446528,-0.0136946,1],
					[0.00543373,0.166647,0.646943],
					[0.0325889,0.999469,-0.239768],
					[0.000126018,0.00386484,1]
				],
		"#1-3": [
					[0.0257144,-0.00708275,0.991906],
					[-0.599985,0.16526,0.785935],
					[-0.964097,0.26555,0.498106],
					[-0,0,1]
				],
		"#1-4": [
					[-0.00578333,-0,0.998536],
					[0.359363,0,0.63306],
					[1,0,-0.100271],
					[0,0,1]
				],
		"#1-5": [
					[-0.0553128,-0.0236896,1],
					[0.147622,0.0632244,0.582766],
					[0.91924,0.393697,-0.435086],
					[0,0,1]
				],
		"#1-6": [
					[0.0697398,0.0428815,0.961757],
					[0.851851,0.523785,0.259958],
					[0.851851,0.523785,-0.282396],
					[0,0,1]
				],
		"#1-7": [
					[0.0253236,0.0425229,0.966616],
					[-0.108524,-0.182231,0.900656],
					[-0.511669,-0.859183,0.6653],
					[0.00511669,0.00859183,0.999322]
				],
		"#1-8": [
					[-0.010757,-0,0.999254],
					[0.100639,0,0.563196],
					[0.377435,0,-0.138816],
					[0.01,0,1]
				],
		"#1-9": [
					[0.00515164,0.00424669,0.971681],
					[-0.0522547,-0.0430755,0.899638],
					[-0.270941,-0.223347,0.802672],
					[0.00771625,0.00636078,0.99]
				],
		"#1-10": [
					[-0.0139423,-0.0150731,1],
					[0.0420737,0.0454863,0.573383],
					[0.167715,0.181318,-0.0594428],
					[0.00679032,0.00734109,0.990479]
				],
		"#1-11": [
					[-0.0982743,-0.0738415,1],
					[-0.0937647,-0.0704531,0.608879],
					[0.248656,0.186836,-0.187177],
					[0.00799469,0.00600707,0.999384]
				],
		"#1-12": [
					[-0.0046431,-0.00122656,1],
					[0.0139806,0.00369323,0.460093],
					[0.000706407,0.00018661,3.47141e-05],
					[0,0,0.995897]
				],
		"#1-13": [
					[-0.0520059,-0.00996619,1],
					[0.982129,0.188211,-0.160196],
					[0.982129,0.188211,-0.50579],
					[0.000418479,8.01956e-05,1]
				],
		"#1-14": [
					[0.0271319,0.0124736,0.971309],
					[-0.313141,-0.143963,1],
					[-0.90828,-0.417572,0.850297],
					[0.0090858,0.0041771,0.99]
				],
		"#1-15": [
					[-0.0498333,-0.0171517,1],
					[-0.175603,-0.0604393,0.470946],
					[0.00737853,0.00253956,-0.00169933],
					[0.00945561,0.00325445,0.991776]
				],
		"#1-16": [
					[-0.0300809,-0.0589877,0.999765],
					[0.454292,0.890853,-0.162368],
					[0.454292,0.890853,-0.549374],
					[0,0,1]
				],
		"#1-17": [
					[0.0226612,0,0.948311],
					[0.0141272,0,0.945242],
					[-0.0073675,-0,0.964984],
					[0,0,0.990196]
				],
		"#1-18": [
					[1,0,0.266154],
					[1,0,0.187249],
					[1,0,-0.235301],
					[0.01,0,1]
				],
		"#1-19": [
					[0.402398,0.439003,-0.197285],
					[0.284087,0.309929,0.0868029],
					[0.0425039,0.0463704,0.00412559],
					[0.000512006,0.000558581,1]
				],
		"#1-20": [
					[0.102999,0.833487,0.384569],
					[0.122643,0.992451,-0.252035],
					[0.122643,0.992451,-0.540405],
					[0,0,1]
				],
		"#1-21": [
					[-0.110693,-0.0562113,0.497066],
					[-0.171595,-0.087138,0.662857],
					[-0.0261352,-0.0132718,0.0483813],
					[0.00891624,0.00452777,0.990014]
				],
		"#1-22": [
					[0.399822,0.123665,0.660454],
					[-0.0362428,-0.0112099,0.765436],
					[-0.155823,-0.048196,0.213771],
					[0.00955346,0.00295488,0.99]
				],
		"#1-23": [
					[0.324435,0,0.643675],
					[0.188661,0,0.739593],
					[0.240863,0,0.689698],
					[0,0,0.991052]
				],
		"#1-24": [
					[0.243306,0.156934,0.782263],
					[-0.0309423,-0.019958,0.598169],
					[-0.215481,-0.138987,0.262214],
					[0.00840356,0.00542035,0.99]
				],
		"#1-25": [
					[0.167499,0.163574,0.832094],
					[0.167972,0.164035,0.387809],
					[0.0276256,0.0269782,-0.0185613],
					[0.0071544,0.00698674,0.99]
				],
		"#1-26": [
					[0.0234923,0.0150869,0.971456],
					[0.00700832,0.00450078,0.671762],
					[0.538405,0.345767,-0.484126],
					[0.00383953,0.00246577,0.999817]
				],
		"#1-27": [
					[-0.037777,-0.00774673,1],
					[-0.0773092,-0.0158534,0.915211],
					[-0.0217527,-0.00446071,0.585394],
					[0.0072819,0.00149326,0.990546]
				],
		"#1-28": [
					[-0.00201324,-0,0.996364],
					[-0.248841,-0,0.929558],
					[-0.685218,-0,0.638097],
					[0.01,0,0.990001]
				],
		"#1-29": [
					[-0.194872,-0,1],
					[0.412477,0,0.0570029],
					[1,0,-0.632202],
					[0.00725839,0,1]
				],
		"#1-30": [
					[-0.00588146,-0.00696498,1],
					[0.328239,0.38871,0.16391],
					[0.645176,0.764034,-0.815476],
					[0.00120874,0.00143143,1]
				],
		"#1-31": [
					[0.0112795,0.110138,0.181792],
					[0.0623504,0.608813,-0.180415],
					[0.00141932,0.0138588,-0.00832312],
					[0,0,1]
				],
		"#1-32": [
					[-0.0153773,-0.0146463,0.984335],
					[0.300489,0.286204,0.118019],
					[0.0948189,0.0903112,-0.106664],
					[0.000108451,0.000103295,1]
				],
		"#1-33": [
					[-0.22694,-0,1],
					[0.376199,0,0.365063],
					[1,0,-0.371794],
					[0.0047331,0,1]
				],
		"#1-34": [
					[0.0747422,0.0146287,0.914436],
					[-0.126845,-0.0248264,1],
					[-0.405434,-0.0793523,1],
					[0.0098138,0.00192077,0.99001]
				],
		"#1-35": [
					[1,0.000208227,-0.418392],
					[0.900282,0.000187463,-0.212752],
					[1,0.000208227,-0.717915],
					[0,0,1]
				],
		"#1-36": [
					[0.0698958,0.211697,0.0429379],
					[0.130251,0.394498,-0.0454175],
					[0.0169543,0.0513505,-0.0536255],
					[0,0,0.99997]
				],
		"#1-37": [
					[-0.0572143,-0.000332208,1],
					[-0.0014071,-8.17014e-06,0.884754],
					[0.0719803,0.000417945,0.808674],
					[0.00799758,4.6437e-05,0.99]
				],
		"#1-38": [
					[0.563157,0,0.303635],
					[0.315981,0,0.092564],
					[0.331102,0,-0.10259],
					[0.000112901,0,1]
				],
		"#1-39": [
					[-0.0619972,-0.024579,1],
					[0.0875784,0.0347207,0.748825],
					[0.150451,0.0596468,0.666745],
					[0.00450169,0.00178471,0.99]
				],
		"#1-40": [
					[-0.0745734,-0.000359021,1],
					[0.41977,0.00202091,0.385428],
					[0.870336,0.00419008,-0.0585463],
					[0.00134991,6.49889e-06,0.999975]
				],
		"#1-41": [
					[0.467506,0.189652,0.277908],
					[0.5869,0.238086,0.0834518],
					[0.647321,0.262597,0.0080622],
					[0.000848468,0.000344195,1]
				],
		"#1-42": [
					[0.0522516,0.00120562,0.816156],
					[0.447881,0.0103341,0.129091],
					[0.368779,0.00850895,0.10305],
					[0.000100467,2.3181e-06,1]
				],
		"#1-43": [
					[-0.0367527,-0.00803277,0.94989],
					[0.372257,0.0813616,0.312732],
					[0.395918,0.086533,0.239476],
					[0.00339153,0.000741262,0.991094]
				],
		"#1-44": [
					[0.239244,0.321013,0.567653],
					[-0.0860941,-0.11552,1],
					[-0.251343,-0.337248,1],
					[0.00597574,0.00801814,0.99]
				]
		},
		{
		"#2-1": [
					[0.321203,0.0959475,0.733293],
					[-0.0246833,-0.00737323,0.753607],
					[0.0420384,0.0125574,0.0453226],
					[0.318973,0.0952815,0.538091]
				],
		"#2-2": [
					[0.379556,0.240462,0.442232],
					[0.333347,0.211187,0.373202],
					[0.333677,0.211396,0.594601],
					[0.749478,0.474819,-0.883622]
				],
		"#2-3": [
					[0.366154,0.19209,0.483449],
					[0.424597,0.222751,0.438058],
					[0.528806,0.27742,0.388825],
					[0.885538,0.464567,-0.93518]
				],
		"#2-4": [
					[0.429298,0.0688872,0.468198],
					[0.315192,0.0505771,0.703079],
					[0.237566,0.038121,0.783072],
					[0.987369,0.158438,-0.997222]
				],
		"#2-5": [
					[0.0358792,0.0849974,0.850653],
					[-0.0565457,-0.133956,1],
					[-0.00973666,-0.023066,0.758282],
					[0.0192449,0.0455909,0.752276]
				]
		}
	]
}
