{
	"width": 1497,
	"height": 1014,
	"linearGradients": [
		{
		"#1-1": [
					[0.17517,0.0576182,0.263187],
					[0.268585,0.088345,0.353671],
					[0.272698,0.0896979,0.576412],
					[0.00949931,0.00312459,0.993417]
				],
		"#1-2": [
					[0.287443,0.0581626,0.287344],
					[0.30999,0.062725,0.380866],
					[0.50742,0.102674,0.581346],
					[0.00967682,0.00195806,0.990597]
				],
		"#1-3": [
					[0.0869308,0.0532152,0.299589],
					[0.225131,0.137816,0.338031],
					[0.245879,0.150516,0.548249],
					[0.00852885,0.00522099,0.99]
				],
		"#1-4": [
					[0.463735,0.12411,0.228699],
					[0.439743,0.117688,0.335202],
					[0.396223,0.106041,0.561252],
					[0.00966003,0.00258531,0.99]
				],
		"#1-5": [
					[0.261204,0.0669916,0.254855],
					[0.424353,0.108835,0.346017],
					[0.302473,0.0775759,0.575328],
					[0.00968649,0.00248432,0.991165]
				],
		"#1-6": [
					[0.527775,0.204103,0.220465],
					[0.527456,0.203979,0.323662],
					[0.400892,0.155034,0.549888],
					[0,0,1]
				],
		"#1-7": [
					[0.442661,0.328339,0.189183],
					[0.366744,0.272029,0.309857],
					[-0.174362,-0.129331,0.715931],
					[0.00797492,0.00591532,0.997152]
				],
		"#1-8": [
					[0.284296,0.201709,0.227811],
					[0.261853,0.185785,0.321438],
					[0.218609,0.155104,0.56491],
					[0.00815574,0.00578652,0.99]
				],
		"#1-9": [
					[0.751189,0.237648,0.11923],
					[0.661282,0.209204,0.237153],
					[0.496399,0.157042,0.522276],
					[0,0,1]
				],
		"#1-10": [
					[0.034622,-0.270383,0.457582],
					[0.0328109,-0.256239,0.48259],
					[0.00213773,-0.0166948,0.230683],
					[-0.00127011,0.00991901,0.99]
				],
		"#1-11": [
					[0.475772,0.04974,0.31848],
					[0.625417,0.0653848,0.365776],
					[0.630393,0.065905,0.579415],
					[0,0,1]
				],
		"#1-12": [
					[0.359521,0.203813,0.226337],
					[0.370568,0.210075,0.329741],
					[0.240424,0.136297,0.575751],
					[0.00869935,0.00493167,0.99]
				],
		"#1-13": [
					[0.468147,0.554117,0.0316545],
					[0.366943,0.434327,0.197953],
					[0.160365,0.189813,0.578296],
					[0.00645363,0.00763876,0.990846]
				],
		"#1-14": [
					[0.0171713,0.734352,-0.106476],
					[0.0111184,0.475492,0.199591],
					[0.00354253,0.151501,0.665773],
					[0,0,0.993024]
				],
		"#1-15": [
					[0.472631,0.411554,0.242083],
					[0.473863,0.412627,0.329114],
					[0.469225,0.408588,0.513694],
					[0,0,1]
				],
		"#1-16": [
					[0.140836,0.0806148,0.557888],
					[0.212554,0.121666,0.555722],
					[0.378774,0.216811,0.555119],
					[0.00867879,0.00496776,0.990357]
				],
		"#1-17": [
					[-0.154764,0.771184,-0.00624246],
					[-0.129083,0.643215,0.165929],
					[-0.0980854,0.488755,0.440687],
					[-8.5386e-05,0.000425474,1]
				],
		"#1-18": [
					[0.320322,0.0891429,0.320972],
					[0.343116,0.0954862,0.402664],
					[0.446736,0.124323,0.524008],
					[0,0,0.99]
				],
		"#1-19": [
					[0.344944,0.133241,0.334456],
					[0.427298,0.165051,0.366262],
					[0.352831,0.136288,0.557435],
					[0,0,0.994049]
				],
		"#1-20": [
					[0.292714,0.0972827,0.33237],
					[0.363569,0.120831,0.370881],
					[0.4393,0.146,0.51069],
					[0,0,0.99]
				],
		"#1-21": [
					[0.374345,0.0647707,0.316192],
					[0.357143,0.0617945,0.42539],
					[0.455968,0.0788935,0.557399],
					[0,0,0.99]
				],
		"#1-22": [
					[0.335661,0.120349,0.28566],
					[0.375006,0.134456,0.351236],
					[0.439713,0.157656,0.498663],
					[0,0,0.992595]
				],
		"#1-23": [
					[0.741124,0.671368,0.135409],
					[0.741124,0.671368,0.172266],
					[0.216465,0.19609,0.634616],
					[0.000424675,0.000384704,1]
				],
		"#1-24": [
					[-0.241943,-0,1],
					[-0.236073,-0,1],
					[-0.262454,-0,1],
					[0.01,0,0.99]
				],
		"#1-25": [
					[0.707137,0.707076,-0.268493],
					[0.707137,0.707076,-0.200714],
					[0.053666,0.0536614,0.825295],
					[0.000619092,0.000619038,0.999984]
				],
		"#1-26": [
					[-0.00090456,-0,0.789094],
					[-0.220281,-0,1],
					[-0.187678,-0,1],
					[0.01,0,0.99]
				],
		"#1-27": [
					[-0.243524,-0,1],
					[-0.226432,-0,1],
					[-0.23676,-0,1],
					[0.01,0,0.99]
				],
		"#1-28": [
					[-0.00710006,0.0744881,0.576645],
					[-0.00646849,0.0678623,0.602065],
					[-0.0100518,0.105456,0.42303],
					[-0.000948879,0.00995488,0.99005]
				],
		"#1-29": [
					[0.0860393,0.0373049,0.654488],
					[0.149793,0.0649471,0.605036],
					[0.469477,0.203555,0.171625],
					[0.00854987,0.00370705,0.99]
				],
		"#1-30": [
					[0.327454,0.131852,0.129349],
					[0.282157,0.113613,0.229341],
					[0.243537,0.098062,-0.0749744],
					[0,0,0.999802]
				],
		"#1-31": [
					[0.241424,0.115915,0.2132],
					[0.213387,0.102454,0.295091],
					[0.210579,0.101105,-0.060561],
					[4.53515e-05,2.17747e-05,0.996584]
				]
		},
		{
		"#2-1": [
					[0.966769,0.255651,-0.00526622],
					[0.94877,0.250891,0.1001],
					[0.580624,0.153539,0.302248],
					[0.0143056,0.00378295,0.813265]
				],
		"#2-2": [
					[0.603388,0.612358,-0.0897223],
					[0.430614,0.437016,0.148234],
					[-0.133852,-0.135842,0.782801],
					[0.271358,0.275392,0.765423]
				],
		"#2-3": [
					[-0.92826,-0.371933,0.681196],
					[-0.92826,-0.371933,0.728309],
					[-0.92826,-0.371933,0.511573],
					[0.92826,0.371933,0.267091]
				],
		"#2-4": [
					[0.255117,0.96686,-0.343415],
					[0.227855,0.863539,-0.177087],
					[0.219034,0.83011,-0.0560665],
					[0.0734024,0.278185,0.682194]
				],
		"#2-5": [
					[0.0617274,0.0622076,0.20199],
					[0.074448,0.0750271,0.225326],
					[0.0721155,0.0726765,0.177274],
					[0.668611,0.673813,0.135552]
				],
		"#2-6": [
					[-0.0407466,-0.0393149,0.343709],
					[0.171076,0.165065,0.229132],
					[0.359899,0.347254,-0.135895],
					[0.456868,0.440815,0.464183]
				],
		"#2-7": [
					[1,0,-0.421279],
					[1,0,-0.388356],
					[1,0,-0.43988],
					[-1,-0,0.951543]
				],
		"#2-8": [
					[-0.743763,-0,0.367433],
					[-0.553665,-0,0.326709],
					[-1,-0,0.48325],
					[1,0,-0.11058]
				],
		"#2-9": [
					[0.0152531,0.0196465,0.025492],
					[0.0161156,0.0207575,0.0423681],
					[-0.271604,-0.349836,0.298005],
					[0.61325,0.789889,0.227763]
				],
		"#2-10": [
					[-0.926744,-0.375692,0.958338],
					[-0.926744,-0.375692,0.999518],
					[-0.926744,-0.375692,0.76015],
					[0.926744,0.375692,0.215068]
				],
		"#2-11": [
					[1,0.000457209,0.0134569],
					[1,0.000457209,0.0191167],
					[1,0.000457209,-0.00513965],
					[-0.0137031,-6.26519e-06,1]
				],
		"#2-12": [
					[0.559388,0.0180412,0.391579],
					[0.520461,0.0167858,0.43282],
					[0.170989,0.0055147,0.697416],
					[-0.32783,-0.0105731,0.583766]
				],
		"#2-13": [
					[-0.35267,-0.0107348,0.207347],
					[-0.413948,-0.0126,0.264845],
					[-0.371862,-0.0113189,0.219366],
					[0.999537,0.0304245,-0.217197]
				],
		"#2-14": [
					[0.976874,0.213817,-0.0622954],
					[0.9725,0.21286,-0.0309833],
					[0.881905,0.19303,0.0257104],
					[-0.33061,-0.0723635,1]
				],
		"#2-15": [
					[-0.922983,-0.38484,0.953114],
					[-0.922983,-0.38484,0.967374],
					[-0.922983,-0.38484,0.914031],
					[0.922983,0.38484,-0.319512]
				],
		"#2-16": [
					[-0.980475,-0.196645,0.850347],
					[-0.980475,-0.196645,0.897105],
					[-0.98002,-0.196554,0.847119],
					[0.980475,0.196645,-0.280461]
				],
		"#2-17": [
					[0.675147,0.386922,0.0547764],
					[0.867456,0.497132,-0.121777],
					[0.867621,0.497227,-0.0909834],
					[0.00151663,0.000869167,0.999723]
				],
		"#2-18": [
					[0.00342708,0.00364685,0.0635658],
					[-0.0218788,-0.0232819,0.111186],
					[0.23023,0.244995,-0.260733],
					[0.0210225,0.0223707,0.861356]
				]
		}
	]
}
