{
	"width": 700,
	"height": 700,
	"linearGradients": [
		{
		"#1-1": [
					[0.0010376,0,1],
					[-0.0217091,-0,1],
					[-0.0180236,-0,1],
					[0.01,0,0.990012]
				],
		"#1-2": [
					[-0.0666099,-0.147678,0.603365],
					[-0.215514,-0.477807,0.960421],
					[-0.213325,-0.472953,0.760371],
					[0.00408815,0.00906365,0.99]
				],
		"#1-3": [
					[0.437699,0,0.862839],
					[0.163425,0,0.847286],
					[0.182339,0,0.834732],
					[0.00898675,0,0.99]
				],
		"#1-4": [
					[0.0209402,0.999781,0.206302],
					[0.0209402,0.999781,0.094452],
					[0.0209402,0.999781,0.0943215],
					[7.87912e-05,0.00376185,1]
				],
		"#1-5": [
					[-0.608316,-0.00685875,0.990175],
					[-0.703169,-0.00792822,0.990587],
					[-0.999936,-0.0112743,0.928354],
					[0.00999936,0.000112743,0.997886]
				],
		"#1-6": [
					[-0.124893,0.99217,0.47208],
					[-0.124893,0.99217,0.431599],
					[-0.124893,0.99217,0.271193],
					[-1.54937e-05,0.000123084,1]
				],
		"#1-7": [
					[0.0677708,0,0.971567],
					[0.0581436,0,0.973501],
					[0.303584,0,0.888357],
					[0,0,0.999996]
				],
		"#1-8": [
					[-0.287579,-0.0567483,0.765403],
					[-0.981081,-0.193598,0.733253],
					[-0.981081,-0.193598,0.661066],
					[0.00981081,0.00193598,0.999564]
				],
		"#1-9": [
					[0.675805,0,0.70997],
					[0.623636,0,0.458778],
					[0.568974,0,0.436716],
					[0,0,1]
				],
		"#1-10": [
					[0.0333866,0.0257692,0.954338],
					[0.0797759,0.0615745,0.850757],
					[0.0319962,0.024696,0.794414],
					[0,0,0.990758]
				],
		"#1-11": [
					[0.111684,0.993744,0.282942],
					[0.111684,0.993744,0.0188632],
					[0.111684,0.993744,-0.0369121],
					[4.34815e-05,0.00038689,1]
				],
		"#1-12": [
					[-0.269149,-0.059966,1],
					[0.373754,0.0832717,0.403587],
					[-0.739795,-0.164825,0.870727],
					[0.00976068,0.00217466,0.99442]
				],
		"#1-13": [
					[0.425073,0.372349,0.422985],
					[0.739602,0.647865,-0.0152281],
					[0.752217,0.658915,-0.206576],
					[0.000306046,0.000268086,1]
				],
		"#1-14": [
					[-0.394266,0.273119,0.999818],
					[-0.82203,0.569444,0.640732],
					[-0.778293,0.539146,0.572984],
					[-0,0,1]
				],
		"#1-15": [
					[0.240526,0.970643,0.302027],
					[0.0960051,0.387429,-0.128384],
					[0.09223,0.372195,-0.0889451],
					[0,0,0.999772]
				],
		"#1-16": [
					[-0.300221,-0.244353,1],
					[-0.477585,-0.388711,1],
					[-0.565198,-0.46002,1],
					[0.00775579,0.00631251,0.990117]
				],
		"#1-17": [
					[-0.683673,-0.0559134,1],
					[-0.996672,-0.0815117,1],
					[-0.996672,-0.0815117,0.915636],
					[0.00996672,0.000815117,0.998313]
				]
		},
		{
		"#2-1": [
					[0.289329,0.106223,0.436689],
					[0.408507,0.149978,0.629581],
					[0.180869,0.0664037,0.309177],
					[0.606083,0.222515,-0.0670926]
				],
		"#2-2": [
					[0.66966,5.33994e-06,0.681018],
					[0.34351,2.73918e-06,0.837449],
					[0.62319,4.96939e-06,0.646673],
					[0.378438,3.01771e-06,0.440046]
				],
		"#2-3": [
					[-0.00674556,-0.00384781,0.211007],
					[0.118524,0.0676087,0.490344],
					[-0.0528212,-0.0301303,0.0262651],
					[0.86862,0.495479,-0.338761]
				],
		"#2-4": [
					[0.400812,0.169591,0.218032],
					[-0.193322,-0.0817986,0.536868],
					[-0.1144,-0.048405,0.0595438],
					[0.920953,0.389674,-0.314896]
				],
		"#2-5": [
					[0.54292,0.162338,0.751751],
					[0.425237,0.127149,0.756731],
					[0.493983,0.147705,0.711065],
					[0.331245,0.0990449,0.155758]
				],
		"#2-6": [
					[-0.0725921,0.685202,0.510053],
					[-0.105353,0.994435,0.239987],
					[-0.105353,0.994435,0.241273],
					[-0.0248831,0.234873,0.637177]
				],
		"#2-7": [
					[0.415471,0.238861,0.647191],
					[0.27878,0.160275,0.5484],
					[0.262701,0.151031,0.519718],
					[0.301317,0.173232,0.00136822]
				],
		"#2-8": [
					[0.292586,0.0953189,0.564879],
					[0.950816,0.309757,-0.47061],
					[0.950816,0.309757,-0.400054],
					[0.950816,0.309757,0.135323]
				],
		"#2-9": [
					[-0.445741,0.895162,0.702704],
					[-0.445741,0.895162,0.679058],
					[-0.445741,0.895162,0.600684],
					[-0.0697955,0.140167,0.767938]
				],
		"#2-10": [
					[0.233097,0.157759,0.759586],
					[0.359145,0.243067,0.460353],
					[0.427727,0.289483,0.388816],
					[0.283133,0.191622,0.271352]
				],
		"#2-11": [
					[0.458052,0.349355,0.750593],
					[0.387011,0.295173,0.744915],
					[0.398365,0.303832,0.717072],
					[0.353204,0.269388,0.302087]
				],
		"#2-12": [
					[0.198994,0.318828,0.416324],
					[-0.0135001,-0.0216299,0.00613573],
					[0.0134715,0.0215841,-0.0122839],
					[0.529475,0.848325,-0.209743]
				],
		"#2-13": [
					[-0.459042,-0,1],
					[-0.70904,-0,0.424854],
					[-0.654074,-0,0.42609],
					[1,0,0.173294]
				],
		"#2-14": [
					[0.206293,0,0.521436],
					[-0.254385,-0,0.114951],
					[-0.246295,-0,0.133174],
					[1,0,-0.336446]
				],
		"#2-15": [
					[0.302511,0,0.773697],
					[0.570233,0,0.490109],
					[0.302772,0,0.317182],
					[-0.345942,-0,0.517172]
				],
		"#2-16": [
					[0.401068,0.279921,0.540906],
					[0.387284,0.270301,0.507187],
					[0.362187,0.252785,0.54174],
					[0.268773,0.187588,0.28323]
				],
		"#2-17": [
					[0.885724,0,0.479505],
					[1,0,0.335953],
					[1,0,0.366653],
					[0.167336,0,0.717788]
				],
		"#2-18": [
					[-0.33329,-0,1],
					[-0.999976,-0,0.680853],
					[0.00257485,0,0.0845483],
					[1,0,0.252173]
				],
		"#2-19": [
					[0.195577,0.154786,0.712535],
					[0.237546,0.188001,0.613722],
					[0.503135,0.398196,0.188943],
					[0.246761,0.195294,0.368286]
				],
		"#2-20": [
					[0.0220018,0.0161871,0.920106],
					[0.805489,0.59261,-0.302924],
					[0.478412,0.351975,-0.109441],
					[-0.16876,-0.12416,0.981068]
				],
		"#2-21": [
					[0.164033,-0.986455,1],
					[0.0580238,-0.348942,0.243824],
					[0.107504,-0.646508,0.403712],
					[-0.164033,0.986455,0.181185]
				],
		"#2-22": [
					[-0.572904,-0,1],
					[-0.881969,-0,0.999962],
					[1,0,-0.448103],
					[0.673502,0,0.33566]
				],
		"#2-23": [
					[-0.822739,-0,1],
					[-1,-0,0.761532],
					[-1,-0,0.791978],
					[1,0,0.0224028]
				],
		"#2-24": [
					[0.306497,0,0.517459],
					[-0.158792,-0,0.20878],
					[-0.23906,-0,0.173444],
					[1,0,-0.539722]
				],
		"#2-25": [
					[0.0749824,0.0319639,0.0786972],
					[0.170436,0.0726545,-0.194168],
					[0.0939233,0.0400382,-0.105004],
					[0.271696,0.11582,0.642608]
				],
		"#2-26": [
					[-0.151492,-0.311914,0.369367],
					[-0.0789289,-0.16251,0.0740235],
					[-0.0452997,-0.0932695,0.0496786],
					[0.436883,0.899518,0.304256]
				],
		"#2-27": [
					[0.179944,0.184337,-0.00355178],
					[-0.0565486,-0.0579292,0.0266091],
					[-0.0500506,-0.0512724,0.035391],
					[0.421582,0.431874,0.428055]
				],
		"#2-28": [
					[0.11623,0.0637531,0.0305463],
					[0.119557,0.0655781,-0.138125],
					[0.00551182,0.00302328,-0.02555],
					[0.329133,0.180532,0.565143]
				],
		"#2-29": [
					[-0.301944,-0,0.842113],
					[-0.964391,-0,0.805923],
					[-0.924547,-0,0.710297],
					[1,0,-0.324481]
				],
		"#2-30": [
					[-0.65545,-0.060067,0.919168],
					[0.27848,0.0255206,-0.222092],
					[-0.335221,-0.0307204,0.323275],
					[0.995827,0.09126,-0.210036]
				]
		}
	]
}
