{
	"width": 640,
	"height": 491,
	"linearGradients": [
		{
		"#1-1": [
					[0.342473,0.00304671,0.843835],
					[0.337035,0.00299833,0.848606],
					[0.321972,0.00286433,0.862912],
					[0.00999722,8.89372e-05,0.990507]
				],
		"#1-2": [
					[-0.110349,-0,0.850412],
					[-0.0476866,-0,0.85056],
					[-0.0667046,-0,0.86163],
					[0,0,0.99]
				],
		"#1-3": [
					[0.794655,0.0941626,0.520923],
					[0.993053,0.117672,0.473641],
					[0.913513,0.108247,0.493962],
					[0,0,0.996556]
				],
		"#1-4": [
					[0.160137,0.143728,0.699635],
					[0.229449,0.205938,0.590755],
					[0.319012,0.286322,0.460431],
					[0,0,0.999935]
				],
		"#1-5": [
					[0.0505415,0,0.721767],
					[0.0617736,0,0.739184],
					[-0.0123144,-0,0.746951],
					[0.01,0,0.99]
				],
		"#1-6": [
					[-0.325626,-0.0511049,0.186981],
					[-0.354908,-0.0557006,0.195939],
					[-0.507316,-0.07962,0.243437],
					[0.00987907,0.00155046,0.99745]
				],
		"#1-7": [
					[0.418469,0.221958,0.640062],
					[0.437041,0.231808,0.651349],
					[0.450063,0.238715,0.65384],
					[0.00870761,0.00461855,0.99]
				],
		"#1-8": [
					[-0.330361,-0,0.602315],
					[-0.320061,-0,0.650995],
					[-0.291303,-0,0.611506],
					[0,0,0.992681]
				],
		"#1-9": [
					[-0.188246,0.465571,0.648331],
					[-0.168304,0.416251,0.680883],
					[-0.198828,0.491743,0.673798],
					[-0.00355406,0.00878994,0.991161]
				],
		"#1-10": [
					[-0.825709,-0.3392,0.375489],
					[-0.753186,-0.309408,0.346956],
					[-0.769423,-0.316078,0.351771],
					[0.00924992,0.00379986,0.99412]
				],
		"#1-11": [
					[0.264374,0.13627,0.465579],
					[0.187515,0.0966535,0.553209],
					[0.433529,0.22346,0.338512],
					[0.00888869,0.00458162,0.99]
				],
		"#1-12": [
					[0.351677,0.0496468,0.552534],
					[0.352946,0.049826,0.581269],
					[0.299568,0.0422905,0.576091],
					[0.00990182,0.00139786,0.99]
				],
		"#1-13": [
					[-0.146146,-0.0205026,0.536479],
					[-0.160946,-0.0225789,0.592841],
					[-0.109148,-0.0153123,0.544664],
					[0.00795962,0.00111664,0.992406]
				],
		"#1-14": [
					[0.563486,0.209195,-0.204086],
					[0.515965,0.191553,-0.185765],
					[0.439118,0.163023,-0.147727],
					[0.00937479,0.00348041,0.99144]
				],
		"#1-15": [
					[-0.0964258,-0.0466644,0.131425],
					[-0.097486,-0.0471775,0.127082],
					[-0.119521,-0.0578409,0.138475],
					[0,0,0.999984]
				],
		"#1-16": [
					[0.885583,0.46448,0.0488627],
					[0.885583,0.46448,-0.00264056],
					[0.885583,0.46448,-0.261114],
					[0,0,1]
				],
		"#1-17": [
					[1,0,0.292552],
					[1,0,0.225886],
					[1,0,-0.0745412],
					[0,0,1]
				],
		"#1-18": [
					[-0.377101,-0,0.993987],
					[-0.393765,-0,0.971754],
					[-0.557345,-0,1],
					[0.01,0,0.994512]
				],
		"#1-19": [
					[0.471409,0.329509,0.0921242],
					[0.500722,0.349999,0.0813166],
					[0.510527,0.356853,0.035522],
					[0,0,1]
				],
		"#1-20": [
					[-0.103943,-0.0548794,0.478176],
					[-0.0582458,-0.0307523,0.410639],
					[-0.434314,-0.229307,0.592615],
					[0.000658673,0.000347763,0.99]
				],
		"#1-21": [
					[-0.302025,-0,0.2741],
					[-0.301079,-0,0.2714],
					[-0.310882,-0,0.273548],
					[0.00926939,0,0.990162]
				],
		"#1-22": [
					[-0.162784,-0.309372,0.997425],
					[-0.196453,-0.373359,0.997151],
					[-0.215344,-0.409263,0.973605],
					[0.0046565,0.00884969,0.991369]
				],
		"#1-23": [
					[-0.7941,-0,1],
					[-1,-0,0.994538],
					[-1,-0,0.929082],
					[0.01,0,1]
				],
		"#1-24": [
					[-0.402448,-0.294282,0.434957],
					[-0.390434,-0.285497,0.42058],
					[-0.39434,-0.288353,0.418045],
					[0,0,0.999902]
				],
		"#1-25": [
					[0.200442,0.124234,0.291055],
					[0.213191,0.132136,0.339413],
					[0.189283,0.117318,0.35695],
					[0.00849979,0.00526816,0.99]
				],
		"#1-26": [
					[-0.504078,-0.235081,0.603515],
					[-0.544355,-0.253864,0.611998],
					[-0.587789,-0.27412,0.639461],
					[0.0090629,0.00422656,0.99]
				],
		"#1-27": [
					[0.155049,0.0964131,0.195031],
					[0.170869,0.10625,0.236885],
					[0.196969,0.12248,0.205405],
					[0.00849209,0.00528057,0.99]
				],
		"#1-28": [
					[-0.33641,-0.15749,0.615257],
					[-0.326679,-0.152934,0.659566],
					[-0.237484,-0.111178,0.554216],
					[0,0,0.993144]
				],
		"#1-29": [
					[-0.190303,-0.205936,0.688398],
					[-0.132369,-0.143242,0.646126],
					[-0.0886233,-0.0959034,0.518345],
					[0.00626067,0.00677496,0.99]
				],
		"#1-30": [
					[0.157808,0.120374,0.153925],
					[0.182745,0.139396,0.18919],
					[0.196922,0.15021,0.167413],
					[0.00795093,0.00606488,0.99]
				],
		"#1-31": [
					[0.201743,0.100455,0.252269],
					[0.231362,0.115203,0.278826],
					[0.181272,0.0902615,0.210169],
					[0.00895166,0.00445733,0.99]
				],
		"#1-32": [
					[-0.103686,-0.994267,1],
					[-0.103721,-0.994606,0.947237],
					[-0.103721,-0.994606,0.834241],
					[0.00103721,0.00994606,1]
				],
		"#1-33": [
					[0.188908,0.164502,0.112312],
					[0.183231,0.159558,0.175105],
					[0.184357,0.160539,0.120094],
					[0.00675677,0.00588384,0.990015]
				],
		"#1-34": [
					[0.504875,0.306352,-0.0847417],
					[0.284675,0.172737,0.192935],
					[0.012073,0.00732577,0.35831],
					[0.000172538,0.000104694,1]
				],
		"#1-35": [
					[0.0231126,0.0367889,0.0400303],
					[-0.0121206,-0.0192927,0.0969867],
					[-0.0420625,-0.0669518,0.133396],
					[0.00531976,0.00846759,0.99]
				],
		"#1-36": [
					[-0.0608342,0.1821,0.067689],
					[-0.0396636,0.118728,0.0796985],
					[-0.047579,0.142422,0.0516349],
					[-0.00316857,0.00948473,0.99]
				],
		"#1-37": [
					[-0.000749833,-0.0389739,0.545067],
					[-0.000214925,-0.0111711,0.556256],
					[-0.000385653,-0.020045,0.268181],
					[3.84013e-06,0.000199598,0.993103]
				],
		"#1-38": [
					[0.361713,0.183602,0.213115],
					[0.334965,0.170026,0.259175],
					[0.23957,0.121604,0.178937],
					[0,0,1]
				],
		"#1-39": [
					[0.279041,0.934793,-0.100445],
					[0.286034,0.958219,-0.173988],
					[0.286034,0.958219,-0.281131],
					[0,0,1]
				],
		"#1-40": [
					[0.222469,0.0184701,0.322332],
					[0.0456624,0.00379103,0.505725],
					[-0.247098,-0.0205148,0.46097],
					[1.7347e-06,1.4402e-07,1]
				],
		"#1-41": [
					[-0.283153,0.598432,0.230935],
					[-0.316278,0.66844,0.18798],
					[-0.352859,0.745753,-0.177329],
					[-2.50592e-06,5.29615e-06,0.99]
				],
		"#1-42": [
					[0.264392,0.143658,0.257595],
					[0.252195,0.137031,0.291891],
					[0.13525,0.0734884,0.104208],
					[0.00878671,0.00477428,0.99]
				],
		"#1-43": [
					[0.235479,0.164407,0.281846],
					[0.249256,0.174026,0.303856],
					[0.14197,0.0991207,0.0924457],
					[0.00819932,0.00572461,0.99]
				],
		"#1-44": [
					[0.205298,0.111408,0.29633],
					[0.276924,0.150277,0.267341],
					[0.119548,0.0648741,0.10174],
					[0.00878925,0.0047696,0.99]
				],
		"#1-45": [
					[0.236355,0.160244,0.15177],
					[0.159391,0.108065,0.216159],
					[0.12803,0.0868018,0.120778],
					[0.000102774,6.96786e-05,1]
				],
		"#1-46": [
					[0.197352,0.030083,0.275881],
					[0.247716,0.0377602,0.278901],
					[0.172199,0.0262489,0.0611645],
					[0.000310251,4.72926e-05,0.990092]
				],
		"#1-47": [
					[0.219188,0.100693,0.276826],
					[0.242958,0.111612,0.262836],
					[0.252101,0.115813,-0.0184176],
					[0,0,0.99]
				]
		},
		{
		"#2-1": [
					[-1,-0,0.452959],
					[-1,-0,0.435028],
					[-1,-0,0.424745],
					[1,0,0.756169]
				],
		"#2-2": [
					[-0.980482,-0,0.26496],
					[-0.898399,-0,0.224534],
					[-0.874523,-0,0.210633],
					[1,0,0.580269]
				]
		}
	]
}
