{
	"width": 1497,
	"height": 1014,
	"linearGradients": [
		{
		"#1-1": [
					[0.1589,0.0920936,0.255506],
					[0.168698,0.0977722,0.352336],
					[0.202526,0.117378,0.569329],
					[0.00840289,0.00487005,0.992141]
				],
		"#1-2": [
					[0.177773,0.154916,0.307592],
					[0.185864,0.161967,0.371217],
					[0.101046,0.0880539,0.652568],
					[0.0075391,0.00656977,0.990009]
				],
		"#1-3": [
					[-0.211204,-0,0.439504],
					[-0.229236,-0,0.479431],
					[-0.110699,-0,0.300165],
					[0,0,0.99]
				],
		"#1-4": [
					[0.107799,0.134782,0.3242],
					[0.134248,0.167851,0.364064],
					[0.234409,0.293084,0.433307],
					[0.00618676,0.00773537,0.99]
				],
		"#1-5": [
					[0.112112,0.0685557,0.437655],
					[0.18024,0.110215,0.454259],
					[0.240792,0.147243,0.585559],
					[0.00853137,0.00521687,0.99]
				],
		"#1-6": [
					[-0.0119064,-0.00612773,0.548231],
					[0.0377387,0.0194225,0.575552],
					[0.426328,0.219413,0.500676],
					[0.00889153,0.0045761,0.99]
				],
		"#1-7": [
					[0.637686,0.190937,0.243223],
					[0.626238,0.187509,0.307598],
					[0.496712,0.148726,0.523124],
					[0,0,1]
				],
		"#1-8": [
					[0.150893,0.0818954,0.334362],
					[0.128035,0.0694896,0.439866],
					[0.334161,0.181362,0.507882],
					[0.00878897,0.00477012,0.99]
				],
		"#1-9": [
					[0.0397809,0.0248785,0.510253],
					[0.157987,0.0988032,0.483826],
					[0.317315,0.198445,0.52034],
					[0.0084785,0.00530236,0.991512]
				],
		"#1-10": [
					[0.128707,0.0616091,0.350872],
					[0.302688,0.14489,0.338187],
					[0.526059,0.251813,0.414617],
					[0.00901988,0.00431762,0.990001]
				],
		"#1-11": [
					[-0.186107,-0.0940312,0.862599],
					[-0.0384788,-0.0194416,0.778194],
					[0.0546676,0.027621,0.779947],
					[0.00892544,0.00450961,0.99]
				],
		"#1-12": [
					[0.145963,0.11201,0.664903],
					[0.115269,0.0884564,0.689219],
					[0.246756,0.189358,0.648047],
					[0.00793329,0.00608794,0.99]
				],
		"#1-13": [
					[0.272702,0.10233,0.606615],
					[0.320256,0.120175,0.596491],
					[0.39648,0.148777,0.585519],
					[0.00659958,0.00247647,0.99]
				],
		"#1-14": [
					[0.295802,0.248706,0.353474],
					[0.298794,0.251222,0.392312],
					[0.358486,0.30141,0.423143],
					[1.7285e-05,1.45329e-05,1]
				],
		"#1-15": [
					[0.286571,0.102062,0.346285],
					[0.377408,0.134413,0.354246],
					[0.382619,0.136269,0.537905],
					[0.00649152,0.00231194,0.99]
				],
		"#1-16": [
					[0.204644,0.0973804,0.594249],
					[0.24755,0.117797,0.598959],
					[0.367698,0.17497,0.583608],
					[0.00215188,0.00102397,0.99]
				],
		"#1-17": [
					[0.0578376,0.0339527,0.700079],
					[0.108747,0.0638382,0.689336],
					[-0.302662,-0.177673,1],
					[0.00862386,0.00506251,0.99]
				],
		"#1-18": [
					[-0.241363,-0,1],
					[-0.234686,-0,1],
					[-0.258943,-0,1],
					[0.01,0,0.99]
				],
		"#1-19": [
					[0.104744,0,0.605186],
					[0.209203,0,0.564072],
					[0.358373,0,0.489727],
					[0,0,0.99]
				],
		"#1-20": [
					[0.234796,0.348104,0.388309],
					[0.216746,0.321343,0.463822],
					[0.246174,0.364972,0.466378],
					[0,0,1]
				],
		"#1-21": [
					[-0.262177,-0.0774861,0.953981],
					[-0.0521791,-0.0154215,0.769804],
					[-0.3616,-0.10687,1],
					[0.00958993,0.00283429,0.99]
				],
		"#1-22": [
					[-0.515484,0.856899,0.54604],
					[-0.515484,0.856899,0.569046],
					[-0.515484,0.856899,0.385773],
					[-0,0,1]
				],
		"#1-23": [
					[0.170624,0,0.547615],
					[0.204225,0,0.53236],
					[-0.049099,-0,0.62759],
					[0.01,0,0.99]
				],
		"#1-24": [
					[-0.145543,0.989352,0.0601056],
					[-0.145543,0.989352,0.0818588],
					[-0.145543,0.989352,-0.0776222],
					[-0.0001283,0.000872137,1]
				],
		"#1-25": [
					[0.10448,0.141625,0.479851],
					[0.0802498,0.108781,0.550856],
					[0.24788,0.336007,0.0660478],
					[0,0,0.99]
				],
		"#1-26": [
					[0.211077,0.0721955,0.276695],
					[0.181137,0.0619551,0.356481],
					[0.112216,0.0383816,0.0864504],
					[0,0,0.999989]
				],
		"#1-27": [
					[0.200213,0.321815,0.235603],
					[0.103176,0.165842,0.388549],
					[0.0294026,0.0472606,0.119727],
					[0.000501822,0.00080661,0.99384]
				],
		"#1-28": [
					[-0.171948,-0.152205,0.596096],
					[-0.257359,-0.227809,0.73753],
					[-0.116572,-0.103187,0.266774],
					[0.00748788,0.0066281,0.99]
				],
		"#1-29": [
					[0.0256798,0.0248403,0.434834],
					[0.0448175,0.0433524,0.464599],
					[-0.0221008,-0.0213783,0.180796],
					[0.00718757,0.00695261,0.99]
				]
		},
		{
		"#2-1": [
					[0.637662,0.20065,0.0795629],
					[0.564589,0.177656,0.213889],
					[0.508335,0.159955,0.473003],
					[0.234965,0.0739353,0.815168]
				],
		"#2-2": [
					[-0.0628841,-0.0473775,0.411268],
					[-0.0235279,-0.0177261,0.471994],
					[0.770823,0.580745,0.111894],
					[0.610733,0.460132,0.612702]
				],
		"#2-3": [
					[0.470097,0.452786,0.169558],
					[0.387877,0.373594,0.287099],
					[0.720243,0.693721,0.162821],
					[-0.0299979,-0.0288933,1]
				],
		"#2-4": [
					[0.364829,0.202124,0.184711],
					[0.477373,0.264476,0.209441],
					[0.0359808,0.0199342,0.595685],
					[0.536054,0.296987,0.636006]
				],
		"#2-5": [
					[-0.95895,-0.283575,0.816507],
					[-0.95895,-0.283575,0.849327],
					[-0.95895,-0.283575,0.686963],
					[0.95895,0.283575,0.557527]
				],
		"#2-6": [
					[0.769716,0.472864,-0.20517],
					[0.722786,0.444033,-0.0629769],
					[0.852057,0.523449,-0.159639],
					[-0.275204,-0.169068,0.764714]
				],
		"#2-7": [
					[0.780169,0.62513,-0.194783],
					[0.780383,0.625301,-0.111897],
					[0.701102,0.561775,0.0511917],
					[0.00193855,0.00155331,1]
				],
		"#2-8": [
					[0.144255,0,0.468469],
					[0.249077,0,0.509476],
					[1,0,0.232016],
					[0.00969144,0,0.997756]
				],
		"#2-9": [
					[0.562353,0,0.163921],
					[0.699636,0,0.168468],
					[0.828163,0,0.245351],
					[1,0,0.292919]
				],
		"#2-10": [
					[-0.115188,-0.142128,0.161517],
					[-0.178635,-0.220413,0.247301],
					[-0.217986,-0.268967,0.20805],
					[0.629635,0.776891,0.305866]
				],
		"#2-11": [
					[1,0,-0.387625],
					[1,0,-0.347861],
					[1,0,-0.436077],
					[-1,-0,0.943944]
				],
		"#2-12": [
					[0.641627,0.767017,0.170297],
					[0.641627,0.767017,0.186359],
					[0.641627,0.767017,0.17134],
					[0.00122054,0.00145906,0.999999]
				],
		"#2-13": [
					[0.839893,0,0.183206],
					[0.843804,0,0.209661],
					[1,0,0.119938],
					[-0.0155984,-0,0.913198]
				],
		"#2-14": [
					[-0.296316,-0,0.411719],
					[-0.320241,-0,0.535255],
					[-0.718417,-0,0.934186],
					[0.451672,0,-0.147239]
				],
		"#2-15": [
					[0.0807054,0.00184515,0.0778205],
					[0.0824531,0.00188511,0.0887664],
					[0.426814,0.00975814,-0.176211],
					[0.450778,0.010306,0.720628]
				],
		"#2-16": [
					[-0.704026,-0,0.525968],
					[-0.594306,-0,0.466182],
					[-0.568402,-0,0.388964],
					[1,0,-0.0754514]
				],
		"#2-17": [
					[0.34436,0.175048,0.379422],
					[0.268821,0.136649,0.475213],
					[0.891438,0.453143,-0.111123],
					[-0.334695,-0.170135,1]
				],
		"#2-18": [
					[0.216295,0.249281,0.113249],
					[0.425596,0.490503,-0.183741],
					[0.503772,0.580601,-0.328048],
					[-0.000728758,-0.000839899,1]
				],
		"#2-19": [
					[-0.0131652,0.100356,0.481498],
					[-0.0505333,0.385206,0.389956],
					[-0.108112,0.824115,0.224106],
					[-0.0685171,0.522293,0.349444]
				],
		"#2-20": [
					[0.00627688,0.00414312,0.0503816],
					[0.0112892,0.00745158,0.058622],
					[0.287957,0.190069,-0.295098],
					[0.0863089,0.0569691,0.803182]
				]
		}
	]
}
