{
	"width": 1000,
	"height": 730,
	"linearGradients": [
		{
		"#1-1": [
					[0.428268,0,0.999666],
					[0.428268,0,0.999666],
					[0.428268,0,0.999666],
					[0,0,0.99]
				],
		"#1-2": [
					[0.430594,0,0.998819],
					[0.430594,0,0.998819],
					[0.430594,0,0.998819],
					[0,0,0.99]
				],
		"#1-3": [
					[-0.0199332,-0.00530849,1],
					[-0.0199332,-0.00530849,1],
					[-0.0199332,-0.00530849,1],
					[0,0,0.99]
				],
		"#1-4": [
					[-0.0315695,-0.0272512,1],
					[0.339529,0.293086,0.680435],
					[0.75698,0.653435,0.366721],
					[0.00298953,0.0025806,0.990001]
				],
		"#1-5": [
					[-0.0500667,-0.0161332,1],
					[-0.604278,-0.194718,0.932767],
					[-0.437958,-0.141125,0.318145],
					[0.00950172,0.00306177,0.99]
				],
		"#1-6": [
					[0.561833,0.186177,0.800794],
					[0.0570834,0.018916,0.877622],
					[-0.647041,-0.214413,0.944826],
					[0.0094924,0.00314554,0.990001]
				],
		"#1-7": [
					[0.00446159,0.0279836,0.973228],
					[-0.106269,-0.666531,0.982099],
					[-0.146553,-0.919196,0.596851],
					[0.00157447,0.00987527,0.990008]
				],
		"#1-8": [
					[0.0802572,0.0541718,0.948475],
					[-0.558909,-0.377251,1],
					[-0.828857,-0.55946,0.815775],
					[0.00828857,0.0055946,1]
				],
		"#1-9": [
					[-0.0152495,-0.0226793,1],
					[-0.205456,-0.305557,0.758639],
					[-0.319841,-0.475672,0.326965],
					[0,0,0.998191]
				],
		"#1-10": [
					[0.319454,0.458835,0.793517],
					[0.461631,0.663046,0.439627],
					[0.571383,0.820684,0.0565947],
					[0,0,1]
				],
		"#1-11": [
					[0.00826132,0.0621512,0.949884],
					[0.043316,0.325873,0.527769],
					[0.108902,0.819287,-0.168086],
					[0,0,1]
				],
		"#1-12": [
					[0.486874,0.207424,0.771243],
					[0.688027,0.293121,0.406439],
					[0.919989,0.391944,0.0287943],
					[0,0,1]
				],
		"#1-13": [
					[-0.0209599,0.0468025,0.98508],
					[-0.382984,0.855183,0.504598],
					[-0.408723,0.912658,-0.0364962],
					[-0,0,1]
				],
		"#1-14": [
					[-0.500673,-0.106209,0.999956],
					[-0.216343,-0.0458935,0.644753],
					[-0.198204,-0.0420456,0.320895],
					[0.00978232,0.00207515,0.990021]
				],
		"#1-15": [
					[-0.149438,0.495434,0.286525],
					[-0.148016,0.490722,0.172552],
					[-0.165838,0.549806,-0.0513081],
					[-0,0,0.999964]
				],
		"#1-16": [
					[0.533238,0.125231,0.748252],
					[0.517302,0.121489,0.472063],
					[0.710923,0.166961,0.0287091],
					[0,0,1]
				],
		"#1-17": [
					[-0.338345,0.941022,-0.20722],
					[-0.338345,0.941022,-0.110712],
					[-0.338345,0.941022,-0.532169],
					[-7.04977e-07,1.96072e-06,1]
				],
		"#1-18": [
					[0.198476,0,0.84445],
					[0.234419,0,0.693005],
					[0.322171,0,0.496898],
					[0,0,0.99]
				],
		"#1-19": [
					[-0.836131,0.548529,0.869699],
					[-0.836131,0.548529,0.877137],
					[-0.836131,0.548529,0.875175],
					[-0,0,1]
				],
		"#1-20": [
					[0.329303,0.189839,0.803216],
					[-0.11438,-0.0659389,1],
					[-0.284051,-0.163752,1],
					[0.00866348,0.0049944,0.99]
				],
		"#1-21": [
					[0.19827,0.194139,0.801275],
					[-0.0787184,-0.0770785,0.916401],
					[-0.310967,-0.304489,1],
					[0.0071451,0.00699625,0.99]
				],
		"#1-22": [
					[0.0767875,0.245684,0.870753],
					[0.0588935,0.188432,0.607859],
					[-0.298315,-0.954467,0.681412],
					[0.00298315,0.00954467,1]
				],
		"#1-23": [
					[-0.006275,-0.00342415,0.976098],
					[0.222196,0.121248,0.535532],
					[0.763335,0.416538,-0.383817],
					[0.00877812,0.00479006,0.99]
				],
		"#1-24": [
					[0.0506687,0.0376651,0.938235],
					[-0.120804,-0.0898007,0.686152],
					[-0.509217,-0.378532,0.484885],
					[0,0,0.999998]
				],
		"#1-25": [
					[0.361676,0,0.779956],
					[0.485124,0,0.471866],
					[1,0,-0.489407],
					[0,0,1]
				],
		"#1-26": [
					[-0.00351536,-0.00342223,1],
					[-0.00383102,-0.00372952,1],
					[-0.00431742,-0.00420304,1],
					[0.000281884,0.000274416,0.99]
				],
		"#1-27": [
					[0.143916,0.119322,0.888607],
					[0.147604,0.12238,0.884137],
					[0.126065,0.104522,0.897789],
					[0,0,0.99]
				],
		"#1-28": [
					[-0.082825,0.89045,0.203053],
					[-0.0923407,0.992753,0.114511],
					[-0.092615,0.995702,0.103425],
					[-0.000101973,0.00109631,0.999999]
				],
		"#1-29": [
					[0.0749458,0.0437669,0.921417],
					[0.169285,0.098859,0.454598],
					[-0.112563,-0.0657345,0.134866],
					[0.00863535,0.00504288,0.99]
				],
		"#1-30": [
					[0.712727,0.625438,0.112027],
					[0.751634,0.65958,-0.352652],
					[0.437686,0.384082,-0.294477],
					[0,0,1]
				],
		"#1-31": [
					[0.475084,0.104286,0.617014],
					[0.767743,0.168528,0.32625],
					[0.976725,0.214401,0.0826664],
					[4.88734e-06,1.07282e-06,1]
				],
		"#1-32": [
					[0.134186,0,0.897199],
					[-0.292797,-0,1],
					[-0.77045,-0,1],
					[0.01,0,0.99]
				],
		"#1-33": [
					[0.00222244,0.00682652,0.989613],
					[-0.00980728,-0.0301243,0.73246],
					[0.309568,0.950877,-0.754922],
					[2.4201e-07,7.43365e-07,1]
				],
		"#1-34": [
					[0.0308686,0.0414503,0.952333],
					[0.0191645,0.0257341,0.661347],
					[0.597283,0.802031,-0.775189],
					[2.07957e-07,2.79245e-07,1]
				],
		"#1-35": [
					[0.0722162,0,0.938733],
					[-0.442968,-0,1],
					[-1,-0,0.913584],
					[0.01,0,0.996778]
				],
		"#1-36": [
					[0.112656,0.00605711,0.825757],
					[0.141004,0.00758129,0.743492],
					[0.240264,0.0129181,0.627896],
					[0.00998558,0.000536889,0.99]
				],
		"#1-37": [
					[0.0322612,0.0260761,0.955991],
					[-0.138769,-0.112165,0.846194],
					[-0.235441,-0.190302,0.501243],
					[0.00777717,0.00628615,0.99]
				],
		"#1-38": [
					[0.597034,0.153607,-0.279012],
					[0.646764,0.166402,-0.210596],
					[0.676265,0.173992,-0.629851],
					[0.00968397,0.00249153,0.991817]
				],
		"#1-39": [
					[0.101308,0.0390447,0.903415],
					[-0.062112,-0.0239384,1],
					[-0.0768242,-0.0296086,1],
					[0.00933098,0.00359622,0.99]
				],
		"#1-40": [
					[0.0753588,0.0305236,0.916143],
					[0.266699,0.108025,0.411038],
					[0.683186,0.27672,-0.540739],
					[6.31683e-07,2.55859e-07,1]
				],
		"#1-41": [
					[-0.00463889,-0.00654632,0.781507],
					[-0.443743,-0.626202,0.991546],
					[-0.57817,-0.815903,1],
					[0.00577382,0.00814791,0.99]
				],
		"#1-42": [
					[0.417652,0.118961,0.390321],
					[0.234874,0.0668999,0.216989],
					[0.322454,0.0918456,0.0389503],
					[0,0,1]
				],
		"#1-43": [
					[-0.105695,0.629184,0.73249],
					[-0.121811,0.725119,0.49746],
					[-0.160295,0.954206,0.22065],
					[-0,0,0.999998]
				],
		"#1-44": [
					[0.999984,0,-0.0528936],
					[0.999974,0,-0.178556],
					[1,0,-0.252558],
					[1.68592e-05,0,1]
				],
		"#1-45": [
					[0.0593892,0.0740926,0.914086],
					[-0.326656,-0.407529,0.977282],
					[0.625434,0.780277,-0.470118],
					[0,0,0.999998]
				],
		"#1-46": [
					[0.45728,0,0.539188],
					[0.45832,0,0.536832],
					[0.458675,0,0.537139],
					[1.98726e-07,0,0.99]
				],
		"#1-47": [
					[0.457612,0,0.538891],
					[0.45837,0,0.53655],
					[0.457159,0,0.538813],
					[9.28133e-08,0,0.99]
				],
		"#1-48": [
					[0.457116,0,0.539257],
					[0.456993,0,0.537795],
					[0.457666,0,0.537915],
					[0,0,0.99]
				]
		},
		{
		"#2-1": [
					[0.47503,0.0492738,0.551485],
					[0.214728,0.0222732,0.354397],
					[-0.199975,-0.020743,0.118666],
					[0.994663,0.103174,-0.464347]
				]
		}
	]
}
