{
	"width": 640,
	"height": 491,
	"linearGradients": [
		{
		"#1-1": [
					[0.38934,0.0621533,0.827851],
					[0.380367,0.0607208,0.833356],
					[0.421688,0.0673172,0.846359],
					[0.00987496,0.00157641,0.99]
				],
		"#1-2": [
					[0.401329,0.00376697,0.846021],
					[0.3837,0.0036015,0.849835],
					[0.358757,0.00336738,0.859699],
					[6.61084e-05,6.20509e-07,0.990084]
				],
		"#1-3": [
					[-0.186404,-0,0.855144],
					[-0.129509,-0,0.857253],
					[-0.144124,-0,0.869576],
					[0.01,0,0.993998]
				],
		"#1-4": [
					[0.413475,0.0112763,0.839118],
					[0.387804,0.0105761,0.843073],
					[0.348683,0.00950924,0.853296],
					[0.000197829,5.39519e-06,0.990667]
				],
		"#1-5": [
					[-0.00865249,0.122534,0.605569],
					[-0.0124183,0.175864,0.581919],
					[-0.00957722,0.13563,0.599799],
					[-1.46533e-06,2.07515e-05,0.999618]
				],
		"#1-6": [
					[1,0,0.504737],
					[0.920268,0,0.470704],
					[0.803117,0,0.443184],
					[0,0,1]
				],
		"#1-7": [
					[-0.982448,-0.186534,0.48855],
					[-0.982448,-0.186534,0.474194],
					[-0.982448,-0.186534,0.47173],
					[0.00982448,0.00186534,1]
				],
		"#1-8": [
					[-1,-0,0.334722],
					[-0.999713,-0,0.328919],
					[-1,-0,0.333024],
					[0.01,0,0.998771]
				],
		"#1-9": [
					[-0.280552,-0.0575963,0.781651],
					[-0.411409,-0.0844608,0.832566],
					[-0.494077,-0.101432,0.853109],
					[0.0097957,0.00201102,0.999704]
				],
		"#1-10": [
					[-0.946426,-0.322922,0.431544],
					[-0.865512,-0.295314,0.397345],
					[-0.946426,-0.322922,0.423252],
					[0.00946426,0.00322922,1]
				],
		"#1-11": [
					[-0.544059,-0,0.665052],
					[-0.463567,-0,0.693607],
					[-0.28311,-0,0.606797],
					[0,0,0.990001]
				],
		"#1-12": [
					[0.597783,0.0193391,0.501515],
					[0.548925,0.0177585,0.546056],
					[0.468015,0.0151409,0.545045],
					[0,0,1]
				],
		"#1-13": [
					[-0.393068,-0.0718196,0.650479],
					[-0.363945,-0.0664983,0.687023],
					[-0.222343,-0.0406254,0.600447],
					[0,0,0.990003]
				],
		"#1-14": [
					[-0.0834071,-0.0265743,0.144465],
					[-0.0574446,-0.0183024,0.125908],
					[-0.10849,-0.0345658,0.149094],
					[0.00952808,0.00303574,0.99]
				],
		"#1-15": [
					[-0.221292,-0.0570683,0.191721],
					[-0.211854,-0.0546343,0.185957],
					[-0.225444,-0.058139,0.190138],
					[0.00439379,0.0011331,0.994935]
				],
		"#1-16": [
					[1,0,0.262711],
					[1,0,0.212154],
					[1,0,-0.0416802],
					[0,0,1]
				],
		"#1-17": [
					[1,0,0.314761],
					[1,0,0.247527],
					[1,0,-0.063972],
					[0,0,1]
				],
		"#1-18": [
					[1,0,0.166086],
					[1,0,0.170093],
					[1,0,0.152738],
					[0,0,1]
				],
		"#1-19": [
					[0.221485,0.370623,0.216681],
					[0.293745,0.491539,0.160679],
					[0.251264,0.420454,0.154179],
					[5.33462e-05,8.9267e-05,1]
				],
		"#1-20": [
					[0.165135,0.14273,0.422292],
					[0.180872,0.156332,0.472748],
					[0.192565,0.166438,0.464259],
					[0.00756567,0.00653916,0.99]
				],
		"#1-21": [
					[-0.422301,-0,0.999339],
					[-0.460223,-0,0.983189],
					[-0.581382,-0,0.978368],
					[0.01,0,0.99]
				],
		"#1-22": [
					[-0.0630733,-0.0335983,0.467583],
					[-0.118515,-0.0631312,0.479277],
					[-0.551913,-0.293997,0.709971],
					[0.0088259,0.00470144,0.99]
				],
		"#1-23": [
					[-0.111513,-0.0486242,0.155219],
					[-0.108093,-0.047133,0.150494],
					[-0.109994,-0.0479621,0.150653],
					[0,0,0.994954]
				],
		"#1-24": [
					[0.197259,0.18929,0.668368],
					[0.0473148,0.0454032,0.751715],
					[-0.0423201,-0.0406104,0.783899],
					[0.00721532,0.00692381,0.99]
				],
		"#1-25": [
					[-0.292622,-0.330893,0.367786],
					[-0.266015,-0.300806,0.337891],
					[-0.270934,-0.306368,0.339327],
					[0.00662459,0.00749099,0.99302]
				],
		"#1-26": [
					[-0.0666925,-0.021959,0.241551],
					[-0.122848,-0.0404487,0.263338],
					[-0.212534,-0.0699786,0.321109],
					[0.00949838,0.00312742,0.99]
				],
		"#1-27": [
					[-0.141586,-0.0780397,0.53884],
					[-0.074868,-0.0412659,0.523346],
					[-0.0433515,-0.0238946,0.474608],
					[0.00875778,0.00482714,0.99]
				],
		"#1-28": [
					[-0.301504,-0.0853766,0.698019],
					[-0.399875,-0.113232,0.825138],
					[-0.512508,-0.145126,0.855387],
					[0.00962168,0.00272456,0.991368]
				],
		"#1-29": [
					[-0.417649,-0.118539,0.798461],
					[-0.287975,-0.0817343,0.730922],
					[-0.39088,-0.110941,0.760581],
					[0.00962003,0.0027304,0.99223]
				],
		"#1-30": [
					[-0.0405887,-0.0201884,0.468363],
					[-0.0296184,-0.0147319,0.506932],
					[0.00418285,0.0020805,0.451916],
					[0.0089536,0.00445343,0.99]
				],
		"#1-31": [
					[-0.952155,-0.0479591,1],
					[-0.874171,-0.0440312,1],
					[-0.818967,-0.0412506,0.92161],
					[0.00988263,0.000497778,0.992345]
				],
		"#1-32": [
					[-0.509299,-0.143795,0.833139],
					[-0.433472,-0.122386,0.821353],
					[-0.363921,-0.102749,0.705291],
					[0.00962377,0.00271717,0.991694]
				],
		"#1-33": [
					[-0.296501,-0.195007,1],
					[-0.333817,-0.21955,0.99947],
					[-0.386293,-0.254062,0.998884],
					[0.00835494,0.00549499,0.990673]
				],
		"#1-34": [
					[-0.138677,-0.907546,1],
					[-0.151051,-0.988526,0.998026],
					[-0.151051,-0.988526,0.883729],
					[0.00151051,0.00988526,1]
				],
		"#1-35": [
					[-0.335042,-0.06739,0.371297],
					[-0.374122,-0.0752506,0.400032],
					[-0.43301,-0.0870952,0.441727],
					[0.00980365,0.0019719,0.990002]
				],
		"#1-36": [
					[0.150825,0,0.394578],
					[0.0751385,0,0.48781],
					[-0.229643,-0,0.459797],
					[3.23427e-05,0,1]
				],
		"#1-37": [
					[0.413415,0.467385,0.0541803],
					[0.387418,0.437995,0.112195],
					[0.24833,0.280749,0.173149],
					[0.00397912,0.00449859,0.997053]
				],
		"#1-38": [
					[-0.0698156,-0.0392393,0.201157],
					[-0.204726,-0.115065,0.344993],
					[-0.243402,-0.136802,0.370365],
					[0.00871746,0.00489959,0.99]
				],
		"#1-39": [
					[0.25407,0.0746398,0.279428],
					[0.145518,0.0427498,0.408508],
					[-0.371066,-0.10901,0.58587],
					[0,0,0.997529]
				],
		"#1-40": [
					[0.0472069,0.0591883,0.38931],
					[0.0298453,0.0374202,0.438976],
					[0.0706468,0.0885774,0.105357],
					[0.00221674,0.00277936,0.99]
				],
		"#1-41": [
					[0.150064,0.11321,0.34662],
					[0.177163,0.133653,0.329011],
					[0.163322,0.123211,0.0709912],
					[0.000429232,0.000323816,0.99]
				],
		"#1-42": [
					[0.354233,0.158651,0.0926441],
					[0.339512,0.152057,0.0549303],
					[0.297285,0.133145,-0.0241157],
					[0,0,1]
				],
		"#1-43": [
					[-0.00474322,-0.000527647,0.503099],
					[0.106852,0.0118865,0.440217],
					[-0.0457654,-0.00509105,0.303512],
					[0.00993869,0.0011056,0.99]
				],
		"#1-44": [
					[0.140624,0.0802908,0.323563],
					[0.0853875,0.048753,0.438537],
					[0.0580591,0.0331496,0.179341],
					[0.00220996,0.0012618,0.99]
				],
		"#1-45": [
					[0.264524,0.274718,0.264425],
					[0.239664,0.248899,0.300233],
					[0.262316,0.272425,-0.0398697],
					[0,0,1]
				],
		"#1-46": [
					[0.203155,0.138855,0.248579],
					[0.169769,0.116035,0.326742],
					[0.0948454,0.0648259,0.109852],
					[0.000465377,0.000318081,0.994261]
				],
		"#1-47": [
					[0.181055,0.0536514,0.299569],
					[0.112508,0.033339,0.420995],
					[0.106142,0.0314527,0.127671],
					[1.84475e-06,5.46648e-07,0.99]
				]
		},
		{
		"#2-1": [
					[-0.933537,-0.358035,0.986905],
					[-0.933686,-0.358092,0.783962],
					[-0.933686,-0.358092,0.652603],
					[0.933686,0.358092,-0.0630517]
				],
		"#2-2": [
					[0.864549,0.126925,0.0949105],
					[0.870695,0.127828,0.0615229],
					[0.730348,0.107223,0.0703085],
					[-0.022863,-0.00335654,1]
				]
		}
	]
}
