{
	"width": 700,
	"height": 700,
	"linearGradients": [
		{
		"#1-1": [
					[0.00200218,0,1],
					[-0.0273358,-0,1],
					[-0.0192679,-0,1],
					[0.00998836,0,0.990031]
				],
		"#1-2": [
					[-0.0567131,-0.15721,0.602965],
					[-0.174259,-0.48305,0.950892],
					[-0.168579,-0.467304,0.743397],
					[5.59596e-05,0.000155121,0.990038]
				],
		"#1-3": [
					[0.457128,0,0.858482],
					[0.170334,0,0.845761],
					[0.191771,0,0.832642],
					[0.01,0,0.99]
				],
		"#1-4": [
					[-0.616847,-0,0.98981],
					[-0.727371,-0,0.993947],
					[-1,-0,0.924162],
					[0.00980245,0,0.998693]
				],
		"#1-5": [
					[-0.0165365,0.999863,0.441426],
					[-0.0165365,0.999863,0.400986],
					[-0.0165365,0.999863,0.240743],
					[-4.41206e-05,0.00266772,1]
				],
		"#1-6": [
					[0.058653,0,0.974357],
					[0.0486602,0,0.976399],
					[0.292123,0,0.89183],
					[0.00442182,0,0.993863]
				],
		"#1-7": [
					[-0.218636,-0.0233252,0.73268],
					[-0.994357,-0.106083,0.706167],
					[-0.994357,-0.106083,0.633992],
					[0.00994357,0.00106083,0.999822]
				],
		"#1-8": [
					[0.735289,0,0.687581],
					[0.748614,0,0.411739],
					[0.667547,0,0.399615],
					[6.08432e-06,0,1]
				],
		"#1-9": [
					[0.0131458,0.0110871,0.9766],
					[0.061078,0.0515129,0.869037],
					[0.0155867,0.0131457,0.813707],
					[0,0,1]
				],
		"#1-10": [
					[0.190085,0.981768,0.256452],
					[0.190085,0.981768,-0.00706467],
					[0.190085,0.981768,-0.0627226],
					[0.000731899,0.00378019,1]
				],
		"#1-11": [
					[-0.249834,-0.0755306,1],
					[0.351429,0.106245,0.397996],
					[-0.817304,-0.24709,0.952841],
					[0.00957212,0.00289387,0.990033]
				],
		"#1-12": [
					[0.104892,0,0.92235],
					[0.224331,0,0.811666],
					[0.20344,0,0.719776],
					[0,0,1]
				],
		"#1-13": [
					[0.436697,0.355473,0.42847],
					[0.77552,0.631276,-0.0234082],
					[0.775543,0.631295,-0.199866],
					[0.000601103,0.0004893,1]
				],
		"#1-14": [
					[-0.401447,0.280153,1],
					[-0.820057,0.572282,0.637714],
					[-0.762512,0.532124,0.566554],
					[-0,0,1]
				],
		"#1-15": [
					[0.110509,0.993875,0.361606],
					[0.0537177,0.483115,-0.135294],
					[0.0546285,0.491306,-0.105072],
					[0,0,1]
				],
		"#1-16": [
					[-0.207589,-0.31453,1],
					[-0.330186,-0.500283,1],
					[-0.390765,-0.592069,1],
					[0.00550841,0.0083461,0.99]
				],
		"#1-17": [
					[-0.68351,-0.0552149,1],
					[-0.996753,-0.0805191,1],
					[-0.996753,-0.0805191,0.915625],
					[0.00996753,0.000805191,0.999041]
				],
		"#1-18": [
					[-0.27547,-0,1],
					[-1,-0,0.831473],
					[-0.980953,-0,0.808952],
					[0.01,0,0.995665]
				],
		"#1-19": [
					[0.052568,0.0294406,0.902629],
					[0.80377,0.450149,-0.134918],
					[0.541813,0.303441,-0.00772928],
					[0,0,0.99007]
				],
		"#1-20": [
					[-0.307141,-0.12275,1],
					[-0.473624,-0.189285,1],
					[0.928588,0.371113,-0.536379],
					[0.000198191,7.92076e-05,1]
				]
		},
		{
		"#2-1": [
					[0.282788,0.107917,0.398788],
					[0.415695,0.158636,0.624474],
					[0.168801,0.0644172,0.275558],
					[0.666097,0.254194,-0.101729]
				],
		"#2-2": [
					[0.765419,0,0.702651],
					[0.307545,0,0.866714],
					[0.714415,0,0.67957],
					[0.444153,0,0.58865]
				],
		"#2-3": [
					[-0.00997089,-0.00561255,0.161042],
					[0.123817,0.069696,0.452305],
					[-0.0362441,-0.0204016,0.0160843],
					[0.871429,0.490522,-0.340326]
				],
		"#2-4": [
					[0.428283,0.184291,0.198734],
					[-0.187389,-0.0806339,0.548747],
					[-0.098139,-0.0422294,0.0478957],
					[0.918569,0.395262,-0.318044]
				],
		"#2-5": [
					[0.566418,0.151411,0.75111],
					[0.43556,0.116431,0.765876],
					[0.511202,0.136651,0.714708],
					[0.348093,0.0930497,0.14159]
				],
		"#2-6": [
					[-0.0238384,0.740326,0.458966],
					[-0.0321832,0.999482,0.221577],
					[-0.0321832,0.999482,0.222647],
					[-0.00215919,0.0670558,0.753686]
				],
		"#2-7": [
					[0.414157,0.24224,0.641003],
					[0.265773,0.15545,0.539122],
					[0.246442,0.144144,0.504473],
					[0.318247,0.186142,-0.0210307]
				],
		"#2-8": [
					[0.20288,0.0557728,0.625614],
					[0.964229,0.265072,-0.446017],
					[0.964229,0.265072,-0.376001],
					[0.964229,0.265072,0.160149]
				],
		"#2-9": [
					[-0.430072,0.902795,0.695519],
					[-0.430072,0.902795,0.672731],
					[-0.430072,0.902795,0.594289],
					[-0.0293176,0.0615426,0.786621]
				],
		"#2-10": [
					[0.193315,0.141282,0.786118],
					[0.348146,0.254439,0.46443],
					[0.424697,0.310385,0.381571],
					[0.292656,0.213885,0.270774]
				],
		"#2-11": [
					[0.448201,0.378695,0.747477],
					[0.368634,0.311467,0.752726],
					[0.384489,0.324863,0.725308],
					[0.36666,0.309799,0.336269]
				],
		"#2-12": [
					[0.14601,0.34653,0.386774],
					[-0.0203518,-0.0483013,0.0203717],
					[0.00253261,0.00601069,-0.00330203],
					[0.38829,0.921537,-0.189529]
				],
		"#2-13": [
					[-0.461414,-0,1],
					[-0.653977,-0,0.389399],
					[-0.602104,-0,0.391443],
					[1,0,0.167824]
				],
		"#2-14": [
					[0.226974,3.8758e-07,0.464396],
					[-0.225696,-3.85398e-07,0.100945],
					[-0.211886,-3.61816e-07,0.11186],
					[1,1.7076e-06,-0.339056]
				],
		"#2-15": [
					[0.395189,0.285799,0.538358],
					[0.383021,0.277,0.505934],
					[0.354116,0.256095,0.543823],
					[0.271191,0.196124,0.284108]
				],
		"#2-16": [
					[0.915533,0,0.465052],
					[1,0,0.3369],
					[1,0,0.367356],
					[0.147747,0,0.728118]
				],
		"#2-17": [
					[0.170483,0.146019,0.736676],
					[0.216775,0.185668,0.630995],
					[0.500465,0.428649,0.163111],
					[0.237779,0.203658,0.369389]
				],
		"#2-18": [
					[0.15936,-0.987221,1],
					[0.0539589,-0.334271,0.23592],
					[0.100227,-0.620897,0.389775],
					[-0.15936,0.987221,0.173568]
				],
		"#2-19": [
					[-0.855788,-0,1],
					[-1,-0,0.727379],
					[-1,-0,0.757131],
					[1,0,-0.00421036]
				],
		"#2-20": [
					[0.2831,0,0.536843],
					[-0.179726,-0,0.27234],
					[-0.262861,-0,0.190973],
					[1,0,-0.537253]
				],
		"#2-21": [
					[0.071402,0.0325749,0.0808348],
					[0.193279,0.0881774,-0.215524],
					[0.103403,0.0471746,-0.114663],
					[0.244215,0.111415,0.663377]
				],
		"#2-22": [
					[-0.165048,-0.383157,0.395446],
					[-0.0830752,-0.192858,0.0845085],
					[-0.0484003,-0.112361,0.0562181],
					[0.395616,0.918416,0.329532]
				],
		"#2-23": [
					[0.195599,0.215242,-0.0238177],
					[-0.0585491,-0.064429,0.0302462],
					[-0.0526153,-0.0578993,0.0388093],
					[0.391921,0.431281,0.449513]
				],
		"#2-24": [
					[0.118334,0.0695345,0.0268548],
					[0.132248,0.0777103,-0.15075],
					[0.00187817,0.00110363,-0.0226651],
					[0.311723,0.183171,0.57717]
				],
		"#2-25": [
					[-0.385886,-0,0.926099],
					[-1,-0,0.885357],
					[-1,-0,0.822329],
					[1,0,-0.299588]
				],
		"#2-26": [
					[-0.682251,-0.101601,1],
					[0.301624,0.044918,-0.200272],
					[-0.339514,-0.0505606,0.389674],
					[0.989092,0.147296,-0.206041]
				]
		},
		{
		"#3-1": [
					[0.0673146,0.997674,0.149229],
					[0.0673184,0.997732,-0.0189081],
					[0.0673184,0.997732,-0.0200491],
					[-0.0410721,-0.608732,1]
				]
		}
	]
}
