{
	"width": 1497,
	"height": 1014,
	"linearGradients": [
		{
		"#1-1": [
					[0.240599,0.0728203,0.252768],
					[0.33086,0.100139,0.348428],
					[0.294197,0.0890422,0.571714],
					[0.00957122,0.00289685,0.99]
				],
		"#1-2": [
					[0.012297,0.00761882,0.339834],
					[-0.246093,-0.152472,0.509629],
					[-0.850067,-0.526675,0.754894],
					[0.00850067,0.00526675,1]
				],
		"#1-3": [
					[-0.125613,-0,0.356162],
					[-0.4656,-0,0.470657],
					[-1,-0,0.635819],
					[0.01,0,1]
				],
		"#1-4": [
					[0.377033,0.119582,0.234838],
					[0.380621,0.12072,0.332502],
					[0.422329,0.133948,0.545939],
					[0.00359891,0.00114145,0.99]
				],
		"#1-5": [
					[-0.0398638,-0,0.42458],
					[-0.202176,-0,0.534768],
					[-1,-0,0.812452],
					[0,0,1]
				],
		"#1-6": [
					[-0.216234,-0.0875738,0.367083],
					[-0.270081,-0.109382,0.4283],
					[-0.284726,-0.115313,0.291498],
					[0,0,0.99]
				],
		"#1-7": [
					[-0.21715,-0.0112328,0.523789],
					[-0.29042,-0.0150229,0.627869],
					[-0.998665,-0.051659,0.987496],
					[0.00998665,0.00051659,1]
				],
		"#1-8": [
					[-0.179732,-0.288924,0.432752],
					[-0.315411,-0.50703,0.5888],
					[-0.528212,-0.849112,0.7564],
					[0.00528212,0.00849112,1]
				],
		"#1-9": [
					[-0.181655,0.363834,0.228496],
					[-0.146598,0.293618,0.360425],
					[-0.221234,0.443106,0.429003],
					[-0,0,0.990039]
				],
		"#1-10": [
					[0.0929891,0.358079,0.311143],
					[0.087208,0.335817,0.366231],
					[0.0778152,0.299648,0.507966],
					[1.10887e-05,4.27001e-05,1]
				],
		"#1-11": [
					[-0.178822,-0.0573696,0.36406],
					[-0.190313,-0.0610563,0.399441],
					[-0.10889,-0.0349341,0.208074],
					[0,0,0.991158]
				],
		"#1-12": [
					[1,0,0.0924184],
					[0.676814,0,0.278256],
					[-0.207568,-0,0.713045],
					[0.00617306,0,0.99708]
				],
		"#1-13": [
					[0.159268,0.0575671,0.230773],
					[0.11884,0.0429547,0.284673],
					[0.319628,0.115529,0.0396559],
					[0.00940453,0.00339925,0.99]
				],
		"#1-14": [
					[1,0,-0.100511],
					[1,0,-0.0731358],
					[0.643895,0,-0.0751854],
					[0,0,1]
				],
		"#1-15": [
					[0.705977,0.708234,-0.409336],
					[0.705977,0.708234,-0.380785],
					[0.441937,0.44335,-0.261038],
					[7.88944e-05,7.91466e-05,1]
				],
		"#1-16": [
					[0.357213,0.0915169,0.281297],
					[0.392357,0.100521,0.358174],
					[0.518663,0.13288,0.499916],
					[0,0,0.995698]
				],
		"#1-17": [
					[0.344362,0.0728061,0.304103],
					[0.385133,0.081426,0.37721],
					[0.458372,0.0969104,0.550753],
					[0,0,0.99]
				],
		"#1-18": [
					[-0.710438,-0.362713,0.912386],
					[-0.721039,-0.368125,0.951974],
					[-0.890638,-0.454713,0.999436],
					[0.00890638,0.00454713,1]
				],
		"#1-19": [
					[0.190517,0.981684,-0.278681],
					[0.190517,0.981684,-0.247339],
					[0.171146,0.881869,-0.313849],
					[0,0,0.998957]
				],
		"#1-20": [
					[0.0358048,0.447477,-0.0136353],
					[0.0299704,0.374561,0.0685063],
					[0.0797599,0.996814,-0.494314],
					[8.53215e-05,0.00106632,1]
				],
		"#1-21": [
					[-0.434324,-0.766715,0.915279],
					[-0.402812,-0.711086,0.927229],
					[-0.492886,-0.870094,1],
					[0.00492886,0.00870094,1]
				],
		"#1-22": [
					[0.77583,0,-0.185211],
					[0.738602,0,-0.135156],
					[0.925136,0,-0.335979],
					[0.01,0,0.992398]
				],
		"#1-23": [
					[0.363221,0.0553369,0.320827],
					[0.390473,0.0594888,0.402525],
					[0.469295,0.0714972,0.563513],
					[0,0,0.990004]
				],
		"#1-24": [
					[-0.107964,-0.0567777,0.358243],
					[-0.162978,-0.0857094,0.429984],
					[0.017049,0.00896598,0.152535],
					[0.00885071,0.00465455,0.990001]
				],
		"#1-25": [
					[0.34514,0.739035,-0.407004],
					[0.349387,0.748129,-0.389119],
					[0.413041,0.88443,-0.579989],
					[0.00116771,0.00250037,0.993759]
				],
		"#1-26": [
					[0.149429,0.167357,0.0547879],
					[0.167944,0.188094,0.0593409],
					[0.268738,0.300981,-0.171605],
					[0,0,1]
				],
		"#1-27": [
					[0.594172,0.203574,0.0988173],
					[0.497033,0.170292,0.268104],
					[0.354158,0.121341,0.571362],
					[0.000152828,5.23615e-05,1]
				],
		"#1-28": [
					[0.998214,0.0597339,-0.398513],
					[0.998214,0.0597339,-0.376099],
					[0.998214,0.0597339,-0.444414],
					[0.00377142,0.000225685,1]
				],
		"#1-29": [
					[-0.0545906,-0.219119,0.617103],
					[-0.099105,-0.397793,0.746755],
					[-0.241747,-0.970339,1],
					[0.00241747,0.00970339,0.999636]
				],
		"#1-30": [
					[0.475473,0.0135521,0.545742],
					[0.468358,0.0133493,0.571542],
					[0.446978,0.0127399,0.62175],
					[0,0,1]
				],
		"#1-31": [
					[0.966207,0.257768,-0.366162],
					[0.966207,0.257768,-0.338668],
					[0.966207,0.257768,-0.354855],
					[0.00966207,0.00257768,1]
				],
		"#1-32": [
					[0.0660378,0.212747,0.679831],
					[0.0655688,0.211236,0.686616],
					[0.10013,0.322578,0.564747],
					[0,0,0.990006]
				],
		"#1-33": [
					[0.355944,0,0.104308],
					[0.389214,0,0.10903],
					[1,0,-0.439681],
					[3.67515e-05,0,1]
				],
		"#1-34": [
					[0.393642,0.052881,0.680512],
					[0.375875,0.0504943,0.687644],
					[0.389359,0.0523057,0.669909],
					[0,0,0.99]
				],
		"#1-35": [
					[-0.0234453,-0.662946,0.616045],
					[-0.0241821,-0.683781,0.647847],
					[-0.0262187,-0.741368,0.641439],
					[0.000339758,0.0096071,0.997624]
				],
		"#1-36": [
					[0.103735,0,0.718149],
					[0.0212342,0,0.824313],
					[-0.0527409,-0,0.932256],
					[0.01,0,0.99]
				],
		"#1-37": [
					[0.359746,0.128102,0.466485],
					[0.354557,0.126254,0.487224],
					[0.423605,0.150841,0.421276],
					[0,0,0.996158]
				],
		"#1-38": [
					[0.135799,0.03635,0.690907],
					[0.122865,0.0328881,0.710755],
					[0.186691,0.0499728,0.642615],
					[0,0,0.99]
				],
		"#1-39": [
					[-0.241165,-0.145929,0.997916],
					[-0.225228,-0.136286,0.995773],
					[-0.260128,-0.157404,1],
					[0.00855562,0.00517701,0.9912]
				],
		"#1-40": [
					[0.182903,0,0.646262],
					[0.14305,0,0.697314],
					[0.0835924,0,0.758098],
					[1.14628e-06,0,0.99]
				],
		"#1-41": [
					[0.0329434,0.0141307,0.636799],
					[0.0369183,0.0158357,0.656295],
					[-0.290079,-0.124426,0.974848],
					[0.00919023,0.00394205,0.99]
				],
		"#1-42": [
					[-0.319623,-0.395687,1],
					[-0.304339,-0.376766,0.999904],
					[-0.409208,-0.506593,1],
					[0.00628372,0.00777913,0.99012]
				],
		"#1-43": [
					[0.23242,0.137221,0.219222],
					[0.223883,0.132181,0.283262],
					[0.111769,0.0659882,0.0510106],
					[0.00861118,0.00508404,0.99]
				],
		"#1-44": [
					[-0.0362927,0.0141041,0.565971],
					[4.39453e-05,-1.70781e-05,0.586627],
					[-0.0573508,0.0222877,0.26625],
					[-0.00932089,0.00362229,0.999682]
				],
		"#1-45": [
					[0.058253,0.0273345,0.42858],
					[0.0434651,0.0203954,0.49262],
					[0.0216608,0.0101641,0.167163],
					[0.000138799,6.51298e-05,0.992092]
				]
		},
		{
		"#2-1": [
					[-0.567198,-0.413663,0.604982],
					[-0.734634,-0.535776,0.784338],
					[-0.564579,-0.411753,0.476854],
					[0.807952,0.589248,0.199156]
				],
		"#2-2": [
					[0.301005,0.181991,0.332721],
					[0.419036,0.253353,0.345238],
					[0.462367,0.279551,0.475151],
					[0.491059,0.296899,0.663626]
				],
		"#2-3": [
					[-0.0925894,-0.266222,0.098293],
					[-0.112441,-0.3233,0.242094],
					[-0.243942,-0.701404,0.514367],
					[0.328491,0.944507,-0.0186375]
				],
		"#2-4": [
					[0.100285,0.0344789,0.521027],
					[0.159001,0.054666,0.466708],
					[0.327248,0.112511,0.239879],
					[0.407556,0.140121,-0.0239763]
				]
		}
	]
}
