{
	"width": 700,
	"height": 700,
	"linearGradients": [
		{
		"#1-1": [
					[0.0314965,0.0449577,0.94322],
					[0.0113052,0.0161368,0.982101],
					[0.0401715,0.0573403,0.923814],
					[0.00528282,0.00754064,0.99]
				],
		"#1-2": [
					[0.186126,0.970704,0.10002],
					[0.188312,0.982109,-0.357362],
					[0.188312,0.982109,-0.304247],
					[7.38965e-05,0.000385394,1]
				],
		"#1-3": [
					[-0.0318932,-0,1],
					[-0.0998765,-0,1],
					[-0.101842,-0,1],
					[0.01,0,0.992463]
				],
		"#1-4": [
					[-0.158703,-0.0148689,0.906492],
					[0.99564,0.0932817,-0.11926],
					[0.99564,0.0932817,-0.0502399],
					[0,0,1]
				],
		"#1-5": [
					[0.365424,0.291309,0.45077],
					[-0.594696,-0.47408,0.788637],
					[-0.568072,-0.452856,0.808904],
					[0,0,1]
				],
		"#1-6": [
					[-0.437529,-0.13409,1],
					[-0.956106,-0.29302,0.762558],
					[-0.956106,-0.29302,0.833938],
					[0.00956106,0.0029302,0.99751]
				],
		"#1-7": [
					[-0.216385,-0.0215226,1],
					[-0.99509,-0.0989762,0.937833],
					[-0.99509,-0.0989762,1],
					[0.0099509,0.000989762,1]
				],
		"#1-8": [
					[-0.00898556,-0.107899,1],
					[-0.0756917,-0.908911,1],
					[-0.0766483,-0.920398,1],
					[0.000829901,0.0099655,0.994252]
				],
		"#1-9": [
					[-0.187001,-0,1],
					[-1,-0,0.905967],
					[-1,-0,0.969119],
					[0.01,0,1]
				],
		"#1-10": [
					[-0.142511,-0.0360532,1],
					[-0.969458,-0.245259,0.978573],
					[-0.969458,-0.245259,1],
					[0.00969458,0.00245259,1]
				],
		"#1-11": [
					[0.577848,0.816144,-0.020148],
					[0.577848,0.816144,-0.508782],
					[0.577848,0.816144,-0.508006],
					[0.00105348,0.00148792,1]
				],
		"#1-12": [
					[-0.481104,-0.213803,1],
					[-0.913826,-0.406105,0.64943],
					[-0.913826,-0.406105,0.729304],
					[0.00913826,0.00406105,1]
				],
		"#1-13": [
					[-0.402392,-0,0.940054],
					[-0.815311,-0,0.553208],
					[-0.926977,-0,0.673146],
					[0,0,0.996489]
				],
		"#1-14": [
					[-0.00623602,-0.00590597,1],
					[0.0176137,0.0166815,0.950239],
					[-0.0456148,-0.0432005,0.933496],
					[0.0072606,0.00687632,0.99]
				],
		"#1-15": [
					[-0.00907199,-0.0051975,1],
					[-0.0313175,-0.0179424,1],
					[-0.0123524,-0.00707688,0.91089],
					[0.00867686,0.00497112,0.99]
				],
		"#1-16": [
					[-0.0610359,0.998136,0.540537],
					[-0.0610359,0.998136,-0.10247],
					[-0.0169797,0.277673,0.128704],
					[-0,0,1]
				],
		"#1-17": [
					[0.720109,0,0.318588],
					[0.896678,0,-0.401305],
					[0.965102,0,-0.375537],
					[0.0074815,0,0.995426]
				],
		"#1-18": [
					[-0.133432,-0,1],
					[-0.994955,-0,0.966675],
					[0.142811,0,0.304365],
					[0,0,0.998246]
				],
		"#1-19": [
					[0.0110665,0,0.771464],
					[0.668902,0,-0.228528],
					[0.823919,0,-0.280547],
					[0,0,0.99009]
				],
		"#1-20": [
					[0.703161,0.0718039,0.300272],
					[0.994827,0.101588,-0.468716],
					[0.994827,0.101588,-0.401265],
					[0,0,1]
				],
		"#1-21": [
					[-0.112259,-0.993679,1],
					[-0.112259,-0.993679,0.637731],
					[-0.0999791,-0.88498,0.689669],
					[0.00112259,0.00993679,0.999094]
				],
		"#1-22": [
					[-0.252224,-0.0858216,1],
					[-0.946698,-0.322123,0.938577],
					[-0.946698,-0.322123,0.907526],
					[0.00946698,0.00322123,0.998922]
				],
		"#1-23": [
					[-0.396355,-0.552827,1],
					[-0.258845,-0.361031,0.482386],
					[-0.388003,-0.541179,0.669609],
					[0.00582676,0.00812704,0.99]
				],
		"#1-24": [
					[-0.456596,-0,1],
					[-0.308553,-0,0.407876],
					[-0.278064,-0,0.463094],
					[0.01,0,0.990333]
				],
		"#1-25": [
					[0.289123,0.957292,0.0374822],
					[0.289123,0.957292,-0.325073],
					[0.289123,0.957292,-0.288008],
					[0,0,1]
				],
		"#1-26": [
					[-0.267279,-0,1],
					[-0.532241,-0,1],
					[-0.789614,-0,1],
					[0.01,0,0.99]
				],
		"#1-27": [
					[-0.359443,-0.236363,1],
					[-0.835538,-0.549433,0.887621],
					[-0.835538,-0.549433,0.962593],
					[0.00835538,0.00549433,0.993593]
				],
		"#1-28": [
					[0.0454399,0.0791739,0.770201],
					[0.049221,0.0857621,0.677475],
					[-0.000277716,-0.000483888,0.780102],
					[0.00492555,0.00858222,0.99]
				],
		"#1-29": [
					[-0.121398,-0,1],
					[-0.649554,-0,1],
					[-0.799967,-0,1],
					[0.01,0,0.99]
				],
		"#1-30": [
					[1,0,-0.0153932],
					[1,0,-0.122084],
					[1,0,-0.082646],
					[0.00135416,0,1]
				],
		"#1-31": [
					[-0.0211282,-0.162327,1],
					[0.0315208,0.242173,0.147313],
					[-0.0106169,-0.0815694,0.372369],
					[0.0012907,0.00991636,0.99]
				],
		"#1-32": [
					[0.0395729,0.0198664,0.885405],
					[-0.00906331,-0.00454997,0.884853],
					[-0.089843,-0.045103,0.987904],
					[0.00580197,0.00291271,0.990006]
				],
		"#1-33": [
					[-0.00732005,-0.0201927,0.852762],
					[0.192429,0.530826,0.0229601],
					[0.340807,0.940133,-0.535464],
					[0.000434098,0.00119748,1]
				],
		"#1-34": [
					[-0.27972,-0.120726,1],
					[-0.466318,-0.20126,1],
					[-0.455572,-0.196622,1],
					[0.00918137,0.00396263,0.99]
				]
		},
		{
		"#2-1": [
					[-0.627565,-0,0.291642],
					[-1,-0,0.708154],
					[-1,-0,0.327664],
					[1,0,0.19596]
				],
		"#2-2": [
					[-0.499982,-0.114164,1],
					[-0.974908,-0.222606,0.450418],
					[-0.974908,-0.222606,0.507158],
					[0.974908,0.222606,0.104706]
				],
		"#2-3": [
					[0.0100211,0.99995,0.165651],
					[0.0100211,0.99995,-0.260686],
					[0.0100211,0.99995,-0.37161],
					[-0.0100211,-0.99995,0.863755]
				],
		"#2-4": [
					[-0.294538,-0.0827533,1],
					[-0.962724,-0.270487,0.517044],
					[-0.962724,-0.270487,0.643749],
					[0.962724,0.270487,0.0300696]
				],
		"#2-5": [
					[-0.127652,-0.0487526,1],
					[-0.934187,-0.356783,0.404809],
					[-0.934187,-0.356783,0.400022],
					[0.934187,0.356783,-0.119388]
				],
		"#2-6": [
					[-0.774185,-0,1],
					[-1,-0,0.373453],
					[-1,-0,0.506766],
					[1,0,0.345795]
				],
		"#2-7": [
					[-0.0316983,-0.0241456,0.999798],
					[0.712802,0.542964,-0.347589],
					[-0.794898,-0.605499,0.708438],
					[0.795498,0.605956,-0.181909]
				],
		"#2-8": [
					[-0.313735,-0.325284,1],
					[-0.694214,-0.719768,0.400314],
					[-0.694214,-0.719768,0.612548],
					[0.694214,0.719768,0.0612613]
				],
		"#2-9": [
					[-0.0598872,-0,1],
					[-0.519187,-0,1],
					[-0.680768,-0,0.8375],
					[0.827115,0,-0.147114]
				],
		"#2-10": [
					[-0.43265,-0.149491,0.970979],
					[0.00602202,0.00208075,-0.00464735],
					[-0.454934,-0.15719,0.372205],
					[0.94517,0.326578,0.171287]
				],
		"#2-11": [
					[0.799004,0.471923,-0.0865527],
					[0.861028,0.508557,-0.802692],
					[0.861028,0.508557,-0.716073],
					[-0.317383,-0.187459,1]
				],
		"#2-12": [
					[-0.254417,-7.60727e-06,1],
					[-1,-2.99007e-05,0.697075],
					[-1,-2.99007e-05,0.587857],
					[1,2.99007e-05,0.274608]
				],
		"#2-13": [
					[0.283697,-0.958914,0.583501],
					[0.283697,-0.958914,-0.0385728],
					[0.283697,-0.958914,0.155896],
					[-0.283697,0.958914,0.467255]
				],
		"#2-14": [
					[-0.187835,0.454894,0.713731],
					[-0.204434,0.495094,-0.0560474],
					[0.361944,-0.876547,0.362337],
					[-0.381663,0.924302,0.390895]
				],
		"#2-15": [
					[0.285402,0.0103974,0.722161],
					[0.546103,0.0198948,0.481432],
					[0.191701,0.00698377,0.786602],
					[0.54452,0.0198371,0.294312]
				]
		}
	]
}
