{
	"width": 128,
	"height": 128,
	"linearGradients": [
		{
		"#1-1": [
					[-0.00450289,-0,1],
					[-0.018298,-0,1],
					[-0.0149317,-0,1],
					[0,0,0.99]
				]
		},
		{
		"#2-1": [
					[0.677422,0.735595,-0.209013],
					[0.342561,0.371979,0.289439],
					[0.677422,0.735595,-0.254842],
					[0.677422,0.735595,0.146743]
				],
		"#2-2": [
					[-0.550567,-0,0.901838],
					[0.0875641,0,-0.0261863],
					[-0.196522,-0,0.140004],
					[0.574291,0,0.389619]
				],
		"#2-3": [
					[-0.497121,-0.129004,1],
					[-0.572728,-0.148624,0.380652],
					[-0.615362,-0.159688,0.451011],
					[0.96794,0.251182,0.043377]
				],
		"#2-4": [
					[-0.62212,0.757759,0.679894],
					[-0.634542,0.772889,0.58598],
					[-0.634542,0.772889,0.393082],
					[0.634542,-0.772889,0.82355]
				]
		},
		{
		"#3-1": [
					[0.323045,0.0173566,0.897875],
					[0.285751,0.0153529,0.939549],
					[0.400414,0.0215135,0.893754],
					[0.483259,0.0259646,0.683001]
				],
		"#3-2": [
					[0.917492,0,0.180667],
					[-1,-0,0.464358],
					[-1,-0,0.307291],
					[1,0,0.226858]
				],
		"#3-3": [
					[-0.0311556,0.0371342,1],
					[-0.0595105,0.0709304,1],
					[0.521252,-0.621278,1],
					[0.0787413,-0.0938515,0.838426]
				]
		},
		{
		"#4-1": [
					[0.0785485,0.192589,0.30762],
					[-0.0878147,-0.215309,0.669891],
					[0.24501,0.600728,-0.281997],
					[0.377652,0.925947,-0.229962]
				],
		"#4-2": [
					[0.237222,-0.201707,0.8382],
					[-0.76183,0.647777,0.206883],
					[-0.0360732,0.0306727,0.00480572],
					[0.76183,-0.647777,0.456441]
				],
		"#4-3": [
					[0.763297,0.646048,-0.00365454],
					[0.763297,0.646048,-0.080221],
					[0.763297,0.646048,-0.242651],
					[-0.170108,-0.143978,1]
				],
		"#4-4": [
					[-0.566925,-0,1],
					[-0.848047,-0,1],
					[1,0,-0.389006],
					[0.829923,0,0.219794]
				]
		}
	]
}
