{
	"width": 1019,
	"height": 1015,
	"linearGradients": [
		{
		"#1-1": [
					[-0.0201276,-0,1],
					[-0.0343281,-0,1],
					[-0.055597,-0,0.999234],
					[0,0,0.99]
				]
		},
		{
		"#2-1": [
					[0.018899,0,0.320591],
					[-0.595627,-0,0.609497],
					[0.576353,0,-0.062041],
					[1,0,0.303441]
				],
		"#2-2": [
					[-0.20931,-0.198267,0.783738],
					[0.0465776,0.04412,-0.00775989],
					[0.0191033,0.0180953,-0.0131288],
					[0.45122,0.427413,0.191342]
				],
		"#2-3": [
					[0.0169819,0,0.893458],
					[0.491173,0,0.331917],
					[1,0,-0.300426],
					[1,0,-0.0338193]
				],
		"#2-4": [
					[0.0598971,0.0835725,0.619566],
					[0.0317558,0.0443078,0.395886],
					[0.264662,0.369275,0.101815],
					[0.303902,0.424024,0.0963204]
				],
		"#2-5": [
					[0.320819,0,0.237718],
					[-0.197575,-0,0.286566],
					[0.138156,0,-0.107058],
					[1,0,-0.681035]
				]
		},
		{
		"#3-1": [
					[-0.132597,-0.124305,0.218939],
					[-0.18737,-0.175653,0.351159],
					[-0.281359,-0.263764,0.17096],
					[0.72955,0.683928,0.0306488]
				],
		"#3-2": [
					[-0.16768,-0.0777363,0.993807],
					[0.907247,0.420599,0.0640945],
					[0.222835,0.103306,0.237707],
					[0.907247,0.420599,0.381305]
				],
		"#3-3": [
					[0.145876,-0.0738957,1],
					[-0.548439,0.277819,0.94636],
					[-0.892073,0.451892,0.836327],
					[-0.892073,0.451892,0.78569]
				],
		"#3-4": [
					[-0.0359894,-0.649941,0.999454],
					[0.0552886,0.99847,-0.0856404],
					[0.0117519,0.212231,0.0997696],
					[0.00639806,0.115544,0.759751]
				],
		"#3-5": [
					[0.0892674,0.108469,0.93845],
					[0.549369,0.667539,0.56148],
					[0.0668221,0.0811956,0.658837],
					[0.239507,0.291025,0.596675]
				],
		"#3-6": [
					[-0.745558,-0.622521,1],
					[-0.767582,-0.640909,0.60185],
					[-0.767602,-0.640927,0.443096],
					[0.767602,0.640927,0.00478773]
				],
		"#3-7": [
					[-0.0137213,-0.000267173,0.994665],
					[0.192216,0.00374272,0.916514],
					[0.529304,0.0103063,0.606941],
					[0.245071,0.00477189,0.412247]
				],
		"#3-8": [
					[0.00492455,-0.00930816,0.966508],
					[-0.467643,0.883917,0.26605],
					[0.403176,-0.762066,0.778539],
					[-0.348102,0.657967,0.546328]
				],
		"#3-9": [
					[0.990087,0,0.584243],
					[1,0,0.583267],
					[1,0,0.371776],
					[1,0,0.384591]
				],
		"#3-10": [
					[-0.0410236,-0,0.306352],
					[0.0516308,0,-0.0306101],
					[-0.13719,-0,0.118124],
					[1,0,0.102155]
				],
		"#3-11": [
					[0.0385202,0.00404298,0.977965],
					[-0.167703,-0.0176017,0.944625],
					[0.583024,0.0611926,0.326998],
					[0.0866852,0.00909825,0.700177]
				],
		"#3-12": [
					[-0.682148,0.306172,1],
					[-0.912319,0.40948,0.806668],
					[-0.912319,0.40948,0.769757],
					[-0.211399,0.0948829,0.800732]
				],
		"#3-13": [
					[-0.0930377,-0.525664,0.999994],
					[0.136393,0.770624,-0.347483],
					[0.168853,0.954019,-0.49852],
					[0.0507082,0.286502,0.488167]
				]
		}
	]
}
