{
	"width": 1497,
	"height": 1014,
	"linearGradients": [
		{
		"#1-1": [
					[0.340239,0.105155,0.246986],
					[0.349531,0.108027,0.345462],
					[0.388146,0.119961,0.566808],
					[0.00955411,0.00295281,0.99]
				],
		"#1-2": [
					[0.397024,0.122807,0.232622],
					[0.368142,0.113873,0.341738],
					[0.382587,0.118341,0.554071],
					[0.000140365,4.34174e-05,0.99]
				],
		"#1-3": [
					[0.255609,0.16702,0.287243],
					[0.274117,0.179114,0.344958],
					[0.254112,0.166042,0.560724],
					[0.00837133,0.00547,0.990143]
				],
		"#1-4": [
					[-0.233427,-0.0426998,0.479031],
					[-0.130051,-0.0237896,0.532123],
					[0.754374,0.137994,0.389627],
					[0.00969042,0.00177263,0.998558]
				],
		"#1-5": [
					[-0.161664,-0,0.417466],
					[-0.170617,-0,0.453151],
					[-0.0972482,-0,0.294936],
					[0.00190479,0,0.991964]
				],
		"#1-6": [
					[0.385277,0.476514,0.180729],
					[0.330097,0.408267,0.289419],
					[0.504791,0.624331,0.224625],
					[0,0,1]
				],
		"#1-7": [
					[0.197562,0.165412,0.28105],
					[0.232045,0.194283,0.323977],
					[0.337738,0.282776,0.428557],
					[0.00766737,0.00641961,0.990229]
				],
		"#1-8": [
					[0.228019,0.11876,0.374914],
					[0.277319,0.144437,0.408341],
					[0.342811,0.178548,0.54134],
					[0.00886914,0.00461935,0.990006]
				],
		"#1-9": [
					[0.139238,0.0664178,0.464299],
					[0.178936,0.0853538,0.498605],
					[0.443155,0.211388,0.504038],
					[0.00902574,0.00430535,0.99]
				],
		"#1-10": [
					[0.512401,0.18541,0.270995],
					[0.518374,0.187571,0.327158],
					[0.481724,0.17431,0.502758],
					[0,0,1]
				],
		"#1-11": [
					[0.230478,0.110983,0.293607],
					[0.236301,0.113787,0.380537],
					[0.392332,0.188921,0.489676],
					[0.00900984,0.00433853,0.990014]
				],
		"#1-12": [
					[0.0614497,0.0375532,0.486694],
					[0.171863,0.105029,0.46965],
					[0.332337,0.203098,0.508824],
					[0.000361866,0.000221144,0.990231]
				],
		"#1-13": [
					[0.227537,0.100046,0.300813],
					[0.339155,0.149124,0.327533],
					[0.499381,0.219573,0.445341],
					[0.00915419,0.00402502,0.990006]
				],
		"#1-14": [
					[0.0681119,0.0343317,0.692562],
					[0.156532,0.0788999,0.647736],
					[0.221712,0.111754,0.668377],
					[0.0045912,0.00231419,0.99]
				],
		"#1-15": [
					[0.275094,0.269475,0.195619],
					[0.330498,0.323746,0.232431],
					[0.146196,0.143209,0.515594],
					[0.00714366,0.00699773,0.991663]
				],
		"#1-16": [
					[-0.975396,-0.220462,0.792226],
					[-0.975396,-0.220462,0.824393],
					[-0.975396,-0.220462,0.664735],
					[0.00975396,0.00220462,1]
				],
		"#1-17": [
					[0.672034,0.333687,0.163888],
					[0.626127,0.310893,0.260826],
					[0.749679,0.37224,0.183191],
					[0.0087698,0.00435449,0.994162]
				],
		"#1-18": [
					[0.656183,0.397175,-0.000417278],
					[0.688147,0.416522,0.0598312],
					[0.571605,0.345982,0.238947],
					[0,0,1]
				],
		"#1-19": [
					[0.143099,0,0.467487],
					[0.2477,0,0.508837],
					[1,0,0.230929],
					[0,0,0.99972]
				],
		"#1-20": [
					[-0.102508,-0,0.613904],
					[0.0885399,0,0.577725],
					[0.30856,0,0.581731],
					[0.01,0,0.99]
				],
		"#1-21": [
					[0.279319,0.185815,0.60006],
					[0.263941,0.175585,0.616287],
					[0.34065,0.226615,0.604341],
					[0.0081125,0.00539679,0.99]
				],
		"#1-22": [
					[0.357705,0.161276,0.561963],
					[0.384193,0.173218,0.561469],
					[0.427335,0.192669,0.565615],
					[0.00213187,0.000961181,0.99]
				],
		"#1-23": [
					[-0.0683894,-0.0258917,0.179006],
					[-0.115697,-0.0438018,0.230346],
					[-0.17515,-0.0663104,0.195674],
					[0.0093522,0.00354067,0.99]
				],
		"#1-24": [
					[1,0,0.0848429],
					[1,0,0.104789],
					[1,0,0.0609571],
					[6.3207e-05,0,1]
				],
		"#1-25": [
					[0.593142,0.613807,0.234987],
					[0.616509,0.637989,0.233556],
					[0.567454,0.587225,0.255268],
					[0.000696477,0.000720743,1]
				],
		"#1-26": [
					[0.335134,0.227945,0.355403],
					[0.34389,0.2339,0.388124],
					[0.395956,0.269314,0.437169],
					[3.89573e-05,2.64972e-05,1]
				],
		"#1-27": [
					[0.661686,0,0.308252],
					[0.669683,0,0.330052],
					[0.860738,0,0.224863],
					[0,0,1]
				],
		"#1-28": [
					[0.304284,0.160564,0.276975],
					[0.372109,0.196354,0.294304],
					[0.400962,0.211579,0.453322],
					[0,0,0.99]
				],
		"#1-29": [
					[0.31214,0.15844,0.525356],
					[0.339503,0.172329,0.539625],
					[0.40887,0.20754,0.555552],
					[0,0,0.99]
				],
		"#1-30": [
					[-0.381015,0.186157,0.981079],
					[-0.321114,0.15689,0.97988],
					[-0.318901,0.15581,0.998771],
					[-0.000575246,0.000281055,0.998757]
				],
		"#1-31": [
					[0.101583,0.0601868,0.0440245],
					[0.102688,0.0608412,0.054947],
					[0.219043,0.12978,-0.105108],
					[0,0,0.999709]
				],
		"#1-32": [
					[0.207962,0.109176,0.590627],
					[0.242627,0.127375,0.592374],
					[-0.306928,-0.161132,1],
					[0.00885404,0.00464822,0.990052]
				],
		"#1-33": [
					[-0.00975429,0.20934,0.269807],
					[-0.0127242,0.273079,0.233118],
					[-0.0133884,0.287332,0.185625],
					[-1.74291e-05,0.000374051,0.990809]
				],
		"#1-34": [
					[-0.241267,-0,1],
					[-0.234524,-0,1],
					[-0.258857,-0,1],
					[0.01,0,0.990096]
				],
		"#1-35": [
					[0.420874,0.157138,0.42282],
					[0.339086,0.126601,0.512254],
					[0.936833,0.349777,-0.0179757],
					[0,0,0.999837]
				],
		"#1-36": [
					[-0.051019,-0.248739,0.901944],
					[0.00838098,0.0408607,0.714503],
					[0.09423,0.45941,0.431509],
					[0.00191109,0.00931736,0.99]
				],
		"#1-37": [
					[-0.0770255,-0.0669243,0.245661],
					[-0.0719143,-0.0624834,0.251892],
					[0.173564,0.150803,-0.0877696],
					[0.00754869,0.00655875,0.990078]
				],
		"#1-38": [
					[0.213065,0.0225697,0.517615],
					[0.288421,0.0305521,0.498824],
					[0.396098,0.0419581,0.456303],
					[8.5547e-05,9.06187e-06,0.990078]
				],
		"#1-39": [
					[0.278671,0.257883,0.385424],
					[0.282495,0.261422,0.431475],
					[0.314899,0.291408,0.437479],
					[2.20438e-05,2.03994e-05,0.990035]
				],
		"#1-40": [
					[0.026512,0.00350039,0.696316],
					[0.149528,0.0197422,0.591286],
					[-0.367314,-0.0484967,1],
					[0.00935619,0.0012353,0.99]
				],
		"#1-41": [
					[-0.374327,0.927297,0.378983],
					[-0.374327,0.927297,0.40207],
					[-0.311976,0.772838,0.256052],
					[-0,0,1]
				],
		"#1-42": [
					[0.18125,0,0.538196],
					[0.206297,0,0.530523],
					[-0.00175239,-0,0.585622],
					[0.01,0,0.99]
				],
		"#1-43": [
					[-0.125625,0.992078,0.0409214],
					[-0.125625,0.992078,0.0627231],
					[-0.125625,0.992078,-0.0962965],
					[-0.000377937,0.00298462,1]
				],
		"#1-44": [
					[0.3394,0.190237,0.228022],
					[0.301785,0.169154,0.3003],
					[0.551882,0.309336,-0.179438],
					[0,0,0.99]
				],
		"#1-45": [
					[0.214879,0.0783143,0.270028],
					[0.185539,0.067621,0.349477],
					[0.111597,0.0406722,0.0858143],
					[0,0,0.999437]
				],
		"#1-46": [
					[0.277484,0.169412,0.165276],
					[0.195282,0.119225,0.303228],
					[0.153502,0.0937173,0.00468412],
					[0.00853504,0.00521087,0.99]
				],
		"#1-47": [
					[0.0519954,0.0122877,0.375256],
					[0.00963463,0.00227689,0.472746],
					[0.0573232,0.0135468,0.0964767],
					[0.00973193,0.00229988,0.99]
				],
		"#1-48": [
					[0.294485,0.0421217,0.165157],
					[0.29939,0.0428233,0.209488],
					[0.299685,0.0428655,-0.143803],
					[0,0,0.99]
				]
		},
		{
		"#2-1": [
					[0.249129,0.14657,0.140734],
					[0.376298,0.221388,0.0246996],
					[0.414084,0.243619,-0.0424703],
					[-0.00712471,-0.00419169,0.964545]
				]
		}
	]
}
