{
	"width": 500,
	"height": 500,
	"linearGradients": [
		{
		"#1-1": [
					[0.00188975,0.00198308,-0.00380579],
					[-0.0111272,-0.0116767,0.522865],
					[0.251011,0.263407,-0.0128699],
					[0.00155499,0.00163178,1]
				]
		},
		{
		"#2-1": [
					[0.346946,0.171071,-0.111621],
					[-0.333934,-0.164655,0.999994],
					[0.0537459,0.0265009,0.0185709],
					[-0.0506921,-0.0249951,0.350597]
				],
		"#2-2": [
					[0.000934353,0.00103583,0.625534],
					[-0.178492,-0.197878,0.188503],
					[0.262819,0.291362,0.15782],
					[0.235095,0.260628,0.174827]
				]
		},
		{
		"#3-1": [
					[-0.853579,-0.276774,0.974034],
					[0.0539532,0.0174944,-0.0122946],
					[-0.0631813,-0.0204866,0.266444],
					[-0.0591439,-0.0191774,0.388116]
				],
		"#3-2": [
					[-0.305126,-0.244115,1],
					[0.100813,0.0806548,0.0329622],
					[0.360567,0.28847,-0.135576],
					[-0.16164,-0.129319,0.367883]
				]
		},
		{
		"#4-1": [
					[-0.0774291,-0,0.124756],
					[-0.914458,-0,1],
					[0.0691612,0,0.00387625],
					[-0.0642569,-0,0.236968]
				]
		}
	]
}
