{
	"width": 1497,
	"height": 1014,
	"linearGradients": [
		{
		"#1-1": [
					[0.429364,0.119015,0.240315],
					[0.420778,0.116635,0.340964],
					[0.35504,0.0984132,0.572857],
					[0.00963664,0.00267117,0.990024]
				],
		"#1-2": [
					[-0.928348,-0.371711,0.888206],
					[-0.928348,-0.371711,0.923202],
					[-0.928348,-0.371711,0.761883],
					[0.00928348,0.00371711,1]
				],
		"#1-3": [
					[0.253876,0,0.490663],
					[0.309418,0,0.489259],
					[0.174438,0,0.507434],
					[0.01,0,0.99]
				],
		"#1-4": [
					[-0.172948,-0.0141938,0.52306],
					[0.237413,0.0194844,0.382809],
					[0.320587,0.0263105,0.165481],
					[0.00996649,0.000817949,0.990001]
				],
		"#1-5": [
					[1,0,0.0609726],
					[1,0,0.077966],
					[1,0,0.0501229],
					[0,0,1]
				],
		"#1-6": [
					[-0.928867,0.370413,0.982228],
					[-0.928867,0.370413,0.999915],
					[-0.928867,0.370413,0.978812],
					[-0,0,1]
				],
		"#1-7": [
					[-0.205337,-0.101706,0.284753],
					[-0.199752,-0.0989394,0.296814],
					[-0.774188,-0.383464,0.651169],
					[0.00895761,0.0044368,0.99]
				],
		"#1-8": [
					[-0.991603,-0.12932,0.96732],
					[-0.990881,-0.129226,1],
					[-0.991603,-0.12932,0.796714],
					[0.00991603,0.0012932,0.998202]
				],
		"#1-9": [
					[0.343273,0.132615,0.337565],
					[0.425119,0.164235,0.369305],
					[0.351544,0.135811,0.559258],
					[0,0,0.998636]
				],
		"#1-10": [
					[1,0,0.0170833],
					[1,0,0.0227036],
					[1,0,-0.00134578],
					[0.000261973,0,1]
				],
		"#1-11": [
					[0.27146,0.0160175,0.725335],
					[0.253866,0.0149794,0.743142],
					[0.102341,0.00603868,0.85991],
					[0,0,0.99]
				],
		"#1-12": [
					[-0.511667,-0.113288,0.999968],
					[-0.497098,-0.110062,0.999601],
					[-0.508864,-0.112667,1],
					[0.00976355,0.00216174,0.990054]
				],
		"#1-13": [
					[0.989518,0.144409,0.0252747],
					[0.922699,0.134657,0.0970252],
					[0.826139,0.120565,0.160274],
					[0,0,1]
				],
		"#1-14": [
					[0.741227,0.671255,0.135505],
					[0.741227,0.671255,0.172347],
					[0.215695,0.195334,0.635352],
					[0.000911965,0.000825875,1]
				],
		"#1-15": [
					[-0.842109,-0,1],
					[-0.829606,-0,1],
					[-0.881655,-0,1],
					[0.01,0,0.99]
				],
		"#1-16": [
					[-0.241943,-0,1],
					[-0.236073,-0,1],
					[-0.262454,-0,1],
					[0.01,0,0.99]
				],
		"#1-17": [
					[-0.779096,-0,1],
					[-0.743521,-0,1],
					[-0.781059,-0,1],
					[0.01,0,0.99001]
				],
		"#1-18": [
					[0.75323,0.434797,-0.0327665],
					[0.866066,0.49993,-0.122539],
					[0.866066,0.49993,-0.0915892],
					[0.000932963,0.000538546,1]
				],
		"#1-19": [
					[0.0076037,0.00178712,0.158309],
					[-0.0225885,-0.00530904,0.198463],
					[0.239543,0.0563006,-0.0741908],
					[5.78729e-05,1.3602e-05,0.992998]
				],
		"#1-20": [
					[0.706484,0.707729,-0.268505],
					[0.706484,0.707729,-0.200718],
					[0.0518724,0.0519638,0.827844],
					[0.000560496,0.000561483,1]
				],
		"#1-21": [
					[-0.00333409,-0,0.791069],
					[-0.220287,-0,1],
					[-0.187678,-0,1],
					[0.01,0,0.99]
				],
		"#1-22": [
					[-0.243527,-0,1],
					[-0.226434,-0,1],
					[-0.236762,-0,1],
					[0.01,0,0.99]
				],
		"#1-23": [
					[-0.0206763,0.0770453,0.586652],
					[-0.0188195,0.0701264,0.611184],
					[-0.029287,0.109131,0.437216],
					[-0.00259194,0.00965825,0.99]
				],
		"#1-24": [
					[0.0533857,0.0258818,0.690756],
					[0.121667,0.058985,0.633616],
					[0.473613,0.229611,0.149827],
					[0.00732264,0.00355007,0.99]
				],
		"#1-25": [
					[0.328255,0.133478,0.122869],
					[0.282869,0.115023,0.22353],
					[0.242166,0.0984718,-0.0817574],
					[0,0,0.990014]
				],
		"#1-26": [
					[0.206263,0.115934,0.249572],
					[0.182315,0.102474,0.327256],
					[0.180067,0.10121,-0.0280984],
					[0,0,0.999146]
				]
		},
		{
		"#2-1": [
					[0.295268,0.0281357,0.309772],
					[0.332575,0.0316907,0.403548],
					[0.549827,0.0523924,0.644282],
					[0.446377,0.0425348,0.366843]
				],
		"#2-2": [
					[0.263281,0.108649,0.27644],
					[0.336996,0.139069,0.354274],
					[0.392116,0.161815,0.560254],
					[0.329638,0.136032,0.154944]
				],
		"#2-3": [
					[0.401837,0.117289,0.136078],
					[0.45728,0.133472,0.39604],
					[0.457163,0.133438,0.429281],
					[0.406816,0.118743,-0.00972973]
				],
		"#2-4": [
					[0.451473,0.197145,0.334388],
					[0.476885,0.208242,0.502466],
					[0.448876,0.196011,0.430531],
					[0.383714,0.167557,-0.0169031]
				],
		"#2-5": [
					[0.388928,0.241761,0.314043],
					[0.370709,0.230436,0.389432],
					[0.178207,0.110775,0.57693],
					[0.356294,0.221476,0.158461]
				],
		"#2-6": [
					[0.268811,0.19971,0.248028],
					[0.256074,0.190247,0.327957],
					[0.23996,0.178275,0.550496],
					[0.372055,0.276413,0.468969]
				],
		"#2-7": [
					[0.967497,0.252884,0.162444],
					[0.926258,0.242105,0.239278],
					[0.967421,0.252864,0.141155],
					[0.967497,0.252884,0.170715]
				],
		"#2-8": [
					[0.698611,0.209638,0.168841],
					[0.634859,0.190507,0.265831],
					[0.522778,0.156874,0.530046],
					[0.511692,0.153547,0.46134]
				],
		"#2-9": [
					[-0.0862339,-0.335576,0.503786],
					[-0.0789525,-0.307241,0.497217],
					[0.0236436,0.0920081,-0.000261044],
					[0.0622069,0.242076,0.614157]
				],
		"#2-10": [
					[0.446493,0.0672146,0.316925],
					[0.583543,0.0878459,0.354091],
					[0.625534,0.0941673,0.564151],
					[0.488592,0.0735522,0.461]
				],
		"#2-11": [
					[0.366971,0.207239,0.102782],
					[0.394094,0.222556,0.25808],
					[0.368299,0.207989,0.443762],
					[0.373103,0.210702,0.0352954]
				],
		"#2-12": [
					[0.366922,0.603877,0.089789],
					[0.275064,0.452697,0.255939],
					[0.0963439,0.158562,0.638038],
					[0.302696,0.498173,0.188738]
				],
		"#2-13": [
					[0.502116,0.51147,0.00235707],
					[0.375367,0.38236,0.198679],
					[-0.0584127,-0.0595009,0.705393],
					[0.412404,0.420087,0.426225]
				],
		"#2-14": [
					[0.140702,0.949336,-0.233558],
					[0.128547,0.867328,-0.106538],
					[0.146609,0.989195,-0.167061],
					[0.0646297,0.436067,0.342328]
				],
		"#2-15": [
					[-0.0653356,0.775298,-0.0840925],
					[-0.0433326,0.514202,0.203533],
					[-0.0156149,0.185292,0.650481],
					[-0.0406022,0.481802,0.327557]
				],
		"#2-16": [
					[0.409753,0.294322,0.31022],
					[0.424103,0.304629,0.370465],
					[0.45302,0.3254,0.484567],
					[0.335195,0.240767,0.195595]
				],
		"#2-17": [
					[-0.000601101,-0.00035787,0.688087],
					[0.119012,0.0708547,0.642107],
					[0.39602,0.235773,0.548386],
					[0.247251,0.147202,0.64067]
				],
		"#2-18": [
					[-0.258024,0.841081,0.0064524],
					[-0.212824,0.693743,0.178486],
					[-0.15357,0.500593,0.465476],
					[-0.164172,0.535153,0.333699]
				],
		"#2-19": [
					[0.325362,0.0910355,0.324169],
					[0.352298,0.0985721,0.403247],
					[0.461247,0.129056,0.523587],
					[0.399614,0.111811,0.384527]
				],
		"#2-20": [
					[0.299736,0.0989758,0.335513],
					[0.367497,0.121351,0.375019],
					[0.451431,0.149067,0.512884],
					[0.391821,0.129383,0.384212]
				],
		"#2-21": [
					[0.362133,0.0674853,0.32596],
					[0.35945,0.0669853,0.42619],
					[0.475669,0.0886434,0.552036],
					[0.385252,0.0717936,0.363617]
				],
		"#2-22": [
					[0.33393,0.111564,0.298354],
					[0.37691,0.125924,0.363238],
					[0.455939,0.152327,0.50907],
					[0.368249,0.12303,0.357809]
				]
		}
	]
}
