{
	"width": 851,
	"height": 1239,
	"linearGradients": [
		{
		"#1-1": [
					[-0.214479,-0.0565788,0.218465],
					[-0.379811,-0.100193,0.491814],
					[-0.168988,-0.0445785,0.853058],
					[0,0,0.99]
				],
		"#1-2": [
					[-0.0776364,-0.0166643,0.172231],
					[-0.166071,-0.0356464,0.412731],
					[-0.505563,-0.108517,0.969154],
					[0.00966894,0.0020754,0.99]
				],
		"#1-3": [
					[0.0477362,0,0.192267],
					[-0.166389,-0,0.472842],
					[-1,-0,0.871974],
					[0.01,0,0.997963]
				],
		"#1-4": [
					[-0.208239,0.335293,0.646816],
					[-0.200549,0.322911,0.561604],
					[-0.343084,0.552412,0.281589],
					[-0,0,0.998796]
				],
		"#1-5": [
					[0.994405,0.0177523,-0.0155461],
					[0.337913,0.00603249,0.541514],
					[-0.927483,-0.0165576,0.706388],
					[0,0,0.991007]
				],
		"#1-6": [
					[-0.118068,-0.00440707,0.209141],
					[-0.23034,-0.0085978,0.474016],
					[-0.529982,-0.0197824,1],
					[0.00999304,0.000373005,0.99]
				]
		},
		{
		"#2-1": [
					[-0.967067,-0.254523,0.552247],
					[-0.967067,-0.254523,0.887398],
					[-0.967067,-0.254523,0.181959],
					[-0.967067,-0.254523,0.834483]
				],
		"#2-2": [
					[0.99475,0.102338,0.544318],
					[0.99475,0.102338,0.543769],
					[0.99475,0.102338,0.571715],
					[0.99475,0.102338,0.462299]
				],
		"#2-3": [
					[0.206858,0.0178178,0.93668],
					[0.996311,0.0858177,0.604469],
					[0.996311,0.0858177,0.454501],
					[0.996311,0.0858177,0.41729]
				],
		"#2-4": [
					[-0.126848,-0,1],
					[-0.173686,-0,1],
					[0.827928,0,0.570986],
					[-0.981855,-0,1]
				],
		"#2-5": [
					[0.440282,0.897859,-0.187507],
					[-0.214975,-0.438395,0.450507],
					[-0.440282,-0.897859,0.428734],
					[0.440282,0.897859,0.308094]
				],
		"#2-6": [
					[0.00384075,-0.125054,1],
					[0.0167429,-0.545145,0.959569],
					[0.00952101,-0.310002,0.356821],
					[0.0141472,-0.46063,1]
				],
		"#2-7": [
					[-0.293536,-0,0.641902],
					[-0.464256,-0,0.933411],
					[-0.218108,-0,0.166478],
					[0.118904,0,0.648232]
				],
		"#2-8": [
					[-0.0729981,-0,0.252345],
					[-0.584049,-0,0.840555],
					[-0.151113,-0,0.136509],
					[0.558775,0,0.320024]
				],
		"#2-9": [
					[0.0056138,0,1],
					[1,0,0.0609013],
					[1,0,-0.411126],
					[0.16954,0,0.683523]
				],
		"#2-10": [
					[0.575906,0.817516,-0.481601],
					[0.575906,0.817516,-0.325016],
					[-0.565141,-0.802233,1],
					[0.575906,0.817516,0.0802849]
				],
		"#2-11": [
					[-0.0026517,-0.999996,0.812865],
					[-0.0026517,-0.999996,1],
					[0.0026517,0.999996,-0.143039],
					[-0.0026517,-0.999996,1]
				],
		"#2-12": [
					[-0.114001,-0.0220113,0.129235],
					[-0.128014,-0.0247169,0.144182],
					[-0.16426,-0.0317154,0.189281],
					[0.970004,0.187289,-1]
				]
		},
		{
		"#3-1": [
					[-0.460401,-0,0.396153],
					[-0.485534,-0,0.632105],
					[0.1273,0,0.727741],
					[-0.235914,-0,0.920491]
				]
		}
	]
}
