{
	"width": 1000,
	"height": 730,
	"linearGradients": [
		{
		"#1-1": [
					[0.986896,0.000380172,0.997126],
					[0.986896,0.000380172,0.997126],
					[0.986896,0.000380172,0.997126],
					[7.49557e-05,2.88744e-08,0.99]
				],
		"#1-2": [
					[-0.00287604,-0.00194919,1],
					[-0.00379273,-0.00257045,1],
					[-0.00384934,-0.00260882,1],
					[0.00218649,0.00148186,0.99]
				],
		"#1-3": [
					[-0.0264556,-0.00233394,1],
					[-0.594878,-0.0524809,0.836531],
					[-0.624221,-0.0550696,0.332711],
					[0.00184076,0.000162395,1]
				],
		"#1-4": [
					[0.360382,0.192242,0.847218],
					[0.426835,0.227691,0.807334],
					[0.531367,0.283453,0.760319],
					[0,0,0.99]
				],
		"#1-5": [
					[0.494674,0.393871,0.771959],
					[0.398802,0.317536,0.795648],
					[0.331332,0.263814,0.821947],
					[0,0,0.99]
				],
		"#1-6": [
					[-0.000524977,-0.000586998,0.990009],
					[-0.195298,-0.218371,0.741405],
					[-0.39416,-0.440726,0.366362],
					[0.000603553,0.000674858,1]
				],
		"#1-7": [
					[0.563963,0.0515007,0.779454],
					[0.900319,0.0822165,0.373232],
					[0.995856,0.0909409,0.0568432],
					[0,0,1]
				],
		"#1-8": [
					[-0.0371768,0.12856,0.966753],
					[-0.207663,0.718113,0.464441],
					[-0.106054,0.366741,-0.0329576],
					[-0,0,0.999146]
				],
		"#1-9": [
					[0.324419,0.325902,0.511993],
					[0.283004,0.284298,0.567085],
					[0.38502,0.38678,0.424458],
					[0,0,0.99]
				],
		"#1-10": [
					[0.0561634,0.0175076,0.936054],
					[0.527385,0.1644,0.0332918],
					[0.0063399,0.00197631,-0.00261293],
					[0.00184865,0.000576273,0.996796]
				],
		"#1-11": [
					[-0.999824,-0,1],
					[-0.822255,-0,1],
					[-1,-0,0.690681],
					[0.01,0,0.999972]
				],
		"#1-12": [
					[0.2222,0.129863,0.805103],
					[0.100773,0.0588963,0.739385],
					[-0.314307,-0.183695,0.84468],
					[0.00863361,0.00504587,0.990059]
				],
		"#1-13": [
					[0.0628241,0.00699297,0.932254],
					[0.0996482,0.0110919,0.710596],
					[0.458811,0.0510704,-0.0441849],
					[0.00993862,0.00110627,0.99]
				],
		"#1-14": [
					[0.0380986,0.0601771,0.941479],
					[-0.0455118,-0.0718863,0.639144],
					[-0.446411,-0.705109,0.568164],
					[0.00534917,0.00844905,0.991881]
				],
		"#1-15": [
					[-0.00807531,-0.0142884,1],
					[0.204465,0.361779,0.394364],
					[0.338528,0.598988,-0.31268],
					[0,0,1]
				],
		"#1-16": [
					[0.486363,0.342838,0.377999],
					[0.654468,0.461335,-0.210544],
					[0.195396,0.137735,-0.025291],
					[0.000235893,0.000166281,1]
				],
		"#1-17": [
					[0.17001,0.410906,0.611309],
					[0.382234,0.923842,0.0749487],
					[0.382313,0.924033,-0.0504471],
					[0.000725208,0.00175279,1]
				],
		"#1-18": [
					[-0.00403579,-0.00098135,1],
					[-0.357737,-0.0869879,1],
					[0.231261,0.0562338,-0.0407622],
					[0.00971686,0.00236277,0.991319]
				],
		"#1-19": [
					[0.648922,0,0.541319],
					[-0.293929,-0,1],
					[-0.668659,-0,1],
					[0.01,0,0.990246]
				],
		"#1-20": [
					[0.0380132,0.0708005,0.924768],
					[-0.170808,-0.318135,0.96039],
					[-0.47277,-0.880545,1],
					[0.00473037,0.00881043,0.990267]
				],
		"#1-21": [
					[0.0108568,0.0498946,0.953435],
					[-0.0161117,-0.0740446,0.706323],
					[0.0926151,0.425632,-0.270266],
					[0,0,1]
				],
		"#1-22": [
					[-0.126509,-0.0865593,0.999874],
					[-0.08481,-0.0580284,0.378935],
					[0.043156,0.029528,-0.0391865],
					[0.00825305,0.00564687,0.990076]
				],
		"#1-23": [
					[0.0093696,0.436778,-0.1045],
					[0.019561,0.911866,-0.413217],
					[0.00727771,0.339262,-0.291484],
					[3.66605e-05,0.00170898,0.999594]
				],
		"#1-24": [
					[0.192211,0.00518601,0.747359],
					[0.592809,0.0159945,0.246498],
					[0.729947,0.0196946,0.0861872],
					[0.00999636,0.00026971,0.99]
				],
		"#1-25": [
					[-0.095499,-0.0616531,1],
					[0.162395,0.10484,0.21402],
					[-0.0412785,-0.026649,0.0767865],
					[0.00840133,0.00542381,0.99]
				],
		"#1-26": [
					[0.239901,0.0898537,0.759581],
					[0.581493,0.217795,0.103035],
					[0.936469,0.35075,-0.863142],
					[0.000106494,3.98867e-05,1]
				],
		"#1-27": [
					[0.334643,0.215218,0.678926],
					[0.34523,0.222026,0.259976],
					[-0.120618,-0.0775726,0.123924],
					[0.00841076,0.00540917,0.99]
				],
		"#1-28": [
					[0.311015,0.180341,0.434091],
					[-0.196044,-0.113675,0.56592],
					[-0.417824,-0.242274,0.626278],
					[0.00865089,0.00501618,0.99]
				],
		"#1-29": [
					[0.683768,0,0.371765],
					[1,0,-0.308536],
					[1,0,-0.643571],
					[0.00118597,0,1]
				],
		"#1-30": [
					[0.345546,0.240389,0.46093],
					[0.34281,0.238486,0.46457],
					[0.344178,0.239438,0.46275],
					[0,0,0.99]
				],
		"#1-31": [
					[0.250783,0.11787,0.48229],
					[0.0396409,0.0186315,0.255013],
					[0.0221736,0.0104217,0.0237219],
					[0.00905021,0.00425366,0.99]
				],
		"#1-32": [
					[0.21593,0.0900823,0.708117],
					[0.21593,0.0900823,0.708117],
					[0.21593,0.0900823,0.708117],
					[0,0,0.99]
				],
		"#1-33": [
					[0.231223,0.654215,0.36839],
					[0.333235,0.942844,-0.227416],
					[0.0703318,0.198994,-0.0803092],
					[0.000569795,0.00161216,1]
				],
		"#1-34": [
					[0.433004,0,0.566095],
					[0.431077,0,0.567503],
					[0.432041,0,0.566798],
					[0,0,0.99]
				],
		"#1-35": [
					[0.436027,0,0.558807],
					[0.436635,0,0.556367],
					[0.435471,0,0.558708],
					[0.00385067,0,0.993955]
				],
		"#1-36": [
					[0.41904,0.0298117,0.554348],
					[0.418678,0.029786,0.554732],
					[0.418859,0.0297989,0.55454],
					[0.00134835,9.59252e-05,0.99149]
				]
		},
		{
		"#2-1": [
					[0.420884,0.149189,0.918605],
					[0.420884,0.149189,0.918605],
					[0.420884,0.149189,0.918605],
					[0.427356,0.151483,0.000468845]
				],
		"#2-2": [
					[0.480627,0.21078,0.770429],
					[0.480627,0.21078,0.770429],
					[0.480627,0.21078,0.770429],
					[0.241226,0.10579,-0.059797]
				],
		"#2-3": [
					[0.409254,0.0187656,0.684179],
					[0.316862,0.0145291,0.420982],
					[0.356335,0.0163391,0.354333],
					[0.516314,0.0236747,0.00947442]
				],
		"#2-4": [
					[0.574266,0.213347,0.791219],
					[0.602691,0.223907,0.742282],
					[0.585015,0.217341,0.741314],
					[0.418525,0.155488,0.405195]
				],
		"#2-5": [
					[0.548687,0.167484,0.69042],
					[0.0540333,0.0164934,0.321107],
					[-0.402292,-0.122798,0.146373],
					[0.956435,0.291947,-0.198944]
				],
		"#2-6": [
					[0.111409,0.0835458,0.92331],
					[-0.048806,-0.0365996,0.710061],
					[0.314746,0.236028,-0.112307],
					[0.36077,0.270541,0.564967]
				],
		"#2-7": [
					[0.0232796,0.0776219,0.94687],
					[-0.212104,-0.707223,1],
					[-0.207814,-0.692922,0.428699],
					[0.286886,0.956571,0.376395]
				],
		"#2-8": [
					[0.577834,0.0223404,0.706893],
					[-0.190312,-0.00735791,0.554984],
					[-0.999253,-0.0386335,0.440559],
					[0.999253,0.0386335,-0.113807]
				],
		"#2-9": [
					[0.0304071,0.0104748,0.977712],
					[0.195438,0.0673256,0.661508],
					[0.945473,0.325702,-0.0748731],
					[-0.109885,-0.0378536,1]
				],
		"#2-10": [
					[-0.938249,-0,1],
					[-0.505554,-0,0.619354],
					[0.615858,0,-0.22175],
					[1,0,0.409843]
				],
		"#2-11": [
					[-0.508941,-0,0.986558],
					[-0.120026,-0,0.422844],
					[0.0980555,0,-0.0497297],
					[1,0,0.395522]
				],
		"#2-12": [
					[-0.0989732,0.518769,0.65823],
					[-0.187405,0.982283,-0.118275],
					[-0.0490441,0.257065,-0.0970822],
					[0.0031471,-0.0164955,1]
				],
		"#2-13": [
					[0.0123352,0.00706606,0.635691],
					[0.160155,0.091743,0.141404],
					[0.187169,0.107218,-0.176794],
					[0.425443,0.24371,0.574374]
				]
		}
	]
}
