{
	"width": 1497,
	"height": 1014,
	"linearGradients": [
		{
		"#1-1": [
					[0.382312,0.0957759,0.251999],
					[0.397357,0.0995451,0.349969],
					[0.4533,0.11356,0.570143],
					[0.00970024,0.00243009,0.990988]
				],
		"#1-2": [
					[0.395627,0.129064,0.232607],
					[0.355686,0.116035,0.344545],
					[0.358252,0.116872,0.559113],
					[0.0095069,0.00310142,0.991584]
				],
		"#1-3": [
					[0.285644,0.165198,0.285648],
					[0.307819,0.178023,0.342307],
					[0.313882,0.181529,0.539368],
					[0.00865656,0.00500639,0.99]
				],
		"#1-4": [
					[-0.14113,-0.00322997,0.443386],
					[-0.0507322,-0.00116108,0.507337],
					[0.688101,0.0157483,0.455783],
					[0.00999738,0.000228806,0.990225]
				],
		"#1-5": [
					[-0.177935,-0,0.424999],
					[-0.186126,-0,0.460328],
					[-0.111625,-0,0.301619],
					[0.00198456,0,0.994514]
				],
		"#1-6": [
					[0.26282,0.425181,0.216283],
					[0.244567,0.395652,0.305489],
					[0.427959,0.692339,0.209112],
					[0,0,1]
				],
		"#1-7": [
					[0.23264,0.165183,0.276027],
					[0.269925,0.191657,0.320954],
					[0.375386,0.266538,0.438994],
					[0.00815369,0.00578942,0.99]
				],
		"#1-8": [
					[0.269973,0.132862,0.355652],
					[0.312144,0.153616,0.394494],
					[0.379044,0.18654,0.528287],
					[0.00897233,0.00441558,0.99]
				],
		"#1-9": [
					[0.200358,0.0917889,0.433477],
					[0.235975,0.108106,0.470575],
					[0.450628,0.206444,0.506621],
					[0.00909137,0.00416498,0.99]
				],
		"#1-10": [
					[0.469833,0.180568,0.283105],
					[0.481403,0.185014,0.33619],
					[0.475212,0.182635,0.496434],
					[0,0,1]
				],
		"#1-11": [
					[0.259401,0.118766,0.281128],
					[0.275409,0.126095,0.362201],
					[0.412558,0.188889,0.485582],
					[0.00909232,0.00416289,0.99]
				],
		"#1-12": [
					[0.0506118,0.0312193,0.499557],
					[0.167517,0.103331,0.475419],
					[0.331796,0.204665,0.509019],
					[0.00744323,0.00459127,0.99]
				],
		"#1-13": [
					[0.261973,0.111348,0.285014],
					[0.351164,0.149257,0.325013],
					[0.48867,0.207703,0.456828],
					[0.00920319,0.00391169,0.99]
				],
		"#1-14": [
					[0.161948,0.0827059,0.628372],
					[0.227954,0.116415,0.598097],
					[0.282435,0.144238,0.62572],
					[1.14872e-05,5.86642e-06,0.99]
				],
		"#1-15": [
					[0.288274,0.219534,0.223873],
					[0.343717,0.261757,0.268572],
					[0.223672,0.170336,0.481211],
					[0.0079466,0.0060517,0.99]
				],
		"#1-16": [
					[-0.950312,-0.311299,0.847421],
					[-0.950312,-0.311299,0.879513],
					[-0.950312,-0.311299,0.719848],
					[0.00950312,0.00311299,0.999442]
				],
		"#1-17": [
					[0.766094,0.25571,0.150001],
					[0.705224,0.235393,0.251307],
					[0.859559,0.286908,0.165479],
					[0.000117702,3.92871e-05,0.999706]
				],
		"#1-18": [
					[0.567528,0.310465,0.08603],
					[0.599564,0.32799,0.147521],
					[0.520987,0.285004,0.296268],
					[3.00817e-05,1.64561e-05,1]
				],
		"#1-19": [
					[0.0585055,0,0.499184],
					[0.181659,0,0.53348],
					[1,0,0.229095],
					[0.01,0,0.990887]
				],
		"#1-20": [
					[-0.182447,-0.00543913,0.659488],
					[0.00692256,0.000206376,0.623996],
					[0.222455,0.00663184,0.625351],
					[0.000282557,8.4236e-06,1]
				],
		"#1-21": [
					[0.0148679,0.00547094,0.129376],
					[-0.0150439,-0.00553569,0.170206],
					[-0.0652017,-0.0239922,0.129764],
					[0.00938481,0.00345332,0.99]
				],
		"#1-22": [
					[1,0,0.0845469],
					[1,0,0.104606],
					[0.999003,0,0.0616753],
					[0.000221473,0,1]
				],
		"#1-23": [
					[0.547024,0.472746,0.295242],
					[0.56709,0.490088,0.297233],
					[0.527516,0.455887,0.309975],
					[0.000384503,0.000332293,1]
				],
		"#1-24": [
					[0.346839,0.214985,0.362683],
					[0.358414,0.22216,0.392871],
					[0.409376,0.253748,0.446227],
					[0.000419246,0.000259866,0.999567]
				],
		"#1-25": [
					[0.543385,0,0.365696],
					[0.553745,0,0.386347],
					[0.697456,0,0.304134],
					[0.000581108,0,1]
				],
		"#1-26": [
					[0.314926,0.175706,0.256398],
					[0.372151,0.207633,0.283164],
					[0.405649,0.226322,0.4363],
					[1.75536e-05,9.79365e-06,0.99]
				],
		"#1-27": [
					[-0.316683,0.12652,0.980611],
					[-0.282388,0.112819,0.986045],
					[-0.267895,0.107029,0.998871],
					[-0,0,1]
				],
		"#1-28": [
					[0.110806,0.0607229,0.0384024],
					[0.113171,0.062019,0.0482645],
					[0.188085,0.103073,-0.0736133],
					[0,0,0.999419]
				],
		"#1-29": [
					[4.83821e-05,0.285559,0.205896],
					[5.6043e-05,0.330775,0.181061],
					[5.75461e-05,0.339646,0.137128],
					[0,0,0.990189]
				],
		"#1-30": [
					[0.320866,0.136683,0.502992],
					[0.241754,0.102983,0.591561],
					[0.920005,0.391906,-0.0197905],
					[0,0,1]
				],
		"#1-31": [
					[0.238321,0.348393,0.0265999],
					[0.299542,0.437891,-0.0546763],
					[0.316504,0.462687,-0.107881],
					[0,0,1]
				],
		"#1-32": [
					[-0.0803794,-0.185224,0.88247],
					[0.046392,0.106905,0.643457],
					[0.195669,0.450894,0.35941],
					[0,0,0.99]
				],
		"#1-33": [
					[-0.0819526,-0.0815795,0.25674],
					[-0.0771702,-0.0768189,0.263081],
					[0.175568,0.174769,-0.101381],
					[0.00708199,0.00704975,0.990008]
				],
		"#1-34": [
					[0.239144,0.0463018,0.494953],
					[0.304315,0.0589198,0.483826],
					[0.397569,0.0769752,0.45215],
					[0,0,0.99]
				],
		"#1-35": [
					[0.29251,0.232072,0.38436],
					[0.30407,0.241244,0.421838],
					[0.334861,0.265673,0.431378],
					[3.65559e-06,2.90029e-06,0.990001]
				],
		"#1-36": [
					[0.0847294,0.00269814,0.643166],
					[0.190233,0.00605782,0.554328],
					[-0.217755,-0.00693423,0.865026],
					[0.000185064,5.89322e-06,0.99]
				],
		"#1-37": [
					[-0.269246,0.963071,0.265179],
					[-0.269246,0.963071,0.287994],
					[-0.269163,0.962773,0.105],
					[-0,0,0.999734]
				],
		"#1-38": [
					[0.206962,0,0.515366],
					[0.227697,0,0.511518],
					[0.0502102,0,0.539507],
					[0.01,0,0.990105]
				],
		"#1-39": [
					[-0.067854,0.997695,-0.0145997],
					[-0.067854,0.997695,0.00731018],
					[-0.067854,0.997695,-0.152389],
					[-3.32846e-05,0.000489402,1]
				],
		"#1-40": [
					[0.610114,0.0394122,0.12411],
					[0.568446,0.0367205,0.183492],
					[0.845349,0.0546079,-0.210192],
					[0,0,0.99]
				],
		"#1-41": [
					[0.208344,0.0718257,0.279455],
					[0.178496,0.0615355,0.35918],
					[0.109798,0.0378524,0.0889965],
					[0,0,1]
				],
		"#1-42": [
					[0.318084,0.151778,0.12718],
					[0.259154,0.123658,0.242834],
					[0.230484,0.109978,-0.0680545],
					[0.00814191,0.00388501,0.99]
				],
		"#1-43": [
					[0.142174,0.0235153,0.287906],
					[0.114969,0.0190157,0.370544],
					[0.141252,0.0233628,0.0153035],
					[0.00887096,0.00146724,0.99]
				],
		"#1-44": [
					[0.39212,0.0104316,0.0688535],
					[0.395338,0.0105172,0.114864],
					[0.431638,0.0114829,-0.274072],
					[0,0,0.99]
				]
		},
		{
		"#2-1": [
					[0.378524,0.236076,0.636485],
					[0.364696,0.227452,0.633819],
					[0.40124,0.250243,0.608298],
					[0.355283,0.221581,0.476119]
				],
		"#2-2": [
					[0.424214,0.200711,0.594826],
					[0.435114,0.205868,0.588851],
					[0.453885,0.21475,0.576465],
					[0.418519,0.198016,0.498498]
				],
		"#2-3": [
					[0.390667,0.204553,0.549839],
					[0.404692,0.211897,0.5565],
					[0.441361,0.231097,0.565433],
					[0.380846,0.199411,0.451295]
				],
		"#2-4": [
					[0.35391,0.138354,0.594508],
					[0.365779,0.142995,0.583795],
					[-0.21571,-0.0843276,0.931746],
					[0.342892,0.134047,0.42012]
				],
		"#2-5": [
					[-0.0324407,-0,1],
					[-0.105486,-0,1],
					[-0.264036,-0,1],
					[-0.456826,-0,1]
				]
		}
	]
}
