{
	"width": 1000,
	"height": 730,
	"linearGradients": [
		{
		"#1-1": [
					[-0.00115068,0.00239349,0.998513],
					[-0.000503442,0.00104719,1],
					[0.00371555,-0.00772858,1],
					[-1.19219e-08,2.47983e-08,0.99]
				],
		"#1-2": [
					[0.0135277,0.074207,0.95452],
					[0.0616259,0.338053,0.538507],
					[0.111702,0.612752,-0.106813],
					[0,0,1]
				],
		"#1-3": [
					[0.0913398,0.114857,0.929332],
					[-0.180888,-0.227461,0.740372],
					[-0.622423,-0.782678,0.509327],
					[0.00621274,0.00781233,0.999933]
				],
		"#1-4": [
					[0.0232838,0,0.980077],
					[0.286291,0,0.513153],
					[0.872456,0,-0.171405],
					[0.01,0,0.990009]
				],
		"#1-5": [
					[0.000158818,0,0.996157],
					[-0.582303,-0,0.948455],
					[-1,-0,0.667563],
					[0.01,0,0.998742]
				],
		"#1-6": [
					[-0.0141511,-0.0204876,1],
					[-0.0369636,-0.0535149,0.618935],
					[0.0734562,0.106348,0.0154087],
					[0.00510897,0.00739663,0.995058]
				],
		"#1-7": [
					[-0.0302053,-0,0.999822],
					[0.19811,0,0.581155],
					[0.709707,0,-0.15839],
					[0.01,0,0.993282]
				],
		"#1-8": [
					[0.542134,0.185678,0.756268],
					[0.529483,0.181345,0.478513],
					[0.600516,0.205674,0.157493],
					[0,0,1]
				],
		"#1-9": [
					[5.38584e-05,0.0640706,0.969521],
					[0.000813959,0.968296,0.294877],
					[0.000773664,0.92036,-0.249083],
					[8.61112e-07,0.00102439,1]
				],
		"#1-10": [
					[0.00386417,0.00661617,0.992291],
					[-0.350534,-0.600178,0.984022],
					[0.0157614,0.0269864,-0.0155822],
					[0.00504332,0.0086351,0.993673]
				],
		"#1-11": [
					[-0.130759,-0,1],
					[-0.262273,-0,0.481277],
					[0.0107479,0,-0.00415666],
					[0.01,0,0.990475]
				],
		"#1-12": [
					[-0.788397,-0,0.999612],
					[-1,-0,0.930621],
					[-0.508845,-0,0.402516],
					[0.01,0,0.99517]
				],
		"#1-13": [
					[0.198967,0.0813559,0.662063],
					[0.207466,0.0848312,0.257834],
					[0.222648,0.0910392,-0.168123],
					[0,0,0.992216]
				],
		"#1-14": [
					[0.254311,0.187011,0.77345],
					[0.0870035,0.0639794,0.763462],
					[-0.351882,-0.258762,0.924152],
					[0.00805624,0.00592428,0.99015]
				],
		"#1-15": [
					[0.0935016,0.174112,0.554548],
					[0.117495,0.218791,0.189905],
					[0.0580421,0.108082,0.00236736],
					[0,0,1]
				],
		"#1-16": [
					[-0.220857,-0.124584,0.95751],
					[-0.099586,-0.056176,0.433873],
					[0.0435748,0.0245803,-0.0353786],
					[0.00870981,0.00491317,0.990054]
				],
		"#1-17": [
					[0.025546,-0.0489835,0.991836],
					[-0.107935,0.20696,0.763107],
					[-0.181958,0.348898,0.330012],
					[-0,0,0.99]
				],
		"#1-18": [
					[0.0434473,0.11209,0.923428],
					[0.112255,0.289606,0.417937],
					[-0.00191973,-0.00495273,0.0382542],
					[0,0,1]
				],
		"#1-19": [
					[0.517495,0,0.673712],
					[0.785162,0,0.292621],
					[1,0,-0.45679],
					[0,0,1]
				],
		"#1-20": [
					[0.066913,0.0516139,0.925964],
					[0.361779,0.279061,0.267802],
					[-0.120204,-0.0927205,0.122645],
					[0.00791809,0.00610769,0.99]
				],
		"#1-21": [
					[0.513328,0.573168,0.260423],
					[0.666104,0.743753,-0.3246],
					[0.150732,0.168303,0.00977582],
					[0.00114505,0.00127853,0.999995]
				],
		"#1-22": [
					[0.283732,0.400172,0.543445],
					[0.524656,0.739966,0.0862572],
					[0.578394,0.815758,-0.102806],
					[0.00119253,0.00168192,0.9999]
				],
		"#1-23": [
					[0.0125868,0.0171261,0.974877],
					[-0.173839,-0.236532,1],
					[-0.48918,-0.665601,1],
					[0.00592208,0.00805785,0.99]
				],
		"#1-24": [
					[0.00319812,0,0.992984],
					[-0.429141,-0,1],
					[-0.999997,-0,0.821749],
					[0.01,0,0.992016]
				],
		"#1-25": [
					[-0.0891626,-0.0561629,1],
					[-0.502685,-0.316637,0.835306],
					[0.0452832,0.0285235,-0.0409765],
					[0.00846133,0.00532973,0.990266]
				],
		"#1-26": [
					[0.552458,0.0991121,0.539057],
					[-0.0349537,-0.00627076,0.835223],
					[-0.545618,-0.097885,1],
					[0.00984286,0.00176583,0.991029]
				],
		"#1-27": [
					[-0.00576294,-0,0.999997],
					[-0.41678,-0,0.953503],
					[-0.719552,-0,0.642661],
					[0,0,0.995284]
				],
		"#1-28": [
					[-0.00384545,-0.00230657,0.999811],
					[-0.221561,-0.132896,0.917004],
					[0.283052,0.169779,-0.189967],
					[0.0082625,0.00495598,0.99]
				],
		"#1-29": [
					[0.00578159,0.00260306,0.990423],
					[0.167107,0.0752369,0.5122],
					[0.567547,0.255528,-0.439573],
					[5.8022e-07,2.61234e-07,1]
				],
		"#1-30": [
					[0.00900292,0.00615012,0.918198],
					[0.250138,0.170875,0.14458],
					[-0.0536687,-0.0366624,0.0651432],
					[0.00825725,0.00564073,0.990012]
				],
		"#1-31": [
					[0.297361,0.101019,0.498649],
					[-0.00179514,-0.000609845,0.394519],
					[-0.108872,-0.0369859,0.34383],
					[0.00946853,0.00321665,0.99]
				],
		"#1-32": [
					[0.187966,0.030749,0.825452],
					[0.986882,0.161443,-0.130015],
					[0.986882,0.161443,-0.638205],
					[6.86173e-06,1.1225e-06,1]
				],
		"#1-33": [
					[0.375591,0.225969,0.643956],
					[0.401588,0.24161,0.208512],
					[-0.0631203,-0.0379755,0.0656929],
					[0.00856873,0.00515527,0.99]
				],
		"#1-34": [
					[0.546254,0,0.312259],
					[0.558281,0,0.157248],
					[0.80977,0,-0.174995],
					[0.000714893,0,1]
				],
		"#1-35": [
					[0.83815,0,0.102508],
					[0.682708,0,0.126199],
					[0.808773,0,-0.00943592],
					[0.00108842,0,1]
				],
		"#1-36": [
					[0.16837,0.0772896,0.578972],
					[-0.00843226,-0.0038708,0.31285],
					[-0.0138915,-0.00637687,0.0803891],
					[0.00908276,0.00416942,0.99]
				],
		"#1-37": [
					[0.385956,0.0346497,0.584172],
					[0.412788,0.0370585,0.553789],
					[0.399577,0.0358725,0.568769],
					[0.00131026,0.00011763,0.990687]
				],
		"#1-38": [
					[0.414185,0,0.582064],
					[0.413479,0,0.581449],
					[0.413845,0,0.581743],
					[0,0,0.99]
				]
		},
		{
		"#2-1": [
					[0.380136,0,0.793589],
					[0.358857,0,0.715318],
					[0.316272,0,0.649366],
					[0.457325,0,-0.00288812]
				],
		"#2-2": [
					[-0.04039,-0.0237809,0.97899],
					[0.386587,0.227616,0.663092],
					[0.700644,0.412528,0.466165],
					[0.423038,0.249078,0.31988]
				],
		"#2-3": [
					[0.00658396,0,0.994466],
					[-0.426231,-0,0.701105],
					[-0.118725,-0,-0.0207475],
					[0.141756,0,0.82575]
				],
		"#2-4": [
					[0.320031,0.45953,0.771554],
					[0.31385,0.450655,0.718892],
					[0.312392,0.44856,0.677615],
					[0.273091,0.392129,0.422345]
				],
		"#2-5": [
					[0.00642587,0.0204641,0.967397],
					[-0.135103,-0.430257,0.885937],
					[-0.0243541,-0.0775593,0.0656635],
					[0.137794,0.438826,0.491824]
				],
		"#2-6": [
					[0.203669,0.131003,0.871521],
					[-0.841041,-0.540972,1],
					[-0.841041,-0.540972,0.461963],
					[0.841041,0.540972,0.131068]
				],
		"#2-7": [
					[-0.114356,-0,0.386716],
					[-0.52916,-0,0.711384],
					[-0.108592,-0,0.00685583],
					[0.495679,0,0.593495]
				],
		"#2-8": [
					[0.367245,0.0328323,0.734543],
					[0.231654,0.0207102,0.55638],
					[-0.684947,-0.0612353,0.451586],
					[0.996027,0.0890463,-0.188963]
				],
		"#2-9": [
					[0.109686,0.185069,-0.0375218],
					[0.290631,0.490372,-0.312181],
					[-0.0469019,-0.079136,0.0392026],
					[-0.0336193,-0.0567247,0.959124]
				],
		"#2-10": [
					[0.0796265,0.132154,0.723102],
					[0.487107,0.808439,-0.263324],
					[0.516087,0.856536,-0.369361],
					[0.446021,0.74025,-0.194506]
				],
		"#2-11": [
					[0.37602,0.111719,0.523464],
					[0.416698,0.123805,0.463136],
					[0.406755,0.120851,0.483198],
					[0.111188,0.033035,0.171515]
				]
		}
	]
}
