{
	"width": 700,
	"height": 700,
	"linearGradients": [
		{
		"#1-1": [
					[0.000646923,0.000389417,1],
					[-7.66048e-05,-4.61125e-05,1],
					[-0.0131031,-0.00788748,0.999503],
					[0,0,0.99286]
				],
		"#1-2": [
					[0.52172,0,0.377408],
					[0.354785,0,0.576534],
					[0.430979,0,0.36467],
					[0,0,0.997331]
				],
		"#1-3": [
					[-0.315426,-0.0439808,1],
					[-0.990419,-0.138097,0.877825],
					[-0.990419,-0.138097,0.909603],
					[0.00990419,0.00138097,0.99991]
				],
		"#1-4": [
					[-0.606823,-0,0.982717],
					[-0.46751,-0,0.934023],
					[-1,-0,0.933509],
					[0.01,0,0.99636]
				],
		"#1-5": [
					[-0.611656,-0,1],
					[-1,-0,0.620436],
					[-1,-0,0.698454],
					[0.01,0,1]
				],
		"#1-6": [
					[-0.0286334,-0.010986,1],
					[-0.0624631,-0.0239657,1],
					[-0.081283,-0.0311865,1],
					[0.00933639,0.00358216,0.99]
				],
		"#1-7": [
					[0.325464,-0.604307,0.753385],
					[-0.474176,0.88043,0.153889],
					[-0.474176,0.88043,0.074804],
					[-0,0,1]
				],
		"#1-8": [
					[-0.00244563,0.579319,0.777697],
					[-0.00422152,0.999991,0.566801],
					[-0.00422152,0.999991,0.564149],
					[-2.94745e-05,0.00698189,1]
				],
		"#1-9": [
					[0.49165,0,0.428477],
					[0.116145,0,0.325781],
					[0.227435,0,0.23934],
					[0.01,0,0.990344]
				],
		"#1-10": [
					[-0.0748094,-0.0629316,1],
					[-0.522479,-0.439523,1],
					[-0.657486,-0.553095,1],
					[0.00758112,0.00637744,0.992388]
				],
		"#1-11": [
					[0.0951914,0.320739,0.624635],
					[0.284521,0.95867,0.0525678],
					[0.187296,0.631077,0.208327],
					[0.000299464,0.00100902,1]
				],
		"#1-12": [
					[-0.0789096,-0.0251258,1],
					[-0.31165,-0.0992334,1],
					[-0.321443,-0.102352,1],
					[0.00952862,0.00303404,0.99]
				],
		"#1-13": [
					[0.907956,0.419066,0.299338],
					[0.907956,0.419066,-0.0381932],
					[-0.484088,-0.223431,0.828635],
					[0.00101561,0.000468756,1]
				],
		"#1-14": [
					[0.216954,0.0945027,0.70502],
					[0.9168,0.399347,0.0286476],
					[0.9168,0.399347,-0.186725],
					[0.00113392,0.000493923,1]
				],
		"#1-15": [
					[0.240413,0.353134,0.65707],
					[0.24752,0.363573,0.629218],
					[0.271421,0.398681,0.527891],
					[0,0,0.99]
				],
		"#1-16": [
					[0.420373,0.0858738,0.730159],
					[0.373664,0.076332,0.745423],
					[0.410894,0.0839374,0.662272],
					[0,0,0.99]
				],
		"#1-17": [
					[0.0495194,-0.0619438,0.893564],
					[-0.624421,0.781088,0.393632],
					[-0.098654,0.123406,0.371423],
					[-0,0,1]
				],
		"#1-18": [
					[0.556827,0,0.449637],
					[0.836913,0,0.13893],
					[-0.071039,-0,0.505804],
					[0.00414072,0,0.997897]
				],
		"#1-19": [
					[-0.279033,-0.274267,1],
					[-0.398344,-0.39154,1],
					[-0.502115,-0.493539,1],
					[0.00713171,0.0070099,0.99]
				],
		"#1-20": [
					[-0.137408,-0.0987054,1],
					[0.0132003,0.00948231,0.32372],
					[-0.0382777,-0.0274963,0.293519],
					[0.00812174,0.00583415,0.99]
				],
		"#1-21": [
					[0.103487,0.451112,0.22664],
					[0.00551795,0.0240533,0.25315],
					[-0.0149685,-0.0652494,0.326036],
					[0.00223597,0.00974682,0.99]
				],
		"#1-22": [
					[0.381383,0.376484,0.411366],
					[0.46713,0.46113,0.233356],
					[0.367138,0.362422,0.383006],
					[3.35811e-05,3.31498e-05,1]
				]
		},
		{
		"#2-1": [
					[0.272993,0.111255,0.350443],
					[0.36063,0.146971,0.556554],
					[0.200083,0.0815419,0.220813],
					[0.717387,0.292364,-0.133202]
				],
		"#2-2": [
					[0.233719,0.222855,0.212939],
					[-0.171788,-0.163803,0.493451],
					[-0.0683651,-0.065187,0.0516687],
					[0.723728,0.690085,-0.43541]
				],
		"#2-3": [
					[0.397858,0.191733,0.541753],
					[0.370165,0.178387,0.720999],
					[0.345738,0.166616,0.483922],
					[0.404865,0.19511,0.0270232]
				],
		"#2-4": [
					[0.0877062,0.306734,0.767226],
					[0.207659,0.726244,0.423044],
					[0.224389,0.784753,0.378632],
					[0.112673,0.394049,0.477564]
				],
		"#2-5": [
					[-0.125263,0.583857,0.548559],
					[-0.207002,0.96485,0.171562],
					[-0.20977,0.977751,0.164881],
					[-0.0187456,0.0873747,0.737876]
				],
		"#2-6": [
					[0.126345,0,0.518926],
					[-0.406323,-0,0.419273],
					[-0.570783,-0,0.160856],
					[1,0,-0.0957711]
				],
		"#2-7": [
					[0.365163,0.426012,0.764478],
					[0.406049,0.47371,0.709722],
					[0.413697,0.482633,0.697276],
					[0.330287,0.385324,0.506747]
				],
		"#2-8": [
					[-0.581625,-0.0628016,1],
					[-0.319143,-0.0344598,0.190516],
					[-0.51885,-0.0560234,0.370757],
					[0.994221,0.107352,0.102826]
				],
		"#2-9": [
					[0.0893083,0.431056,0.828283],
					[0.185681,0.896211,0.606106],
					[0.14983,0.723171,0.64923],
					[0.085348,0.411941,0.691381]
				],
		"#2-10": [
					[0.59978,0.0182373,0.621474],
					[0.999538,0.0303925,0.301239],
					[0.999538,0.0303925,0.308699],
					[0.350357,0.0106532,0.612282]
				],
		"#2-11": [
					[0.211509,0.0257628,0.799781],
					[0.371236,0.0452183,0.466873],
					[0.0331082,0.00403273,0.214911],
					[-0.0810729,-0.00987506,0.255002]
				],
		"#2-12": [
					[0.381284,0.230127,0.573726],
					[0.289207,0.174553,0.384227],
					[0.314791,0.189995,0.458235],
					[0.48605,0.293359,0.192174]
				],
		"#2-13": [
					[0.291297,0.0784057,0.716476],
					[0.947537,0.25504,0.227927],
					[0.848952,0.228505,0.315055],
					[0.269735,0.0726022,0.651274]
				],
		"#2-14": [
					[-0.0242376,-0.0121964,0.658865],
					[-0.352922,-0.177591,0.469024],
					[0.160145,0.0805854,-0.169857],
					[0.823751,0.414514,-0.783425]
				],
		"#2-15": [
					[0.454411,0.118027,0.582678],
					[0.967884,0.251396,0.118557],
					[0.967884,0.251396,0.168768],
					[-0.0310124,-0.00805509,0.818711]
				],
		"#2-16": [
					[-0.379173,-0,0.999973],
					[1,0,-0.272292],
					[1,0,-0.244496],
					[0.0065869,0,1]
				],
		"#2-17": [
					[-0.63303,-0.0690507,1],
					[-0.994103,-0.108436,1],
					[-0.680354,-0.0742128,0.528386],
					[0.994103,0.108436,-0.160391]
				],
		"#2-18": [
					[-0.124054,-0.00353518,0.484558],
					[-0.272988,-0.00777934,0.191564],
					[-0.25872,-0.00737272,0.211558],
					[0.999594,0.0284854,-0.540807]
				],
		"#2-19": [
					[-0.031162,-0.00102787,0.328398],
					[-0.102485,-0.00338042,0.0784505],
					[-0.0856892,-0.00282643,0.242094],
					[0.999456,0.0329668,-0.408809]
				],
		"#2-20": [
					[-0.305413,0.95222,0.520309],
					[-0.305413,0.95222,0.367196],
					[-0.305413,0.95222,0.399552],
					[0.305413,-0.95222,0.962234]
				],
		"#2-21": [
					[0.062083,-0.353586,0.583298],
					[0.081693,-0.465272,0.198285],
					[0.0829569,-0.472471,0.294412],
					[-0.172936,0.984933,-0.0447722]
				],
		"#2-22": [
					[0.245573,0.131684,0.367066],
					[0.0931312,0.0499397,0.311252],
					[0.194569,0.104333,0.369265],
					[0.410727,0.220244,0.0168164]
				],
		"#2-23": [
					[-0.186905,0.941076,0.136446],
					[-0.194797,0.980815,-0.0950296],
					[-0.194803,0.980842,-0.0714854],
					[0.0609017,-0.306644,1]
				],
		"#2-24": [
					[0.132131,0.0787061,0.440093],
					[0.382359,0.227758,-0.0641946],
					[0.0931167,0.0554664,0.300261],
					[0.324205,0.193118,0.387642]
				],
		"#2-25": [
					[-0.0217759,-0.029881,0.409632],
					[0.0182193,0.0250006,0.0261318],
					[-0.0520072,-0.0713644,0.136207],
					[0.407256,0.558837,-0.00276315]
				],
		"#2-26": [
					[0.359089,0.234753,0.272835],
					[0.388708,0.254117,0.127535],
					[0.346394,0.226454,0.186414],
					[0.185887,0.121523,0.560386]
				]
		}
	]
}
