{
	"width": 1000,
	"height": 730,
	"linearGradients": [
		{
		"#1-1": [
					[0.864041,0.000499386,0.999028],
					[0.864041,0.000499386,0.999028],
					[0.864041,0.000499386,0.999028],
					[3.73157e-05,2.15672e-08,0.997427]
				],
		"#1-2": [
					[-0.000118993,-6.86164e-05,0.999425],
					[-0.000118993,-6.86164e-05,0.999425],
					[-0.000118993,-6.86164e-05,0.999425],
					[0,0,0.99]
				],
		"#1-3": [
					[0.0208252,0.0186948,0.973335],
					[0.369074,0.331317,0.656608],
					[0.724101,0.650024,0.37216],
					[0.00022437,0.000201416,0.999789]
				],
		"#1-4": [
					[-0.0385127,-0.0139813,1],
					[-0.567075,-0.205866,0.931916],
					[-0.413429,-0.150088,0.325944],
					[0.00593552,0.00215478,0.998352]
				],
		"#1-5": [
					[0.00214803,0.0256975,0.975264],
					[-0.0575538,-0.688533,0.960932],
					[-0.0761615,-0.911144,0.55338],
					[0.000832985,0.00996525,0.99]
				],
		"#1-6": [
					[0.417833,0.398346,0.779441],
					[0.471291,0.449312,0.486559],
					[0.723783,0.690028,0.0431056],
					[0,0,1]
				],
		"#1-7": [
					[0.043486,0.121158,0.895104],
					[0.0721238,0.200946,0.603758],
					[0.183099,0.510137,0.0188817],
					[2.75505e-05,7.67594e-05,1]
				],
		"#1-8": [
					[0.512934,0.236997,0.755309],
					[0.56628,0.261645,0.457103],
					[0.677521,0.313043,0.133454],
					[0,0,1]
				],
		"#1-9": [
					[-0.125294,-0.0870547,0.812169],
					[0.0111594,0.0077536,0.501641],
					[-0.0307653,-0.0213759,0.231254],
					[0.00821231,0.00570596,0.99]
				],
		"#1-10": [
					[0.07173,0.122096,0.488144],
					[0.0651003,0.110811,0.382806],
					[0.0835908,0.142285,0.164578],
					[0.0047374,0.00806382,0.990655]
				],
		"#1-11": [
					[0.533304,0.21207,0.739407],
					[0.473004,0.188091,0.484781],
					[0.502942,0.199996,0.116761],
					[0,0,1]
				],
		"#1-12": [
					[-0.293748,0.955883,-0.245199],
					[-0.293748,0.955883,-0.148214],
					[-0.293748,0.955883,-0.569695],
					[-0,0,1]
				],
		"#1-13": [
					[0.361358,0.0783943,0.743466],
					[0.317601,0.0689016,0.63559],
					[0.310615,0.0673859,0.489315],
					[0,0,0.99]
				],
		"#1-14": [
					[-0.421202,0.492609,0.69513],
					[-0.411544,0.481314,0.707948],
					[-0.421135,0.492531,0.700591],
					[-0.000721176,0.000843439,1]
				],
		"#1-15": [
					[0.296685,0.255833,0.733169],
					[0.125495,0.108215,0.762202],
					[-0.1161,-0.100114,0.847199],
					[0.000651348,0.000561662,0.99]
				],
		"#1-16": [
					[0.405064,0.351931,0.664733],
					[0.325681,0.282962,0.434942],
					[-0.49051,-0.42617,0.62072],
					[0.0075488,0.00655862,0.990251]
				],
		"#1-17": [
					[0.465214,0,0.718776],
					[0.450826,0,0.492274],
					[0.668742,0,-0.293164],
					[0,0,1]
				],
		"#1-18": [
					[-0.00351643,-0.00335687,1],
					[-0.00369392,-0.00352632,1],
					[-0.00406903,-0.00388441,1],
					[0,0,0.99]
				],
		"#1-19": [
					[0.264178,0.190507,0.810647],
					[0.266743,0.192356,0.806927],
					[0.252493,0.18208,0.815723],
					[0,0,0.99]
				],
		"#1-20": [
					[-0.00427253,0.682152,0.339359],
					[-0.00417975,0.667338,0.348701],
					[-0.00435494,0.695309,0.317854],
					[-8.21168e-06,0.00131107,0.999999]
				],
		"#1-21": [
					[0.485106,0.160107,0.575493],
					[0.60473,0.199588,0.406868],
					[0.722141,0.238339,0.219331],
					[0.000514325,0.00016975,1]
				],
		"#1-22": [
					[0.164815,0,0.877398],
					[-0.292666,-0,1],
					[-0.770533,-0,1],
					[0.01,0,0.99]
				],
		"#1-23": [
					[0.0116571,0.0323027,0.964243],
					[-0.0247463,-0.0685737,0.771318],
					[0.339446,0.940626,-0.767302],
					[3.90213e-05,0.000108131,1]
				],
		"#1-24": [
					[0.0729301,0.112348,0.885123],
					[0.0322589,0.0496945,0.639538],
					[0.53405,0.8227,-0.742371],
					[0.000224043,0.000345136,1]
				],
		"#1-25": [
					[0.0264141,2.52893e-06,0.97362],
					[-0.443056,-4.24189e-05,1],
					[-1,-9.57415e-05,0.913736],
					[0.01,9.57415e-07,0.997082]
				],
		"#1-26": [
					[0.105537,0.00610857,0.832144],
					[0.131373,0.00760393,0.752186],
					[0.233987,0.0135433,0.633202],
					[0.00998329,0.000577839,0.990093]
				],
		"#1-27": [
					[0.0559445,0.0593131,0.918091],
					[-0.0737839,-0.0782266,0.776017],
					[-0.177481,-0.188168,0.455056],
					[0.00686147,0.00727463,0.99]
				],
		"#1-28": [
					[0.526728,0.204719,-0.270011],
					[0.716156,0.278343,-0.363629],
					[0.434336,0.16881,-0.439198],
					[0.00018031,7.00799e-05,1]
				],
		"#1-29": [
					[0.180408,0.100223,0.787892],
					[0.2711,0.150606,0.380263],
					[0.463147,0.257296,-0.353899],
					[0,0,1]
				],
		"#1-30": [
					[0.0789754,0.0668493,0.68245],
					[-0.403251,-0.341335,0.841846],
					[-0.690607,-0.584569,1],
					[0.00763272,0.00646077,0.990544]
				],
		"#1-31": [
					[0.249327,0.459471,0.536019],
					[0.196852,0.362768,0.438768],
					[0.148031,0.272798,0.349261],
					[7.33607e-05,0.000135193,0.999991]
				],
		"#1-32": [
					[0.74762,0,0.157254],
					[0.725406,0,0.0487121],
					[1,0,-0.251734],
					[0.00211688,0,1]
				],
		"#1-33": [
					[0.507633,0,0.489042],
					[0.507029,0,0.488324],
					[0.507366,0,0.488648],
					[2.01e-07,0,0.99]
				],
		"#1-34": [
					[0.505996,0,0.490639],
					[0.50527,0,0.489778],
					[0.505949,0,0.490157],
					[3.72768e-07,0,0.99]
				],
		"#1-35": [
					[0.506698,0,0.489711],
					[0.505454,0,0.48937],
					[0.50603,0,0.489587],
					[0,0,0.99]
				]
		},
		{
		"#2-1": [
					[0.542241,0.202884,0.801264],
					[0.542241,0.202884,0.801264],
					[0.542241,0.202884,0.801264],
					[0.215964,0.0808046,-0.00475677]
				],
		"#2-2": [
					[0.498344,0.335778,0.719191],
					[0.289768,0.195242,0.488965],
					[0.00794797,0.00535524,0.0159849],
					[0.741465,0.49959,-0.0408103]
				],
		"#2-3": [
					[0.181211,0.140012,0.881064],
					[-0.791015,-0.611176,1],
					[-0.791315,-0.611408,0.486913],
					[0.791315,0.611408,0.198331]
				],
		"#2-4": [
					[-0.0158491,-0.0260935,0.999999],
					[-0.0352943,-0.0581075,0.604659],
					[0.0631522,0.103972,-0.0257942],
					[0.376855,0.620444,0.640485]
				],
		"#2-5": [
					[-0.022419,-0,1],
					[-0.415395,-0,0.774635],
					[0.164072,0,-0.0602493],
					[0.933342,0,0.513229]
				],
		"#2-6": [
					[0.555632,0,0.608842],
					[0.301052,0,0.443306],
					[-0.326477,-0,0.168989],
					[1,0,-0.371037]
				],
		"#2-7": [
					[0.00924417,0.00660917,0.956773],
					[0.29819,0.213192,0.411299],
					[0.813476,0.581599,-0.550527],
					[0.342378,0.244785,0.546331]
				],
		"#2-8": [
					[0.0454944,0.0367002,0.940942],
					[0.123675,0.0997683,0.452156],
					[0.0177712,0.014336,-0.0167749],
					[0.525909,0.424249,0.488977]
				],
		"#2-9": [
					[0.468501,0.0781846,0.544801],
					[0.220568,0.0368089,0.317321],
					[-0.166159,-0.027729,0.0981703],
					[0.986359,0.164606,-0.465031]
				],
		"#2-10": [
					[0.0672545,0.0360636,0.927878],
					[0.322544,0.172956,0.320283],
					[0.221433,0.118738,-0.16302],
					[0.349822,0.187583,0.686181]
				],
		"#2-11": [
					[0.565094,0.437042,0.277355],
					[0.791028,0.61178,-0.403666],
					[0.294859,0.228043,-0.202843],
					[-0.0773865,-0.0598506,1]
				],
		"#2-12": [
					[0.356818,0.238806,0.49797],
					[0.130767,0.0875176,0.360679],
					[0.0254184,0.0170116,0.302087],
					[0.434609,0.290868,-0.245045]
				],
		"#2-13": [
					[0.378967,0.226409,0.37717],
					[0.233076,0.139248,0.178812],
					[0.243217,0.145307,0.0688309],
					[0.364548,0.217795,0.599024]
				],
		"#2-14": [
					[0.367861,0.0614281,0.651186],
					[0.057544,0.00960912,0.54551],
					[0.536458,0.0895817,-0.227311],
					[0.346098,0.057794,0.68788]
				]
		}
	]
}
