{
	"width": 500,
	"height": 500,
	"linearGradients": [
		{
		"#1-1": [
					[-8.9476e-05,-9.20313e-05,3.53987e-05],
					[0.00536433,0.00551753,0.493576],
					[0.248766,0.255871,-0.00307337],
					[7.92031e-05,8.1465e-05,0.999976]
				]
		},
		{
		"#2-1": [
					[0.367564,0.14521,-0.0997937],
					[-0.352391,-0.139216,1],
					[0.0382753,0.015121,0.0276145],
					[-0.0762571,-0.0301262,0.365376]
				],
		"#2-2": [
					[0.00149507,0.000580907,-0.00123635],
					[-0.595338,-0.231317,0.999848],
					[0.19855,0.0771459,-0.0111019],
					[-0.0660244,-0.0256536,0.487917]
				]
		},
		{
		"#3-1": [
					[-0.58322,-0.304132,0.999964],
					[0.259605,0.135376,0.0336472],
					[0.374021,0.195041,-0.0807704],
					[-0.00786231,-0.00409996,0.26899]
				],
		"#3-2": [
					[-0.346197,-0.12969,0.666798],
					[0.0635569,0.0238092,0.136144],
					[0.192455,0.0720961,0.19555],
					[0.623174,0.233449,0.108178]
				]
		},
		{
		"#4-1": [
					[-0.898409,-0.265323,0.999983],
					[0.0627039,0.0185181,-0.000314663],
					[-0.0771302,-0.0227786,0.256696],
					[-0.0478697,-0.0141372,0.369646]
				]
		}
	]
}
