{
	"width": 700,
	"height": 700,
	"linearGradients": [
		{
		"#1-1": [
					[0.0309982,0.0447771,0.943484],
					[0.0125539,0.0181341,0.980198],
					[0.039526,0.0570954,0.925202],
					[0.00520229,0.00751472,0.99]
				],
		"#1-2": [
					[0.180724,0.894005,0.157747],
					[0.198143,0.980173,-0.358475],
					[0.198143,0.980173,-0.305333],
					[9.86079e-05,0.000487793,1]
				],
		"#1-3": [
					[-0.0146406,-0.0113012,1],
					[-0.0455286,-0.0351438,1],
					[-0.0466774,-0.0360306,1],
					[0.00791599,0.00611041,0.99]
				],
		"#1-4": [
					[-0.158703,-0.0148717,0.906494],
					[0.995638,0.0932992,-0.119274],
					[0.995638,0.0932992,-0.0502541],
					[0,0,1]
				],
		"#1-5": [
					[0.368246,0.292691,0.446506],
					[-0.600854,-0.477573,0.786156],
					[-0.573919,-0.456164,0.80661],
					[0,0,0.990435]
				],
		"#1-6": [
					[-0.437425,-0.134244,1],
					[-0.955993,-0.293391,0.762647],
					[-0.955993,-0.293391,0.834043],
					[0.00955993,0.00293391,0.997328]
				],
		"#1-7": [
					[-0.216468,-0.0215009,1],
					[-0.995103,-0.0988398,0.937797],
					[-0.995103,-0.0988398,1],
					[0.00995103,0.000988398,1]
				],
		"#1-8": [
					[-0.0332097,-0.0837535,0.999472],
					[-0.289226,-0.729416,1],
					[-0.293226,-0.739503,1],
					[0.00368598,0.00929589,0.990065]
				],
		"#1-9": [
					[0.570721,0.821144,-0.0196911],
					[0.570721,0.821144,-0.507809],
					[0.570721,0.821144,-0.50704],
					[0.00177516,0.00255407,1]
				],
		"#1-10": [
					[-0.482039,-0.2114,1],
					[-0.915803,-0.401628,0.649509],
					[-0.915803,-0.401628,0.729383],
					[0.00915803,0.00401628,1]
				],
		"#1-11": [
					[-0.403882,-0,0.939992],
					[-0.817866,-0,0.551842],
					[-0.929896,-0,0.67216],
					[0,0,0.993412]
				],
		"#1-12": [
					[-0.186459,-0.00878553,1],
					[-0.998892,-0.0470657,0.8937],
					[-0.998892,-0.0470657,0.805003],
					[0.00998892,0.000470657,1]
				],
		"#1-13": [
					[-0.00538937,-0.00673495,1],
					[0.0296333,0.0370319,0.933684],
					[-0.027195,-0.0339848,0.919197],
					[0.0026873,0.00335825,0.99]
				],
		"#1-14": [
					[-0.00818975,-0.00581254,1],
					[-0.0283324,-0.0201084,1],
					[-0.0139166,-0.00987709,0.913441],
					[0.0039886,0.00283084,0.990567]
				],
		"#1-15": [
					[0.714125,4.99958e-05,0.321955],
					[0.88598,6.20273e-05,-0.39559],
					[0.954595,6.6831e-05,-0.369876],
					[0,0,0.999446]
				],
		"#1-16": [
					[-0.133547,-0,1],
					[-0.992968,-0,0.966602],
					[0.143655,0,0.304941],
					[0,0,1]
				],
		"#1-17": [
					[0.0109633,0,0.773191],
					[0.663791,0,-0.219256],
					[0.817635,0,-0.270878],
					[0,0,0.997576]
				],
		"#1-18": [
					[0.715727,0.0794388,0.291684],
					[0.993897,0.110313,-0.469921],
					[0.993897,0.110313,-0.402447],
					[0,0,1]
				],
		"#1-19": [
					[-0.11373,-0.993512,1],
					[-0.0970794,-0.848056,0.607572],
					[-0.0841356,-0.734983,0.658502],
					[0.0011373,0.00993512,0.998644]
				],
		"#1-20": [
					[-0.252127,-0.0858959,1],
					[-0.946575,-0.322484,0.938627],
					[-0.946575,-0.322484,0.907576],
					[0.00946575,0.00322484,0.998912]
				],
		"#1-21": [
					[-0.393433,-0.562321,1],
					[-0.254438,-0.36366,0.479972],
					[-0.381878,-0.545805,0.666474],
					[0.00573275,0.00819363,0.99]
				],
		"#1-22": [
					[0.0392884,0.0789423,0.657051],
					[-0.143468,-0.288271,0.367835],
					[-0.14892,-0.299225,0.449242],
					[0.00445555,0.00895255,0.990567]
				],
		"#1-23": [
					[0.290125,0.956989,0.0369074],
					[0.290125,0.956989,-0.325648],
					[0.290125,0.956989,-0.288583],
					[0,0,1]
				],
		"#1-24": [
					[-0.267279,-0,1],
					[-0.532241,-0,1],
					[-0.789613,-0,1],
					[0.01,0,0.99]
				],
		"#1-25": [
					[-0.0322963,-0.0317303,0.71854],
					[-0.38515,-0.378401,0.532107],
					[-0.514424,-0.50541,0.731823],
					[0.00713329,0.00700829,0.99355]
				],
		"#1-26": [
					[-0.0530762,-0.0820053,0.977221],
					[-0.0638686,-0.09868,0.518064],
					[-0.342411,-0.529041,1],
					[0.00543352,0.00839505,0.991462]
				],
		"#1-27": [
					[0.0822895,0.0604158,0.751638],
					[0.0959161,0.0704203,0.649916],
					[0.000200762,0.000147397,0.779548],
					[0.00754815,0.00554174,0.99]
				],
		"#1-28": [
					[-0.121395,-0,1],
					[-0.649531,-0,1],
					[-0.799996,-0,1],
					[0.01,0,0.99]
				],
		"#1-29": [
					[0.870436,0,0.0801909],
					[1,0,-0.122313],
					[1,0,-0.083993],
					[2.55309e-05,0,1]
				],
		"#1-30": [
					[-0.0969412,-0.073796,1],
					[0.219275,0.166922,0.0568958],
					[-0.0365503,-0.0278237,0.358335],
					[0.00795685,0.00605711,0.99]
				],
		"#1-31": [
					[-0.0217636,-0.00111369,0.94413],
					[0.0709008,0.00362814,0.81943],
					[-0.0924252,-0.00472958,0.96719],
					[0.00998693,0.000511052,0.99]
				],
		"#1-32": [
					[0.0185184,0.0319035,0.790886],
					[0.120819,0.208147,0.338817],
					[0.50201,0.864862,-0.597121],
					[0.000628366,0.00108255,1]
				],
		"#1-33": [
					[-0.279659,-0.120799,1],
					[-0.466216,-0.201382,1],
					[-0.455473,-0.196742,1],
					[0.00918018,0.00396538,0.99]
				]
		},
		{
		"#2-1": [
					[-0.383667,-0,0.211829],
					[-0.690133,-0,0.616247],
					[-0.8968,-0,0.286703],
					[1,0,0.189188]
				],
		"#2-2": [
					[-0.5026,-0.115917,1],
					[-0.97442,-0.224735,0.453933],
					[-0.97442,-0.224735,0.509955],
					[0.97442,0.224735,0.104241]
				],
		"#2-3": [
					[0.00329111,0.999995,0.163287],
					[0.00329111,0.999995,-0.26775],
					[0.00329111,0.999995,-0.374748],
					[-0.00329111,-0.999995,0.857633]
				],
		"#2-4": [
					[-0.295733,-0.0837437,1],
					[-0.962167,-0.27246,0.513714],
					[-0.962167,-0.27246,0.638112],
					[0.962167,0.27246,0.0253298]
				],
		"#2-5": [
					[0.0166565,0.00633448,0.944924],
					[-0.93469,-0.355463,0.405703],
					[-0.93469,-0.355463,0.399436],
					[0.93469,0.355463,-0.119229]
				],
		"#2-6": [
					[-0.738257,-0,1],
					[-1,-0,0.411948],
					[-1,-0,0.539652],
					[1,0,0.37483]
				],
		"#2-7": [
					[-0.0274801,-0.0207748,0.995965],
					[0.47556,0.359522,-0.154899],
					[-0.797642,-0.603014,0.729355],
					[0.797698,0.603057,-0.169912]
				],
		"#2-8": [
					[-0.407043,-0,1],
					[-1,-0,0.406152],
					[-1,-0,0.517417],
					[1,0,0.100158]
				],
		"#2-9": [
					[0.0465409,0.0497302,0.810982],
					[-0.683307,-0.730131,0.40617],
					[-0.683307,-0.730131,0.61445],
					[0.683307,0.730131,0.0673399]
				],
		"#2-10": [
					[-0.247767,-0.0621009,1],
					[-0.969996,-0.243122,0.5749],
					[-0.969996,-0.243122,0.6021],
					[0.969996,0.243122,0.0581261]
				],
		"#2-11": [
					[-0.0671271,-0,1],
					[-0.640062,-0,1],
					[-0.611682,-0,0.664575],
					[0.699506,0,-0.13591]
				],
		"#2-12": [
					[-0.414885,-0.127891,0.959788],
					[0.0198554,0.00612054,-0.0100201],
					[-0.422109,-0.130118,0.355341],
					[0.955627,0.294578,0.172454]
				],
		"#2-13": [
					[0.636913,0.320584,0.114506],
					[0.89323,0.449599,-0.7748],
					[0.89323,0.449599,-0.689266],
					[-0.352366,-0.17736,1]
				],
		"#2-14": [
					[0.347709,0.616329,0.452254],
					[0.42908,0.760564,-0.291499],
					[-0.0107422,-0.0190411,0.210407],
					[0.220106,0.390147,0.740356]
				],
		"#2-15": [
					[0.221856,-0.975079,0.612701],
					[0.0166507,-0.0731816,-0.0040207],
					[0.0599777,-0.263607,0.181039],
					[-0.221856,0.975079,0.416222]
				],
		"#2-16": [
					[0.309002,0.0150443,0.698948],
					[0.548804,0.0267196,0.469996],
					[0.219446,0.0106841,0.760285],
					[0.430976,0.0209829,0.331429]
				]
		}
	]
}
