{
	"width": 128,
	"height": 128,
	"linearGradients": [
		{
		"#1-1": [
					[-0.00551062,-0,1],
					[-0.00937672,-0,1],
					[-0.013142,-0,1],
					[0.01,0,0.99]
				]
		},
		{
		"#2-1": [
					[0.677083,0.735906,-0.209007],
					[0.344002,0.373888,0.28712],
					[0.677083,0.735906,-0.255135],
					[0.677083,0.735906,0.146641]
				],
		"#2-2": [
					[-0.756127,-0,0.973468],
					[0.0741239,0,-0.0212045],
					[-0.0551102,-0,0.101817],
					[1,0,0.253298]
				],
		"#2-3": [
					[-0.493036,-0.133731,1],
					[-0.51186,-0.138837,0.34119],
					[-0.601608,-0.16318,0.445196],
					[0.965127,0.261781,0.0423797]
				],
		"#2-4": [
					[0.0446951,-0.0652938,0.984773],
					[-0.564859,0.825187,0.487754],
					[-0.328846,0.480401,0.440393],
					[0.564859,-0.825187,0.871167]
				]
		},
		{
		"#3-1": [
					[0.0523818,0.101438,0.94269],
					[0.102266,0.198039,0.910027],
					[0.116708,0.226006,0.886342],
					[0.161395,0.312545,0.648214]
				],
		"#3-2": [
					[-0.288191,-0,1],
					[0.242835,0,-0.117602],
					[-0.00128853,-0,-0.000809032],
					[0.867695,0,-0.16965]
				],
		"#3-3": [
					[0.770685,0.637216,-0.00704311],
					[0.770685,0.637216,-0.0694884],
					[0.770685,0.637216,-0.240978],
					[-0.173677,-0.143599,1]
				],
		"#3-4": [
					[-0.583553,-0,1],
					[-0.84342,-0,1],
					[1,0,-0.396365],
					[0.770308,0,0.257881]
				]
		},
		{
		"#4-1": [
					[0.100265,0.316834,0.22662],
					[-0.12484,-0.394488,0.740454],
					[0.143072,0.452101,-0.204229],
					[0.301713,0.953399,-0.215343]
				],
		"#4-2": [
					[0.546506,0,0.362279],
					[-1,-0,0.432646],
					[-1,-0,0.319699],
					[1,0,0.365583]
				],
		"#4-3": [
					[0.143415,0,0.907068],
					[0.146723,0,0.924072],
					[0.0212866,0,0.867051],
					[-0.00131291,-0,0.812467]
				]
		}
	]
}
