{
	"width": 1019,
	"height": 1015,
	"linearGradients": [
		{
		"#1-1": [
					[-0.0208863,-0,1],
					[-0.0336057,-0,1],
					[-0.0557616,-0,0.999204],
					[0,0,0.99]
				]
		},
		{
		"#2-1": [
					[0.0194325,0,0.320178],
					[-0.594785,-0,0.608844],
					[0.576368,0,-0.0625463],
					[1,0,0.303104]
				],
		"#2-2": [
					[-0.212377,-0.201213,0.785153],
					[0.0511931,0.048502,-0.0144798],
					[0.0191785,0.0181703,-0.0130001],
					[0.452568,0.428778,0.189528]
				],
		"#2-3": [
					[0.0190975,0,0.892815],
					[0.48831,0,0.334552],
					[1,0,-0.298481],
					[1,0,-0.0319718]
				],
		"#2-4": [
					[0.324125,0,0.24369],
					[-0.182384,-0,0.267795],
					[0.126077,0,-0.0959748],
					[1,0,-0.680996]
				]
		},
		{
		"#3-1": [
					[-0.138294,-0.129745,0.223031],
					[-0.195131,-0.183068,0.356457],
					[-0.284587,-0.266993,0.172986],
					[0.72929,0.684205,0.0311164]
				],
		"#3-2": [
					[-0.170343,-0.0821124,0.995854],
					[0.900804,0.434226,0.0622077],
					[0.208712,0.100608,0.24176],
					[0.900804,0.434226,0.378798]
				],
		"#3-3": [
					[0.152499,-0.0776512,1],
					[-0.548716,0.279401,0.946127],
					[-0.891127,0.453753,0.835172],
					[-0.891127,0.453753,0.784089]
				],
		"#3-4": [
					[0.209361,-0.749747,0.963344],
					[-0.268953,0.963153,0.00859595],
					[-0.183446,0.656943,-0.00364632],
					[0.237969,-0.852194,0.99874]
				],
		"#3-5": [
					[0.0762925,0.0929454,0.940197],
					[0.508958,0.620053,0.571605],
					[0.0484232,0.058993,0.663381],
					[0.24731,0.301292,0.624875]
				],
		"#3-6": [
					[-0.741147,-0.618906,1],
					[-0.767567,-0.640968,0.606856],
					[-0.767567,-0.640968,0.446238],
					[0.767567,0.640968,0.00886699]
				],
		"#3-7": [
					[0.000852797,6.48199e-05,0.988622],
					[0.175925,0.0133718,0.911661],
					[0.474113,0.0360367,0.607171],
					[0.240806,0.0183034,0.418775]
				],
		"#3-8": [
					[-0.00426851,0.00932476,0.959813],
					[-0.416225,0.909262,0.23189],
					[0.325941,-0.712032,0.779782],
					[-0.298636,0.652385,0.530011]
				],
		"#3-9": [
					[1,0,0.538534],
					[1,0,0.49638],
					[1,0,0.312108],
					[0.228276,0,0.707046]
				],
		"#3-10": [
					[-0.0412532,-0,0.306147],
					[0.0500247,0,-0.0299349],
					[-0.141794,-0,0.120499],
					[1,0,0.101689]
				],
		"#3-11": [
					[0.0418399,0.00593893,0.975382],
					[-0.160399,-0.0227677,0.939451],
					[0.573796,0.081447,0.329704],
					[0.0900157,0.0127772,0.701933]
				],
		"#3-12": [
					[0.0845778,0.0535567,0.869273],
					[0.0907735,0.05748,0.917559],
					[0.283797,0.179707,0.703237],
					[-0.118866,-0.0752689,0.702699]
				],
		"#3-13": [
					[-0.682119,0.307789,1],
					[-0.911503,0.411293,0.805573],
					[-0.911503,0.411293,0.768401],
					[-0.197967,0.0893276,0.792345]
				],
		"#3-14": [
					[-0.102759,-0.510342,1],
					[0.151022,0.750037,-0.347707],
					[0.188223,0.934791,-0.503445],
					[0.0609702,0.302803,0.475301]
				]
		}
	]
}
