{
	"width": 500,
	"height": 500,
	"linearGradients": [
		{
		"#1-1": [
					[0.000388353,0.000387232,-5.92233e-05],
					[0.000419301,0.000418091,0.501383],
					[0.249876,0.249154,0.00114657],
					[4.56296e-06,4.54979e-06,1]
				]
		},
		{
		"#2-1": [
					[-0.676207,-0.220726,0.748851],
					[0.0440356,0.014374,0.111188],
					[-0.00315462,-0.00102972,0.187673],
					[-0.0788396,-0.0257346,0.500826]
				],
		"#2-2": [
					[0.37663,0.13295,-0.089979],
					[-0.351647,-0.124131,0.990482],
					[0.0322667,0.0113901,0.0290649],
					[-0.0771537,-0.0272353,0.354222]
				],
		"#2-3": [
					[0.000446207,0.000151413,-0.000486362],
					[-0.615828,-0.208971,0.999999],
					[0.194781,0.0660956,-0.00740293],
					[-0.055539,-0.0188462,0.462972]
				]
		},
		{
		"#3-1": [
					[-0.109459,-0.0539677,0.636731],
					[-0.130847,-0.064513,0.167138],
					[0.27116,0.133693,0.160973],
					[0.268641,0.132451,0.212978]
				],
		"#3-2": [
					[-0.170416,-0.0928833,0.697686],
					[0.0206015,0.0112286,0.204211],
					[0.363866,0.198321,-0.0797467],
					[-0.217829,-0.118725,0.426485]
				]
		}
	]
}
