{
	"width": 1497,
	"height": 1014,
	"linearGradients": [
		{
		"#1-1": [
					[0.124766,0.0593444,0.261257],
					[0.193047,0.091822,0.351054],
					[0.180847,0.0860191,0.577143],
					[0.00899196,0.00427698,0.991647]
				],
		"#1-2": [
					[0.302487,0.0587608,0.290025],
					[0.328115,0.0637392,0.382722],
					[0.51446,0.0999384,0.585254],
					[0.00626957,0.00121792,0.996039]
				],
		"#1-3": [
					[0.177041,0.09637,0.267973],
					[0.281806,0.153398,0.325978],
					[0.312643,0.170183,0.533251],
					[0.00878308,0.00478096,0.99]
				],
		"#1-4": [
					[0.465574,0.12793,0.226409],
					[0.441503,0.121316,0.333015],
					[0.398248,0.10943,0.559111],
					[0.0096426,0.00264959,0.990042]
				],
		"#1-5": [
					[0.48241,0.207726,0.222885],
					[0.488148,0.210197,0.324873],
					[0.415513,0.178921,0.541897],
					[0,0,1]
				],
		"#1-6": [
					[0.402317,0.290477,0.205135],
					[0.359203,0.259348,0.312776],
					[0.0130041,0.00938912,0.63866],
					[0.00810761,0.00585377,0.991581]
				],
		"#1-7": [
					[0.29925,0.176463,0.250352],
					[0.30056,0.177236,0.325432],
					[0.294862,0.173876,0.538742],
					[0.00861388,0.00507948,0.99]
				],
		"#1-8": [
					[0.654276,0.189555,0.178695],
					[0.598968,0.173531,0.280027],
					[0.506246,0.146668,0.53114],
					[0,0,1]
				],
		"#1-9": [
					[0.0337575,-0.273762,0.456686],
					[0.0319459,-0.259071,0.481565],
					[0.00259865,-0.0210742,0.229226],
					[-2.30668e-05,0.000187064,0.99]
				],
		"#1-10": [
					[0.426383,0.0842594,0.293377],
					[0.53375,0.105477,0.341918],
					[0.576501,0.113925,0.542207],
					[0,0,1]
				],
		"#1-11": [
					[0.357748,0.205803,0.226471],
					[0.369567,0.212602,0.329679],
					[0.253316,0.145726,0.572434],
					[0.00866804,0.00498649,0.99]
				],
		"#1-12": [
					[0.47442,0.572948,0.0119758],
					[0.366463,0.442571,0.189185],
					[0.150698,0.181995,0.586152],
					[0.00309084,0.00373275,0.99]
				],
		"#1-13": [
					[0.127905,0.454516,0.132658],
					[0.107589,0.382321,0.262405],
					[0.0855108,0.303866,0.494792],
					[1.58177e-05,5.62088e-05,1]
				],
		"#1-14": [
					[0.440045,0.322639,0.254895],
					[0.451553,0.331077,0.338485],
					[0.46296,0.33944,0.517664],
					[0,0,1]
				],
		"#1-15": [
					[0.137182,0.0784911,0.561674],
					[0.208678,0.119399,0.559446],
					[0.374398,0.214218,0.558665],
					[0.000411881,0.000235665,0.99974]
				],
		"#1-16": [
					[0.123088,0.385772,0.241177],
					[0.120153,0.376573,0.31002],
					[0.12868,0.403296,0.417107],
					[4.78999e-05,0.000150123,1]
				],
		"#1-17": [
					[0.312326,0.10588,0.311005],
					[0.345159,0.11701,0.383816],
					[0.44241,0.149978,0.50485],
					[0,0,0.99]
				],
		"#1-18": [
					[0.344517,0.130014,0.336839],
					[0.427321,0.161263,0.368092],
					[0.353985,0.133587,0.557911],
					[0,0,0.998117]
				],
		"#1-19": [
					[0.297494,0.111651,0.318082],
					[0.356476,0.133787,0.363757],
					[0.438673,0.164635,0.495607],
					[0,0,0.99]
				],
		"#1-20": [
					[0.341015,0.0909931,0.309919],
					[0.35226,0.0939937,0.39924],
					[0.444166,0.118517,0.528184],
					[0,0,0.99]
				],
		"#1-21": [
					[0.32011,0.12494,0.288431],
					[0.362098,0.141328,0.350742],
					[0.438996,0.171342,0.486029],
					[0,0,0.990548]
				],
		"#1-22": [
					[0.738763,0.673965,0.136587],
					[0.738763,0.673965,0.173432],
					[0.242953,0.221644,0.613698],
					[0.00119399,0.00108926,1]
				],
		"#1-23": [
					[-0.241952,-0,1],
					[-0.236063,-0,1],
					[-0.262462,-0,1],
					[0.01,0,0.99]
				],
		"#1-24": [
					[0.67565,0.737222,-0.266541],
					[0.585732,0.63911,-0.0641283],
					[0.107693,0.117507,0.740983],
					[0.000497923,0.000543299,1]
				],
		"#1-25": [
					[0.00207485,0,0.786704],
					[-0.22048,-0,1],
					[-0.187563,-0,1],
					[0.01,0,0.99015]
				],
		"#1-26": [
					[-0.162307,-0.126111,1],
					[-0.150943,-0.117281,1],
					[-0.157852,-0.122649,1],
					[0.00789655,0.00613552,0.990021]
				],
		"#1-27": [
					[0.0154383,0.0750538,0.557281],
					[0.0140429,0.06827,0.584531],
					[0.0218852,0.106396,0.395458],
					[0.00201478,0.00979493,0.99]
				],
		"#1-28": [
					[0.175919,0.0602254,0.55762],
					[0.222964,0.0763311,0.530984],
					[0.429437,0.147017,0.243293],
					[0.00180441,0.000617735,0.99]
				],
		"#1-29": [
					[0.343874,0.134971,0.107385],
					[0.297537,0.116784,0.208806],
					[0.252995,0.0993013,-0.0923926],
					[3.17327e-06,1.24552e-06,0.99]
				],
		"#1-30": [
					[0.294686,0.11525,0.157154],
					[0.261338,0.102208,0.244448],
					[0.254441,0.0995107,-0.108739],
					[0.00032036,0.000125291,0.990354]
				]
		},
		{
		"#2-1": [
					[0.39203,0.0929002,0.203484],
					[0.479945,0.113734,0.356773],
					[0.384994,0.0912329,0.52854],
					[0.443158,0.105016,0.0378087]
				],
		"#2-2": [
					[0.968196,0.250195,0.0901813],
					[0.902158,0.23313,0.196971],
					[0.593797,0.153445,0.368571],
					[0.275917,0.0713007,0.861741]
				],
		"#2-3": [
					[0.585282,0.29662,0.116226],
					[0.474629,0.240542,0.264572],
					[0.118426,0.060018,0.603262],
					[0.437924,0.221939,0.763134]
				],
		"#2-4": [
					[-0.928808,-0.370562,0.868823],
					[-0.928808,-0.370562,0.904827],
					[-0.928808,-0.370562,0.738933],
					[0.928808,0.370562,0.498206]
				],
		"#2-5": [
					[0.197362,0.940718,-0.313886],
					[0.176984,0.843585,-0.152637],
					[0.176163,0.839673,-0.0545359],
					[0.00896771,0.0427442,0.857146]
				],
		"#2-6": [
					[0.204246,0.111738,0.282766],
					[0.217896,0.119205,0.301419],
					[0.20658,0.113015,0.266787],
					[0.648835,0.354961,0.361306]
				],
		"#2-7": [
					[0.0862373,0.0510956,0.32939],
					[0.264666,0.156815,0.258476],
					[0.376492,0.223071,-0.0138699],
					[0.53467,0.316792,0.563056]
				],
		"#2-8": [
					[1,0,-0.405061],
					[1,0,-0.373286],
					[1,0,-0.427756],
					[-1,-0,0.959269]
				],
		"#2-9": [
					[-0.457802,-0,0.232164],
					[-0.319958,-0,0.219152],
					[-0.648742,-0,0.309038],
					[1,0,-0.111862]
				],
		"#2-10": [
					[0.0713299,0.0556721,-0.0168821],
					[0.077246,0.0602895,-0.00407903],
					[-0.195417,-0.15252,0.168453],
					[0.788316,0.61527,0.230707]
				],
		"#2-11": [
					[-0.929533,-0.368739,0.959997],
					[-0.929533,-0.368739,1],
					[-0.929533,-0.368739,0.763911],
					[0.929533,0.368739,0.222095]
				],
		"#2-12": [
					[0.569985,0,-0.214479],
					[0.54621,0,-0.189412],
					[0.484022,0,-0.20537],
					[-0.777262,-0,0.907878]
				],
		"#2-13": [
					[0.512419,0.0357275,0.469943],
					[0.483241,0.0336931,0.501424],
					[0.202417,0.0141132,0.721584],
					[-0.0151106,-0.00105356,0.513328]
				],
		"#2-14": [
					[-0.242238,-0.0217158,0.151829],
					[-0.2779,-0.0249128,0.198182],
					[-0.252422,-0.0226288,0.160031],
					[0.996006,0.0892884,-0.258154]
				],
		"#2-15": [
					[0.9845,0.175386,-0.0144113],
					[0.958338,0.170725,0.029666],
					[0.861632,0.153497,0.0922065],
					[-0.175932,-0.0313418,1]
				],
		"#2-16": [
					[-0.924601,-0.380938,0.957749],
					[-0.924601,-0.380938,0.971749],
					[-0.924601,-0.380938,0.916207],
					[0.924601,0.380938,-0.314165]
				],
		"#2-17": [
					[-0.991277,-0.131792,0.803948],
					[-0.792714,-0.105393,0.686797],
					[-0.715225,-0.0950905,0.579077],
					[0.991277,0.131792,-0.245469]
				],
		"#2-18": [
					[0.451269,0.301251,0.274085],
					[0.670122,0.44735,0.0560613],
					[0.831706,0.555217,-0.0992786],
					[0.0474638,0.0316852,0.94613]
				],
		"#2-19": [
					[0.0167986,0.0206014,0.0714188],
					[-0.00806025,-0.00988488,0.120068],
					[0.243302,0.298379,-0.270332],
					[0.0439287,0.0538731,0.853877]
				]
		}
	]
}
