{
	"width": 640,
	"height": 491,
	"linearGradients": [
		{
		"#1-1": [
					[0.389896,0.0561133,0.829316],
					[0.38009,0.0547021,0.834816],
					[0.424855,0.0611444,0.847859],
					[0.00989802,0.00142451,0.99]
				],
		"#1-2": [
					[0.23935,0.00564564,0.845017],
					[0.205937,0.00485752,0.849228],
					[0.157491,0.0037148,0.859666],
					[0.000404153,9.53292e-06,0.991476]
				],
		"#1-3": [
					[-0.18436,-0,0.854279],
					[-0.127489,-0,0.856427],
					[-0.142123,-0,0.868794],
					[0.01,0,0.99]
				],
		"#1-4": [
					[0.258985,0.0143679,0.837959],
					[0.214559,0.0119032,0.843084],
					[0.145872,0.00809265,0.855112],
					[0.000990866,5.49709e-05,0.994082]
				],
		"#1-5": [
					[-0.00122696,0.090312,0.622783],
					[-0.00219109,0.161278,0.587303],
					[-0.00146222,0.107629,0.614176],
					[-0,0,0.993049]
				],
		"#1-6": [
					[1,0,0.504627],
					[0.919205,0,0.470906],
					[0.801908,0,0.443401],
					[0,0,1]
				],
		"#1-7": [
					[-0.980796,-0.195037,0.492855],
					[-0.980796,-0.195037,0.477984],
					[-0.980796,-0.195037,0.475081],
					[0.00980796,0.00195037,1]
				],
		"#1-8": [
					[-1,-0,0.334776],
					[-1,-0,0.333582],
					[-1,-0,0.332952],
					[0.01,0,1]
				],
		"#1-9": [
					[-0.395779,-0.0736007,0.811534],
					[-0.539816,-0.100386,0.865691],
					[-0.637337,-0.118522,0.89002],
					[0.00983145,0.0018283,0.998271]
				],
		"#1-10": [
					[-0.945665,-0.325143,0.42817],
					[-0.908772,-0.312458,0.409951],
					[-0.945665,-0.325143,0.420082],
					[0.00945665,0.00325143,0.996765]
				],
		"#1-11": [
					[0.62734,0.0163613,0.496598],
					[0.571418,0.0149028,0.542718],
					[0.493957,0.0128826,0.540469],
					[0,0,1]
				],
		"#1-12": [
					[-0.393486,-0.0728155,0.654537],
					[-0.364447,-0.0674418,0.690756],
					[-0.223071,-0.0412799,0.604397],
					[0,0,0.997071]
				],
		"#1-13": [
					[-0.221797,-0.0453515,0.189095],
					[-0.21271,-0.0434935,0.183676],
					[-0.227364,-0.0464898,0.188077],
					[0.00953732,0.00195012,0.993904]
				],
		"#1-14": [
					[1,0,0.262733],
					[1,0,0.212145],
					[1,0,-0.0417114],
					[0,0,1]
				],
		"#1-15": [
					[1,0,0.314699],
					[1,0,0.247771],
					[1,0,-0.063865],
					[0,0,1]
				],
		"#1-16": [
					[1,0,0.166164],
					[1,0,0.170083],
					[1,0,0.152623],
					[0,0,1]
				],
		"#1-17": [
					[0.193101,0.400377,0.217428],
					[0.257225,0.533333,0.160611],
					[0.219278,0.454653,0.154824],
					[0.000581287,0.00120525,0.999576]
				],
		"#1-18": [
					[0.134473,0.122325,0.433728],
					[0.150902,0.137269,0.483864],
					[0.163269,0.148519,0.475071],
					[0.00739731,0.00672903,0.99]
				],
		"#1-19": [
					[-0.38261,0.0327476,0.949752],
					[-0.421196,0.0360501,0.930036],
					[-0.555861,0.0475761,0.925982],
					[-0,0,0.99]
				],
		"#1-20": [
					[-0.0759468,-0.0471423,0.480327],
					[-0.124063,-0.0770095,0.488101],
					[-0.533493,-0.331154,0.715112],
					[0.00849626,0.00527386,0.99]
				],
		"#1-21": [
					[0.190732,0.174619,0.676351],
					[0.0306839,0.0280918,0.765741],
					[-0.0648427,-0.0593649,0.801419],
					[0.00737575,0.00675266,0.99]
				],
		"#1-22": [
					[-0.64732,-0.0425422,1],
					[-0.893694,-0.0587341,1],
					[-0.997847,-0.0655791,0.993666],
					[0.00997847,0.000655791,0.996586]
				],
		"#1-23": [
					[-0.288015,-0.374217,0.378518],
					[-0.261946,-0.340346,0.347648],
					[-0.267544,-0.347619,0.350111],
					[0.00609918,0.00792465,0.991737]
				],
		"#1-24": [
					[0.986872,0.00359488,0.0868054],
					[0.999993,0.00364267,0.0498301],
					[0.837559,0.00305097,0.0636856],
					[0.00107286,3.90809e-06,1]
				],
		"#1-25": [
					[-0.142222,-0.090123,0.548558],
					[-0.0708969,-0.0449258,0.523915],
					[-0.0466237,-0.0295444,0.480977],
					[0.00844687,0.0053526,0.99]
				],
		"#1-26": [
					[-0.302449,-0.0956734,0.706506],
					[-0.394692,-0.124853,0.830557],
					[-0.480947,-0.152138,0.839899],
					[0.00953435,0.00301599,0.991417]
				],
		"#1-27": [
					[-0.307984,-0.16942,0.776809],
					[-0.20535,-0.112962,0.708377],
					[-0.261045,-0.1436,0.711055],
					[0.00876181,0.00481982,0.990849]
				],
		"#1-28": [
					[-0.0694898,-0.0384757,0.49803],
					[-0.0598452,-0.0331356,0.537455],
					[-0.0203827,-0.0112857,0.475653],
					[0.0087485,0.00484394,0.99]
				],
		"#1-29": [
					[-0.951664,-0.0615262,1],
					[-0.867516,-0.0560859,0.998886],
					[-0.840159,-0.0543173,0.938631],
					[0.00997917,0.000645165,0.992858]
				],
		"#1-30": [
					[-0.425379,-0.215689,0.843643],
					[-0.361131,-0.183113,0.829271],
					[-0.296321,-0.15025,0.704258],
					[0.00891897,0.00452238,0.99052]
				],
		"#1-31": [
					[-0.315884,-0.148615,1],
					[-0.359998,-0.169369,1],
					[-0.418401,-0.196846,1],
					[0.00904859,0.00425711,0.990335]
				],
		"#1-32": [
					[0.432006,0.466159,0.040749],
					[0.404709,0.436704,0.0997237],
					[0.25781,0.278191,0.166484],
					[0.000413571,0.000446267,0.99997]
				],
		"#1-33": [
					[0.256368,0.0738282,0.274387],
					[0.146969,0.0423236,0.404349],
					[-0.374119,-0.107738,0.583514],
					[0,0,0.991147]
				],
		"#1-34": [
					[-0.108797,0.225766,0.379314],
					[-0.13147,0.272815,0.370525],
					[-0.0966967,0.200656,0.155859],
					[-0.00434124,0.00900853,0.99]
				],
		"#1-35": [
					[0.150568,0.0800352,0.350538],
					[0.179195,0.0952517,0.332024],
					[0.211465,0.112405,0.0256018],
					[0.00143779,0.000764266,0.99]
				],
		"#1-36": [
					[0.199143,0,0.295261],
					[0.248778,0,0.297696],
					[0.118075,0,0.132596],
					[0.00193752,0,0.990308]
				],
		"#1-37": [
					[-0.134648,0.0740428,0.602578],
					[-0.00663025,0.00364596,0.567252],
					[-0.030082,0.0165421,0.279723],
					[-0.00876253,0.00481851,0.996003]
				],
		"#1-38": [
					[0.291547,0.275147,0.237398],
					[0.263872,0.249028,0.276034],
					[0.298961,0.282144,-0.0769872],
					[0,0,1]
				],
		"#1-39": [
					[0.0393335,0.190107,0.378538],
					[0.0223363,0.107956,0.481382],
					[0.0241723,0.11683,0.147414],
					[0.0020261,0.00979259,0.99]
				],
		"#1-40": [
					[-0.275762,-0.00277548,0.79873],
					[-0.235226,-0.00236749,0.794131],
					[0.0505893,0.000509168,0.201531],
					[-0.00999949,-0.000100642,0.99]
				]
		},
		{
		"#2-1": [
					[0.228886,0,0.149049],
					[0.167959,0,0.283889],
					[0.42543,0,0.179594],
					[0.960728,0,0.260828]
				],
		"#2-2": [
					[0.013899,0.00418792,-0.0231281],
					[0.0331691,0.0099942,-0.0330413],
					[0.0115738,0.0034873,-0.0191538],
					[0.0566229,0.0170611,0.815405]
				],
		"#2-3": [
					[-0.026394,-0.0187731,-0.0012276],
					[-0.0187893,-0.0133641,-0.00570792],
					[-0.00348205,-0.00247665,-0.0133827],
					[0.0224644,0.0159781,0.833671]
				],
		"#2-4": [
					[0.305186,0.0465676,-0.173098],
					[0.236459,0.0360808,-0.14423],
					[0.12316,0.0187927,-0.0638398],
					[0.394779,0.0602384,0.514658]
				],
		"#2-5": [
					[-0.0216101,-0.302695,0.142725],
					[-0.0212613,-0.29781,0.120184],
					[-0.030695,-0.429948,0.172467],
					[0.071211,0.997461,-0.296698]
				],
		"#2-6": [
					[-0.0512408,-0.0171649,0.0280143],
					[-0.0893949,-0.0299459,0.0656953],
					[-0.146895,-0.0492076,0.124541],
					[0.418663,0.140246,0.442516]
				],
		"#2-7": [
					[0.395593,0,0.140025],
					[0.260762,0,0.309541],
					[0.031532,0,0.159022],
					[0.344322,0,0.460156]
				],
		"#2-8": [
					[-0.00096815,-0.00155405,-0.00274363],
					[-0.0740552,-0.118871,0.129204],
					[-0.0852312,-0.136811,0.149613],
					[0.317609,0.509817,0.234601]
				],
		"#2-9": [
					[0.284111,0.212453,0.120115],
					[0.266153,0.199024,0.0889225],
					[0.229423,0.171558,0.00877066],
					[0.243281,0.18192,0.474236]
				]
		}
	]
}
