{
	"width": 1497,
	"height": 1014,
	"linearGradients": [
		{
		"#1-1": [
					[0.188559,0.0609235,0.25749],
					[0.297527,0.0961311,0.350812],
					[0.245324,0.079264,0.575891],
					[0.00951564,0.0030745,0.99]
				],
		"#1-2": [
					[0.0125451,0.0078603,0.339715],
					[-0.245597,-0.153882,0.51008],
					[-0.847403,-0.53095,0.756079],
					[0.00847403,0.0053095,1]
				],
		"#1-3": [
					[-0.124098,-0,0.356021],
					[-0.462943,-0,0.470407],
					[-1,-0,0.635788],
					[0.01,0,1]
				],
		"#1-4": [
					[0.387571,0.121278,0.233035],
					[0.375277,0.117431,0.336047],
					[0.389402,0.121851,0.55885],
					[0.00590436,0.00184758,0.99]
				],
		"#1-5": [
					[-0.0390663,-0,0.424363],
					[-0.201491,-0,0.534581],
					[-1,-0,0.812467],
					[0,0,1]
				],
		"#1-6": [
					[-0.205868,-0.130743,0.383033],
					[-0.256001,-0.162581,0.447506],
					[-0.271541,-0.172451,0.312793],
					[0,0,0.99]
				],
		"#1-7": [
					[-0.206369,-0.0118479,0.521415],
					[-0.282485,-0.0162178,0.626614],
					[-0.998356,-0.0573169,0.991829],
					[0.00998356,0.000573169,1]
				],
		"#1-8": [
					[-0.179041,-0.289213,0.432612],
					[-0.314162,-0.507479,0.588531],
					[-0.526364,-0.850259,0.756114],
					[0.00526364,0.00850259,1]
				],
		"#1-9": [
					[-0.320711,0.2977,0.329251],
					[-0.261074,0.242342,0.440552],
					[-0.393913,0.36565,0.549985],
					[-0,0,0.99]
				],
		"#1-10": [
					[-0.0610724,0.535882,0.192023],
					[-0.0498392,0.437317,0.310181],
					[-0.0255576,0.224257,0.599536],
					[-8.3324e-06,7.3113e-05,0.999829]
				],
		"#1-11": [
					[-0.178665,-0.0589631,0.366957],
					[-0.190058,-0.0627232,0.40224],
					[-0.109171,-0.0360287,0.211292],
					[0,0,0.994223]
				],
		"#1-12": [
					[0.999866,0,0.0936394],
					[0.683536,0,0.27693],
					[-0.209693,-0,0.714563],
					[0.00562733,0,0.999148]
				],
		"#1-13": [
					[0.164268,0.0441005,0.232446],
					[0.122878,0.0329887,0.285718],
					[0.329076,0.0883458,0.0434414],
					[0.00965801,0.00259285,0.99]
				],
		"#1-14": [
					[1,0,-0.100095],
					[1,0,-0.0731504],
					[0.654983,0,-0.079322],
					[0,0,1]
				],
		"#1-15": [
					[0.622858,0.782335,-0.422196],
					[0.622858,0.782335,-0.393733],
					[0.463672,0.582391,-0.353986],
					[0,0,1]
				],
		"#1-16": [
					[0.373697,0.0823174,0.285502],
					[0.401893,0.0885283,0.366712],
					[0.542095,0.119412,0.503928],
					[7.40155e-05,1.6304e-05,0.999984]
				],
		"#1-17": [
					[0.359252,0.0641217,0.305899],
					[0.396891,0.0708397,0.381943],
					[0.436716,0.077948,0.576224],
					[0,0,0.99]
				],
		"#1-18": [
					[-0.710224,-0.362257,0.91216],
					[-0.720404,-0.367449,0.951467],
					[-0.890814,-0.454369,0.999436],
					[0.00890814,0.00454369,1]
				],
		"#1-19": [
					[0.176261,0.984343,-0.267749],
					[0.176261,0.984343,-0.241482],
					[0.176261,0.984343,-0.361206],
					[0,0,1]
				],
		"#1-20": [
					[-0.0439556,0.933417,-0.310052],
					[-0.0383988,0.815416,-0.202566],
					[-0.0470389,0.998893,-0.423626],
					[-1.42545e-05,0.000302701,1]
				],
		"#1-21": [
					[-0.436163,-0.761605,0.915466],
					[-0.403986,-0.705421,0.927023],
					[-0.496963,-0.867772,1],
					[0.00496963,0.00867772,1]
				],
		"#1-22": [
					[0.776198,0,-0.185959],
					[0.738951,0,-0.135873],
					[0.925568,0,-0.336812],
					[0.01,0,0.991597]
				],
		"#1-23": [
					[0.38781,0.0515017,0.31329],
					[0.410091,0.0544606,0.398259],
					[0.448435,0.0595528,0.583755],
					[0,0,0.990646]
				],
		"#1-24": [
					[-0.106858,-0.0617842,0.359599],
					[-0.160874,-0.0930155,0.431673],
					[0.0160676,0.00929013,0.152987],
					[0.0086571,0.00500545,0.99]
				],
		"#1-25": [
					[0.258739,0.965947,-0.487838],
					[0.258739,0.965947,-0.462317],
					[0.258739,0.965947,-0.5382],
					[0.000770325,0.00287584,0.995955]
				],
		"#1-26": [
					[-0.929269,-0.369403,0.975042],
					[-0.906204,-0.360235,1],
					[-0.929269,-0.369403,0.878352],
					[0.00929269,0.00369403,1]
				],
		"#1-27": [
					[0.105392,0.292509,-0.00154073],
					[0.117911,0.327255,-0.00267833],
					[0.166517,0.462157,-0.21924],
					[0,0,1]
				],
		"#1-28": [
					[0.700509,0.219952,0.0285027],
					[0.556883,0.174855,0.232705],
					[0.331223,0.104,0.598908],
					[0.000159491,5.00781e-05,1]
				],
		"#1-29": [
					[0.0655978,0.0466347,0.492004],
					[0.219159,0.155804,0.479221],
					[0.303857,0.216017,0.577572],
					[0.0081503,0.00579419,0.99]
				],
		"#1-30": [
					[0.99823,0.0594653,-0.398609],
					[0.99823,0.0594653,-0.376174],
					[0.99823,0.0594653,-0.444517],
					[0.00332946,0.000198338,1]
				],
		"#1-31": [
					[-0.0520569,-0.214775,0.614587],
					[-0.0950387,-0.392109,0.742881],
					[-0.235558,-0.97186,1],
					[0.00235558,0.0097186,0.999827]
				],
		"#1-32": [
					[0.55921,0,0.509217],
					[0.534517,0,0.545028],
					[0.446913,0,0.633112],
					[0.000770426,0,0.999856]
				],
		"#1-33": [
					[0.966391,0.257077,-0.365827],
					[0.966391,0.257077,-0.338329],
					[0.966391,0.257077,-0.354507],
					[0.00966391,0.00257077,1]
				],
		"#1-34": [
					[0.0037473,0.24662,0.692496],
					[0.00365483,0.240534,0.70304],
					[0.00535294,0.352292,0.603151],
					[0,0,0.99]
				],
		"#1-35": [
					[0.378196,0,0.0893123],
					[0.413402,0,0.0927229],
					[1,0,-0.439454],
					[0.000286635,0,1]
				],
		"#1-36": [
					[-0.0850056,-0.0585544,0.725052],
					[-0.213277,-0.146911,0.870661],
					[-0.324397,-0.223455,1],
					[0.0082353,0.00567272,0.993026]
				],
		"#1-37": [
					[0.346319,0.0179663,0.740007],
					[0.320692,0.0166368,0.751233],
					[0.33762,0.017515,0.732096],
					[0,0,0.99]
				],
		"#1-38": [
					[0.106916,-0.994268,0.675476],
					[0.106916,-0.994268,0.696995],
					[0.106916,-0.994268,0.660913],
					[-0.00106916,0.00994268,0.999007]
				],
		"#1-39": [
					[-0.158669,-0.027787,1],
					[-0.162042,-0.0283778,1],
					[-0.0375933,-0.00658356,0.875796],
					[0.00727241,0.00127359,0.99]
				],
		"#1-40": [
					[0.0308076,0,0.774451],
					[-0.0885414,-0,0.909294],
					[-0.14266,-0,1],
					[0.00889245,0,0.99]
				],
		"#1-41": [
					[0.359023,0.126966,0.46775],
					[0.350587,0.123982,0.491862],
					[0.435563,0.154034,0.409493],
					[0,0,0.995583]
				],
		"#1-42": [
					[-0.255835,-0.106442,1],
					[-0.245246,-0.102036,1],
					[-0.281314,-0.117042,1],
					[0.00923277,0.00384135,0.99]
				],
		"#1-43": [
					[0.113041,0,0.706366],
					[0.0459567,0,0.780042],
					[-0.0549939,-0,0.875431],
					[0.01,0,0.99]
				],
		"#1-44": [
					[-0.350802,-0,0.981166],
					[-0.344788,-0,1],
					[-0.422555,-0,1],
					[0.01,0,0.991704]
				],
		"#1-45": [
					[0.236162,0.136359,0.215787],
					[0.223102,0.128818,0.284413],
					[0.112379,0.0648871,0.0505896],
					[0.00866008,0.0050003,0.99]
				],
		"#1-46": [
					[0.00954957,-0.00369976,0.538924],
					[0.0625628,-0.0242385,0.549581],
					[-0.0629081,0.0243723,0.270023],
					[-0.00932464,0.00361262,1]
				],
		"#1-47": [
					[0.0722664,0.0269209,0.419191],
					[0.0556741,0.0207399,0.484171],
					[0.0258773,0.00963991,0.169406],
					[0.000237873,8.8613e-05,0.999418]
				]
		},
		{
		"#2-1": [
					[0.284153,0.264208,0.5846],
					[0.266756,0.248032,0.609823],
					[0.353234,0.32844,0.537891],
					[0.198499,0.184566,0.187212]
				],
		"#2-2": [
					[-0.541387,-0.277845,0.809141],
					[-0.396306,-0.203388,0.712969],
					[-0.585166,-0.300313,0.576217],
					[0.889677,0.45659,-0.627411]
				]
		}
	]
}
