{
	"width": 1000,
	"height": 730,
	"linearGradients": [
		{
		"#1-1": [
					[0.380046,0,0.99938],
					[0.380046,0,0.99938],
					[0.380046,0,0.99938],
					[0,0,0.99]
				],
		"#1-2": [
					[-0.003057,-0.00189788,1],
					[-0.00403481,-0.00250493,1],
					[-0.0040791,-0.00253243,1],
					[0.00415258,0.00257804,0.99]
				],
		"#1-3": [
					[0.344583,0,0.998582],
					[0.344583,0,0.998582],
					[0.344583,0,0.998582],
					[0,0,0.99]
				],
		"#1-4": [
					[0.330232,0,0.998641],
					[0.330232,0,0.998641],
					[0.330232,0,0.998641],
					[0,0,0.99]
				],
		"#1-5": [
					[-0.157474,-0,0.996531],
					[-0.328178,-0,0.991691],
					[-0.282387,-0,0.981599],
					[0.0072603,0,0.994414]
				],
		"#1-6": [
					[-0.0234228,-0.00210077,0.999888],
					[-0.594525,-0.0533222,0.836913],
					[-0.62411,-0.0559756,0.333218],
					[0.00186035,0.000166853,1]
				],
		"#1-7": [
					[0.477417,0.156625,0.84489],
					[0.600961,0.197156,0.787437],
					[0.550821,0.180706,0.798489],
					[0,0,0.99]
				],
		"#1-8": [
					[0.00915265,0,0.981552],
					[-0.385752,-0,1],
					[-0.631868,-0,1],
					[0.01,0,0.99156]
				],
		"#1-9": [
					[0.0203355,0.00730059,0.987128],
					[-0.343584,-0.123349,0.893282],
					[0.0506717,0.0181915,0.252997],
					[0.00941185,0.00337892,0.995634]
				],
		"#1-10": [
					[0.285869,0.164347,0.871158],
					[0.379926,0.21842,0.820288],
					[0.524742,0.301675,0.75716],
					[0,0,0.99]
				],
		"#1-11": [
					[0.0124313,0.0369691,0.969426],
					[-0.198398,-0.59001,1],
					[-0.318725,-0.947847,0.718051],
					[0.00318725,0.00947847,1]
				],
		"#1-12": [
					[0.512002,0.407572,0.76499],
					[0.370624,0.29503,0.80702],
					[0.272258,0.216727,0.845771],
					[0,0,0.99]
				],
		"#1-13": [
					[-0.000524155,-0.000585973,0.990008],
					[-0.195288,-0.218319,0.741388],
					[-0.394132,-0.440615,0.366324],
					[0.000599645,0.000670367,1]
				],
		"#1-14": [
					[0.108785,0,0.943175],
					[-0.408249,-0,1],
					[-0.763906,-0,1],
					[0.01,0,0.99]
				],
		"#1-15": [
					[0.00143474,0.000430048,0.99589],
					[0.146143,0.0438048,0.711309],
					[0.957895,0.287119,-0.0192477],
					[0,0,1]
				],
		"#1-16": [
					[0.539112,0.0115777,0.797214],
					[0.999769,0.0214706,0.351489],
					[0.999769,0.0214706,0.0709614],
					[0,0,1]
				],
		"#1-17": [
					[-0.0430466,0.0804233,0.984773],
					[-0.318634,0.595299,0.554704],
					[-0.219683,0.410431,0.00629743],
					[-0.00471904,0.0088165,0.999715]
				],
		"#1-18": [
					[-0.802388,-0,1],
					[-0.986828,-0,0.923547],
					[0.474195,0,-0.016164],
					[0.00966524,0,0.99842]
				],
		"#1-19": [
					[0.262359,0.342797,0.526149],
					[0.207311,0.27087,0.614485],
					[0.344585,0.450232,0.387247],
					[0,0,0.99]
				],
		"#1-20": [
					[0.0486518,0.00996348,0.943718],
					[0.520853,0.106666,0.061988],
					[0.00751266,0.00153853,-0.0046231],
					[0.00353761,0.000724472,0.994219]
				],
		"#1-21": [
					[0.123526,0.125312,0.858913],
					[-0.021644,-0.0219568,0.822525],
					[-0.482075,-0.489043,1],
					[0.00702015,0.00712162,0.992895]
				],
		"#1-22": [
					[-0.47965,0.87746,0.314522],
					[-0.450557,0.824239,0.00997423],
					[-0.328021,0.600074,-0.206555],
					[-0,0,1]
				],
		"#1-23": [
					[-0.495292,0.868726,0.710057],
					[-0.495292,0.868726,0.123232],
					[-0.129824,0.227707,-0.0288436],
					[-0,0,1]
				],
		"#1-24": [
					[-0.17999,-0.103347,0.827332],
					[0.107861,0.061932,0.199985],
					[0.190297,0.109266,-0.169172],
					[0.00867212,0.00497939,0.991592]
				],
		"#1-25": [
					[0.0628096,0.00699197,0.932266],
					[0.0996728,0.0110956,0.710575],
					[0.458677,0.0510599,-0.0440745],
					[0.00993861,0.00110637,0.99]
				],
		"#1-26": [
					[0.0398076,0.0690612,0.937895],
					[-0.037371,-0.064834,0.632793],
					[-0.455689,-0.790564,0.600448],
					[0,0,1]
				],
		"#1-27": [
					[0.151356,0.356768,0.657137],
					[0.390551,0.920581,0.0713651],
					[0.390551,0.920581,-0.0526573],
					[0.00109583,0.00258301,1]
				],
		"#1-28": [
					[0.66297,0,0.532088],
					[-0.292651,-0,1],
					[-0.669523,-0,1],
					[0.01,0,0.99]
				],
		"#1-29": [
					[-0.126153,-0.0888545,1],
					[-0.145957,-0.102804,0.440732],
					[0.0428994,0.0302158,-0.0393586],
					[0.00817561,0.00575841,0.99]
				],
		"#1-30": [
					[0.0115671,0.434771,-0.105278],
					[0.0249863,0.939156,-0.442077],
					[0.00887443,0.333561,-0.288768],
					[0,0,1]
				],
		"#1-31": [
					[0.192211,0.00518682,0.747358],
					[0.592809,0.015997,0.246497],
					[0.729947,0.0196976,0.086186],
					[0.00999636,0.000269752,0.99]
				],
		"#1-32": [
					[0.147834,0.0545775,0.851457],
					[0.681421,0.251568,0.00675247],
					[0.938112,0.346333,-0.861309],
					[0,0,1]
				],
		"#1-33": [
					[0.278235,0.167594,0.732835],
					[0.375141,0.225965,0.235666],
					[-0.210224,-0.126627,0.204332],
					[0.00856605,0.00515973,0.99]
				],
		"#1-34": [
					[0.27155,0.210283,0.454211],
					[-0.231934,-0.179606,0.623905],
					[-0.454203,-0.351727,0.703214],
					[0.00790652,0.00612266,0.990001]
				],
		"#1-35": [
					[0.802625,0,0.270717],
					[1,0,-0.308673],
					[1,0,-0.643852],
					[0.000817519,0,1]
				],
		"#1-36": [
					[0.317288,0.249888,0.475026],
					[0.313519,0.24692,0.480584],
					[0.315403,0.248404,0.477805],
					[0,0,0.99]
				],
		"#1-37": [
					[0.166618,0.0736276,0.770133],
					[0.166618,0.0736276,0.770133],
					[0.166618,0.0736276,0.770133],
					[0,0,0.99]
				],
		"#1-38": [
					[0.436449,0,0.562664],
					[0.434713,0,0.563882],
					[0.435577,0,0.563276],
					[4.50878e-08,0,0.99]
				],
		"#1-39": [
					[0.445493,0,0.549367],
					[0.447902,0,0.545133],
					[0.44523,0,0.548976],
					[0.00491594,0,0.995094]
				],
		"#1-40": [
					[0.415568,0.0297623,0.557863],
					[0.415055,0.0297256,0.558406],
					[0.415312,0.0297439,0.558134],
					[0.00242951,0.000173997,0.992643]
				]
		},
		{
		"#2-1": [
					[-1,-0,0.957499],
					[-0.886664,-0,1],
					[-1,-0,0.617886],
					[1,0,0.383619]
				],
		"#2-2": [
					[0.25443,0,0.811958],
					[-0.479212,-0,0.977957],
					[0.0719361,0,-0.0299815],
					[0.393819,0,0.483053]
				],
		"#2-3": [
					[0.501966,0.443198,0.316912],
					[0.749625,0.661863,-0.379501],
					[0.219356,0.193675,-0.0903456],
					[-0.0272525,-0.0240619,1]
				],
		"#2-4": [
					[-0.00369429,-0.00134384,0.999985],
					[-0.333649,-0.121369,1],
					[0.466198,0.169585,-0.311524],
					[0.295346,0.107435,0.688802]
				],
		"#2-5": [
					[0.0375643,0.078619,0.920077],
					[-0.0248804,-0.0520726,0.660751],
					[-0.272727,-0.570796,0.589517],
					[0.431119,0.902295,0.057467]
				],
		"#2-6": [
					[-0.00378792,0.0272123,0.980189],
					[-0.025598,0.183895,0.531654],
					[-0.137869,0.99045,-0.493361],
					[-0.00353534,0.0253978,0.969531]
				],
		"#2-7": [
					[-0.0921184,-0.0723121,1],
					[0.302809,0.237702,0.0400352],
					[0.161355,0.126662,-0.159444],
					[0.230413,0.180872,0.72995]
				],
		"#2-8": [
					[0.203583,0.14552,0.498235],
					[0.0584542,0.0417828,0.19456],
					[0.102929,0.0735733,-0.120884],
					[0.359532,0.256992,0.523027]
				],
		"#2-9": [
					[0.228217,0.653778,0.371405],
					[0.329572,0.944131,-0.225089],
					[0.0719839,0.206214,-0.0866434],
					[0.000292574,0.000838143,1]
				]
		}
	]
}
