{
	"width": 700,
	"height": 700,
	"linearGradients": [
		{
		"#1-1": [
					[0.00028951,0.000118888,1],
					[-0.000607422,-0.00024944,1],
					[-0.0163818,-0.00672722,0.999704],
					[0,0,0.990803]
				],
		"#1-2": [
					[0.519606,0,0.379247],
					[0.352985,0,0.577874],
					[0.428912,0,0.366592],
					[0,0,1]
				],
		"#1-3": [
					[-0.315909,-0.0438809,1],
					[-0.99049,-0.137583,0.877557],
					[-0.99049,-0.137583,0.909329],
					[0.0099049,0.00137583,0.999779]
				],
		"#1-4": [
					[-0.485138,-0.0440799,0.970265],
					[-0.339988,-0.0308915,0.914313],
					[-0.868998,-0.0789576,0.93388],
					[0.00995898,0.000904878,0.997318]
				],
		"#1-5": [
					[-0.611691,-0,1],
					[-1,-0,0.620436],
					[-1,-0,0.698454],
					[0.01,0,1]
				],
		"#1-6": [
					[-0.034154,-0.00698699,1],
					[-0.0747877,-0.0152995,1],
					[-0.0976418,-0.0199749,1],
					[0.0097971,0.00200422,0.99]
				],
		"#1-7": [
					[0.0559186,-0.12551,0.665754],
					[-0.406968,0.913442,0.12172],
					[-0.406968,0.913442,0.0426353],
					[-0,0,1]
				],
		"#1-8": [
					[-0.00272798,0.579245,0.777795],
					[-0.00470949,0.999989,0.566939],
					[-0.00470949,0.999989,0.564287],
					[-3.28898e-05,0.00698365,1]
				],
		"#1-9": [
					[0.452057,0.0523924,0.402434],
					[0.193533,0.0224301,0.288013],
					[0.237685,0.0275472,0.217135],
					[0.00993351,0.00115127,0.99]
				],
		"#1-10": [
					[0.113712,0.0339342,0.917073],
					[-0.197765,-0.0590177,0.793496],
					[-0.622713,-0.185832,0.885383],
					[0.00958241,0.00285962,0.99654]
				],
		"#1-11": [
					[-0.0466094,-0.0170243,0.986168],
					[-0.297271,-0.10858,1],
					[-0.308293,-0.112605,1],
					[0.00939304,0.00343085,0.991414]
				],
		"#1-12": [
					[0.870029,0.493,0.279126],
					[0.870029,0.493,-0.058366],
					[-0.248809,-0.140987,0.684177],
					[0.00125995,0.000713946,1]
				],
		"#1-13": [
					[0.218038,0.0946324,0.704408],
					[0.917326,0.398137,0.0291677],
					[0.917326,0.398137,-0.186205],
					[0.00113703,0.00049349,1]
				],
		"#1-14": [
					[0.324653,0.337825,0.628283],
					[0.324785,0.337962,0.610225],
					[0.330087,0.34348,0.53629],
					[0,0,0.99]
				],
		"#1-15": [
					[0.441382,0.138933,0.6817],
					[0.412401,0.129811,0.688206],
					[0.423816,0.133404,0.620426],
					[0,0,0.99]
				],
		"#1-16": [
					[0.0495196,-0.0619439,0.893564],
					[-0.624421,0.781088,0.393632],
					[-0.098654,0.123406,0.371423],
					[-0,0,1]
				],
		"#1-17": [
					[0.488944,0,0.48664],
					[0.642961,0,0.244632],
					[0.0139066,0,0.459561],
					[0.000365789,0,1]
				],
		"#1-18": [
					[-0.323822,-0.237453,1],
					[-0.462264,-0.33897,1],
					[-0.582682,-0.42727,1],
					[0.00806424,0.00591337,0.99]
				],
		"#1-19": [
					[0.0135782,0.00922414,0.872636],
					[0.0695164,0.047225,0.277108],
					[0.0477113,0.032412,0.221496],
					[0.00827182,0.00561934,0.99]
				],
		"#1-20": [
					[-0.381749,-0,1],
					[1,0,-0.276146],
					[1,0,-0.248182],
					[0.000677461,0,1]
				],
		"#1-21": [
					[-0.426436,-0,1],
					[-0.670348,-0,1],
					[-0.881753,-0,1],
					[0.01,0,0.99]
				],
		"#1-22": [
					[-0.0999118,-0.0490192,1],
					[-0.17573,-0.0862176,1],
					[-0.163644,-0.0802878,1],
					[0.00897768,0.00440468,0.990001]
				],
		"#1-23": [
					[0.213278,0.447538,0.148338],
					[0.00820768,0.0172228,0.254256],
					[-0.0345817,-0.0725655,0.343532],
					[0.00430204,0.00902732,0.99]
				],
		"#1-24": [
					[0.387261,0.348064,0.418621],
					[0.432727,0.388929,0.288697],
					[0.372096,0.334435,0.390773],
					[6.08894e-05,5.47265e-05,1]
				],
		"#1-25": [
					[0.179747,0,0.405879],
					[0.087051,0,0.256116],
					[0.0525466,0,0.274126],
					[0.00409205,0,0.994945]
				]
		},
		{
		"#2-1": [
					[0.339459,0.128081,0.495238],
					[0.405408,0.152964,0.63999],
					[0.282811,0.106707,0.407718],
					[0.534343,0.201612,0.00231498]
				],
		"#2-2": [
					[0.235889,0.1758,0.236647],
					[-0.0811604,-0.0604861,0.416114],
					[-0.055924,-0.0416782,0.035306],
					[0.801818,0.597568,-0.402182]
				],
		"#2-3": [
					[0.429108,0.221088,0.632959],
					[0.406572,0.209477,0.752816],
					[0.39234,0.202144,0.595877],
					[0.378229,0.194874,0.146264]
				],
		"#2-4": [
					[0.167363,0.366369,0.710776],
					[0.303542,0.664475,0.442872],
					[0.323766,0.708746,0.406497],
					[0.177362,0.388258,0.485031]
				],
		"#2-5": [
					[0.0725765,0.588774,0.500092],
					[0.107826,0.874735,0.1646],
					[0.118468,0.961068,0.102039],
					[0.020647,0.167498,0.66905]
				],
		"#2-6": [
					[0.226741,0,0.490782],
					[-0.151914,-0,0.342931],
					[-0.319633,-0,0.0847727],
					[1,0,-0.0977969]
				],
		"#2-7": [
					[0.419691,0.390932,0.759791],
					[0.442979,0.412625,0.717864],
					[0.44767,0.416995,0.707472],
					[0.375172,0.349464,0.525482]
				],
		"#2-8": [
					[-0.582251,-0.0634509,1],
					[-0.319831,-0.0348536,0.190568],
					[-0.52088,-0.056763,0.37182],
					[0.994115,0.108334,0.102209]
				],
		"#2-9": [
					[0.250593,0.435752,0.780429],
					[0.357897,0.62234,0.609095],
					[0.311888,0.542336,0.636594],
					[0.241653,0.420205,0.635643]
				],
		"#2-10": [
					[0.152813,0.373743,0.576335],
					[0.378459,0.925618,0.0400824],
					[0.243369,0.595222,0.208443],
					[-0.00134141,-0.00328076,1]
				],
		"#2-11": [
					[0.592504,0.0373744,0.607801],
					[0.998016,0.0629537,0.273375],
					[0.998016,0.0629537,0.280602],
					[0.318082,0.0200642,0.620171]
				],
		"#2-12": [
					[0.221568,0.0406834,0.784346],
					[0.340186,0.0624636,0.493939],
					[0.0731684,0.0134349,0.196963],
					[-0.0743189,-0.0136462,0.256622]
				],
		"#2-13": [
					[0.394758,0.236354,0.583417],
					[0.309848,0.185516,0.407999],
					[0.335625,0.20095,0.476103],
					[0.460656,0.27581,0.240634]
				],
		"#2-14": [
					[0.370225,0.13975,0.670792],
					[0.751929,0.283833,0.328127],
					[0.696637,0.262962,0.392456],
					[0.343291,0.129583,0.607575]
				],
		"#2-15": [
					[0.0503823,0.0211547,0.586951],
					[-0.332661,-0.139679,0.395891],
					[0.0422592,0.0177439,-0.041957],
					[0.767839,0.322402,-0.665418]
				],
		"#2-16": [
					[0.464888,0.172614,0.572049],
					[0.937415,0.348064,0.128844],
					[0.829637,0.308046,0.24651],
					[0.155384,0.0576945,0.702159]
				],
		"#2-17": [
					[0.0458482,0.001737,0.266203],
					[-0.0430434,-0.00163074,0.0317406],
					[-0.0259389,-0.000982721,0.195559],
					[0.999283,0.0378588,-0.411692]
				],
		"#2-18": [
					[-0.26259,0.964907,0.484718],
					[-0.26259,0.964907,0.331322],
					[-0.26259,0.964907,0.363768],
					[0.26259,-0.964907,0.999627]
				],
		"#2-19": [
					[0.0170618,-0.186016,0.529198],
					[0.0209692,-0.228616,0.112304],
					[0.0190939,-0.208171,0.209169],
					[-0.0913388,0.99582,-0.111358]
				],
		"#2-20": [
					[0.298442,0.139806,0.395807],
					[0.179488,0.0840814,0.34154],
					[0.260251,0.121915,0.394204],
					[0.378929,0.17751,0.129175]
				],
		"#2-21": [
					[0.157547,0.428222,0.299615],
					[0.179692,0.488414,0.0294531],
					[0.200174,0.544084,-0.00855375],
					[0.0294329,0.0800004,0.71111]
				],
		"#2-22": [
					[0.172294,0.0890433,0.402518],
					[0.34636,0.179002,0.000791954],
					[0.118444,0.0612129,0.278939],
					[0.324127,0.167512,0.408495]
				],
		"#2-23": [
					[0.349914,0.201423,0.303519],
					[0.350726,0.201891,0.194807],
					[0.325134,0.187159,0.231494],
					[0.244263,0.140607,0.499572]
				]
		}
	]
}
