{
	"width": 640,
	"height": 491,
	"linearGradients": [
		{
		"#1-1": [
					[0.219382,0.0138656,0.84169],
					[0.20295,0.0128271,0.844556],
					[0.115536,0.00730226,0.860364],
					[0.00975317,0.000616432,0.994693]
				],
		"#1-2": [
					[-0.12759,-0,0.853022],
					[-0.104264,-0,0.856362],
					[-0.117166,-0,0.868356],
					[0.01,0,0.99]
				],
		"#1-3": [
					[-0.278129,-0.143404,0.892188],
					[-0.112333,-0.0579192,0.829686],
					[-0.243723,-0.125664,0.889702],
					[0.00888811,0.00458274,0.991418]
				],
		"#1-4": [
					[-0.748827,0.662765,0.18867],
					[-0.748827,0.662765,0.168429],
					[-0.748827,0.662765,0.168935],
					[-0,0,1]
				],
		"#1-5": [
					[0.977165,0.212483,0.412733],
					[0.977165,0.212483,0.349609],
					[0.977165,0.212483,0.274087],
					[0,0,1]
				],
		"#1-6": [
					[0.257222,0.591715,0.487215],
					[0.259863,0.597789,0.423929],
					[0.286655,0.659421,0.323663],
					[0,0,1]
				],
		"#1-7": [
					[-0.367565,-0,0.797073],
					[-0.220305,-0,0.786504],
					[-0.464282,-0,0.829068],
					[0.01,0,0.998048]
				],
		"#1-8": [
					[-1,-0,0.570933],
					[-1,-0,0.566234],
					[-1,-0,0.55777],
					[0.01,0,1]
				],
		"#1-9": [
					[0.774293,0,-0.103276],
					[0.76515,0,-0.101808],
					[0.656892,0,-0.0767319],
					[0.01,0,0.997387]
				],
		"#1-10": [
					[0.0267218,0.0398016,0.659914],
					[0.0642251,0.0956619,0.674077],
					[0.0559342,0.0833128,0.67138],
					[0.00321811,0.00479332,0.995352]
				],
		"#1-11": [
					[-0.407268,-0,0.619783],
					[-0.36398,-0,0.660439],
					[-0.23428,-0,0.591819],
					[0,0,0.998947]
				],
		"#1-12": [
					[-0.961926,-0.122492,0.363849],
					[-0.914361,-0.116435,0.347807],
					[-0.991989,-0.12632,0.367268],
					[0.00988881,0.00125924,0.991003]
				],
		"#1-13": [
					[-0.22806,-0.141575,0.757152],
					[-0.173345,-0.107609,0.761021],
					[-0.35354,-0.21947,0.854361],
					[0.00849606,0.00527417,0.991776]
				],
		"#1-14": [
					[-0.242113,-0,0.571713],
					[-0.2252,-0,0.616821],
					[-0.208634,-0,0.584246],
					[0,0,0.996265]
				],
		"#1-15": [
					[-0.111508,-0.0166179,0.175174],
					[-0.114088,-0.0170025,0.169274],
					[-0.108656,-0.0161929,0.161208],
					[0,0,0.99281]
				],
		"#1-16": [
					[0.504121,0,-0.0867085],
					[0.44376,0,-0.0728387],
					[0.364936,0,-0.0470252],
					[0.01,0,0.992905]
				],
		"#1-17": [
					[0.999995,0.00311812,0.242851],
					[0.999995,0.00311812,0.190433],
					[0.999995,0.00311812,-0.0774151],
					[0,0,1]
				],
		"#1-18": [
					[1,0,0.281207],
					[1,0,0.218462],
					[1,0,-0.0647769],
					[0,0,1]
				],
		"#1-19": [
					[-0.386329,-0,0.988379],
					[-0.42637,-0,0.981834],
					[-0.565998,-0,1],
					[0.01,0,0.99]
				],
		"#1-20": [
					[-0.20706,-0,0.19482],
					[-0.175708,-0,0.170062],
					[-0.203665,-0,0.183995],
					[0,0,0.994105]
				],
		"#1-21": [
					[0.368001,0.134782,0.632121],
					[-0.114464,-0.0419231,0.879025],
					[-0.172534,-0.0631912,0.87737],
					[0.00939001,0.00343913,0.990077]
				],
		"#1-22": [
					[-0.676809,-0.0564448,1],
					[-0.900368,-0.0750892,1],
					[-0.99654,-0.0831098,0.98674],
					[0.0099654,0.000831098,0.998732]
				],
		"#1-23": [
					[-0.503202,-0.417049,0.552634],
					[-0.42645,-0.353437,0.474306],
					[-0.423467,-0.350965,0.467903],
					[0,0,1]
				],
		"#1-24": [
					[0.100672,0.0690634,0.353327],
					[0.0883743,0.0606267,0.417571],
					[0.120151,0.0824264,0.399384],
					[0.00824611,0.00565701,0.99]
				],
		"#1-25": [
					[-0.740462,-0.246598,1],
					[-0.795843,-0.265042,1],
					[-0.948769,-0.315971,0.982726],
					[0.00948769,0.00315971,0.995737]
				],
		"#1-26": [
					[-0.545176,0.46135,1],
					[-0.528774,0.44747,0.958013],
					[-0.563821,0.477128,0.921981],
					[-0,0,0.99]
				],
		"#1-27": [
					[-0.999999,-0.00153402,0.779793],
					[-0.999999,-0.00153402,0.756266],
					[-0.999999,-0.00153402,0.747556],
					[0.00999999,1.53402e-05,1]
				],
		"#1-28": [
					[0.206221,0,0.269098],
					[0.109741,0,0.377737],
					[-0.57162,-0,0.766231],
					[0.01,0,0.990001]
				],
		"#1-29": [
					[-0.0304672,0.262674,0.362952],
					[-0.023886,0.205934,0.415877],
					[-0.0220367,0.18999,0.370925],
					[-0.00115216,0.0099334,0.99]
				],
		"#1-30": [
					[-0.425394,-0.120673,0.769509],
					[-0.467612,-0.13265,0.859729],
					[-0.388483,-0.110203,0.729304],
					[0.00962041,0.00272906,0.991034]
				],
		"#1-31": [
					[-0.0808161,-0.080056,0.401615],
					[0.0635196,0.0629222,0.322565],
					[0.0154783,0.0153327,0.338573],
					[0.0071044,0.00703758,0.99]
				],
		"#1-32": [
					[0.0993962,0.0405472,0.253885],
					[0.102659,0.0418782,0.315151],
					[0.164185,0.0669768,0.252505],
					[0.00925921,0.00377716,0.99]
				],
		"#1-33": [
					[0.594561,0.104534,0.0204104],
					[0.317024,0.0557382,0.271284],
					[0.235662,0.0414333,0.181559],
					[0.000125054,2.19866e-05,1]
				],
		"#1-34": [
					[0.369232,0.221126,-0.330585],
					[0.213176,0.127667,-0.164745],
					[0.0612204,0.0366636,-0.0123037],
					[0,0,1]
				],
		"#1-35": [
					[0.0996848,0.851949,-0.468099],
					[0.0654722,0.559553,-0.267176],
					[0.0289392,0.247327,-0.058047],
					[0,0,0.99962]
				],
		"#1-36": [
					[0.226211,0,0.317436],
					[0.099183,0,0.464442],
					[0.0857014,0,0.184837],
					[0.01,0,0.990055]
				],
		"#1-37": [
					[0.0628268,0.0485549,0.45517],
					[0.00305899,0.0023641,0.568007],
					[-0.360753,-0.278803,0.815156],
					[0.00700182,0.00541127,0.99]
				],
		"#1-38": [
					[0.152011,0.590408,0.17655],
					[0.22493,0.873626,-0.0789941],
					[0.249336,0.968417,-0.259356],
					[0.00249336,0.00968417,0.99421]
				],
		"#1-39": [
					[0.070727,0.0135467,0.449267],
					[-0.00299838,-0.000574293,0.541247],
					[-0.238225,-0.0456283,0.451019],
					[5.43489e-05,1.04097e-05,0.990907]
				],
		"#1-40": [
					[0.0679469,0.0631389,0.440482],
					[0.0689119,0.0640356,0.436391],
					[-0.039496,-0.0367012,0.303255],
					[0.00552771,0.00513656,0.99]
				],
		"#1-41": [
					[0.060282,0.0889131,0.352722],
					[0.0118921,0.0175403,0.479915],
					[0.0735098,0.108423,0.0929725],
					[0.00432468,0.0063787,0.99]
				],
		"#1-42": [
					[0.701763,0,-0.195023],
					[0.513539,0,-0.053056],
					[0.578866,0,-0.254445],
					[0.000195008,0,1]
				],
		"#1-43": [
					[-0.207218,-0.167229,0.875073],
					[-0.160986,-0.129919,0.828191],
					[-0.117586,-0.0948944,0.463295],
					[0,0,0.992239]
				]
		},
		{
		"#2-1": [
					[-0.137721,-0.83859,1],
					[-0.162058,-0.986781,1],
					[-0.162058,-0.986781,0.941261],
					[-0.0654304,-0.398409,1]
				],
		"#2-2": [
					[0.165604,0.173204,0.362708],
					[0.17942,0.187655,0.372082],
					[0.355417,0.371728,0.175596],
					[0.262107,0.274136,0.240561]
				],
		"#2-3": [
					[0.256847,0.183719,0.255512],
					[0.232487,0.166295,0.300557],
					[0.124781,0.0892543,0.105103],
					[0.223982,0.160211,0.230439]
				],
		"#2-4": [
					[0.251456,0.245619,0.245736],
					[0.246938,0.241206,0.294882],
					[0.155809,0.152193,0.0648972],
					[0.246951,0.241218,0.297686]
				],
		"#2-5": [
					[0.153088,0.161257,0.194595],
					[0.226764,0.238865,0.288862],
					[0.074943,0.0789422,0.0800181],
					[0.117762,0.124047,0.0474908]
				],
		"#2-6": [
					[-0.0202839,-0.0153696,0.0259777],
					[0.182484,0.138273,0.26942],
					[0.209573,0.158799,0.348085],
					[0.135574,0.102728,-0.0743789]
				]
		}
	]
}
