{
	"width": 383,
	"height": 600,
	"linearGradients": [
		{
		"#1-1": [
					[-0.00265579,-0,1],
					[-0.0124855,-0,1],
					[0.0224946,0,0.984207],
					[0.01,0,0.990466]
				]
		},
		{
		"#2-1": [
					[1,0,0.0596119],
					[0.747288,0,0.288881],
					[0.314992,0,0.705298],
					[0.603912,0,0.456093]
				],
		"#2-2": [
					[0.00466451,0.0100374,0.993033],
					[0.285546,0.614459,0.390084],
					[0.421429,0.906861,-0.539672],
					[-0.421429,-0.906861,1]
				]
		},
		{
		"#3-1": [
					[-0.953426,-0.301627,0.7686],
					[-0.461745,-0.146078,0.975568],
					[-0.24724,-0.0782171,0.398215],
					[0.953426,0.301627,0.329737]
				],
		"#3-2": [
					[-0.0619306,0.0864705,0.955357],
					[-0.463667,0.647394,0.609129],
					[-0.456477,0.637354,0.22135],
					[-0.00506116,0.00706663,0.327592]
				]
		}
	]
}
