{
	"width": 640,
	"height": 491,
	"linearGradients": [
		{
		"#1-1": [
					[0.522712,0.0116326,0.842042],
					[0.515422,0.0114704,0.844496],
					[0.476732,0.0106093,0.858113],
					[0.00931695,0.000207342,0.990141]
				],
		"#1-2": [
					[-0.103865,-0,0.850436],
					[-0.0786654,-0,0.853571],
					[-0.0928048,-0,0.865701],
					[0.01,0,0.990037]
				],
		"#1-3": [
					[-0.358766,-0.152825,0.910497],
					[-0.131485,-0.0560092,0.832429],
					[-0.277922,-0.118388,0.892869],
					[0.00914091,0.0038938,0.99249]
				],
		"#1-4": [
					[-0.72181,0.692091,0.172549],
					[-0.72181,0.692091,0.152308],
					[-0.72181,0.692091,0.152814],
					[-0,0,1]
				],
		"#1-5": [
					[0.977399,0.211404,0.413146],
					[0.977399,0.211404,0.350021],
					[0.977399,0.211404,0.274499],
					[0,0,1]
				],
		"#1-6": [
					[0.248414,0.593981,0.488827],
					[0.252055,0.602686,0.424141],
					[0.278707,0.666414,0.323032],
					[0,0,1]
				],
		"#1-7": [
					[-1,-0,0.570803],
					[-1,-0,0.566069],
					[-1,-0,0.558284],
					[0.01,0,1]
				],
		"#1-8": [
					[-0.0333996,-0.0385935,0.681643],
					[0.0314754,0.03637,0.687087],
					[0.00986901,0.0114037,0.688998],
					[0.00642487,0.007424,0.990093]
				],
		"#1-9": [
					[-0.324128,-0,0.591122],
					[-0.36568,-0,0.661497],
					[-0.503096,-0,0.698496],
					[0.00904186,0,0.99]
				],
		"#1-10": [
					[-0.920445,-0.102361,0.355206],
					[-0.875529,-0.0973657,0.340191],
					[-0.993873,-0.110526,0.370948],
					[0.00993873,0.00110526,0.999007]
				],
		"#1-11": [
					[-0.257526,-0,0.58008],
					[-0.240929,-0,0.625173],
					[-0.220923,-0,0.591165],
					[0.00921141,0,0.994934]
				],
		"#1-12": [
					[-0.102832,-0.0291155,0.176501],
					[-0.104188,-0.0294995,0.170149],
					[-0.0990615,-0.0280479,0.161876],
					[0.000406197,0.000115009,0.991076]
				],
		"#1-13": [
					[0.512648,0,-0.0867117],
					[0.448582,0,-0.0713839],
					[0.36824,0,-0.0449744],
					[0.01,0,0.99654]
				],
		"#1-14": [
					[0.999991,0.00425261,0.242301],
					[0.999991,0.00425261,0.189882],
					[0.999991,0.00425261,-0.0781476],
					[0,0,1]
				],
		"#1-15": [
					[1,0,0.281207],
					[1,0,0.218462],
					[1,0,-0.0647769],
					[0,0,1]
				],
		"#1-16": [
					[-0.21469,-0,0.198506],
					[-0.184157,-0,0.174269],
					[-0.211398,-0,0.187736],
					[0,0,0.992899]
				],
		"#1-17": [
					[0.386874,0.175055,0.60965],
					[0.0408742,0.018495,0.786454],
					[-0.00281498,-0.00127374,0.777508],
					[0.00358775,0.00162341,0.99]
				],
		"#1-18": [
					[-0.679208,-0.0593643,1],
					[-0.90337,-0.0789566,1],
					[-0.996202,-0.0870704,0.984299],
					[0.00996202,0.000870704,0.992491]
				],
		"#1-19": [
					[-0.500986,-0.409731,0.548632],
					[-0.424277,-0.346995,0.470639],
					[-0.42154,-0.344756,0.464478],
					[0,0,1]
				],
		"#1-20": [
					[0.151365,0.101961,0.321084],
					[0.147022,0.099036,0.380204],
					[0.171056,0.115225,0.367047],
					[0.00829382,0.00558683,0.99]
				],
		"#1-21": [
					[-0.752415,-0.222925,1],
					[-0.809161,-0.239738,1],
					[-0.958803,-0.284073,0.976989],
					[0.00958803,0.00284073,0.998886]
				],
		"#1-22": [
					[-0.380429,0.519357,0.890659],
					[-0.278397,0.380064,0.838857],
					[-0.256805,0.350587,0.789217],
					[-0,0,0.999394]
				],
		"#1-23": [
					[-0.999998,-0.00177273,0.779947],
					[-0.999998,-0.00177273,0.756421],
					[-0.999998,-0.00177273,0.74771],
					[0.00999998,1.77273e-05,1]
				],
		"#1-24": [
					[0.0283591,0.257303,0.325052],
					[0.021796,0.197756,0.387069],
					[0.0194089,0.176098,0.345729],
					[0.00109553,0.00993981,0.99]
				],
		"#1-25": [
					[-0.0547241,-0.0544962,0.379011],
					[0.0696538,0.0693637,0.317151],
					[0.0338223,0.0336814,0.322592],
					[0.00708581,0.0070563,0.99]
				],
		"#1-26": [
					[0.12915,0.0536296,0.225123],
					[0.141183,0.0586265,0.278052],
					[0.181323,0.0752942,0.235328],
					[0.00923541,0.00383501,0.99]
				],
		"#1-27": [
					[-0.168885,-0.790648,1],
					[-0.190878,-0.893606,1],
					[-0.208891,-0.977939,0.93738],
					[0.00208891,0.00977939,0.999849]
				],
		"#1-28": [
					[0.435306,0.110491,0.128982],
					[0.216918,0.0550591,0.343291],
					[0.265432,0.0673732,0.138029],
					[9.39345e-06,2.38429e-06,1]
				],
		"#1-29": [
					[0.342607,0.182765,-0.288538],
					[0.200019,0.106701,-0.142845],
					[0.0607002,0.0323807,-0.00950907],
					[0,0,1]
				],
		"#1-30": [
					[0.248515,0.408787,-0.295324],
					[0.147467,0.242571,-0.124564],
					[0.0348326,0.0572968,0.0610705],
					[0,0,1]
				],
		"#1-31": [
					[0.175366,0.112726,0.359972],
					[0.168965,0.108612,0.394277],
					[0.347034,0.223076,0.0851895],
					[0.00445757,0.00286536,0.99]
				],
		"#1-32": [
					[0.241179,0,0.303825],
					[0.102252,0,0.461565],
					[0.0840454,0,0.186166],
					[0,0,0.998233]
				],
		"#1-33": [
					[0.101607,0.0798386,0.397011],
					[0.0552937,0.0434474,0.490633],
					[-0.239449,-0.188149,0.639893],
					[0.00699624,0.00549735,0.99]
				],
		"#1-34": [
					[0.165512,0.61069,0.154286],
					[0.246364,0.909009,-0.11565],
					[0.261588,0.96518,-0.269395],
					[0,0,0.999916]
				],
		"#1-35": [
					[0.187065,0.0518167,0.345128],
					[0.0560825,0.0155347,0.491925],
					[-0.0858085,-0.0237688,0.321606],
					[0.00963712,0.00266946,0.990149]
				],
		"#1-36": [
					[0.0594663,0.0985271,0.409692],
					[0.093348,0.154664,0.324858],
					[0.0451814,0.074859,0.117234],
					[1.52364e-05,2.52445e-05,0.99]
				],
		"#1-37": [
					[0.246637,0.15372,0.270087],
					[0.211188,0.131626,0.32859],
					[0.108145,0.0674027,0.128917],
					[0.0084866,0.00528939,0.99]
				],
		"#1-38": [
					[0.0648305,0.173106,0.26612],
					[0.0461206,0.123148,0.34659],
					[0.0570874,0.152431,0.0602452],
					[0,0,0.99]
				],
		"#1-39": [
					[0.238847,0.198969,0.273299],
					[0.220887,0.184007,0.325418],
					[0.129642,0.107997,0.0993205],
					[0.00363286,0.00302631,0.99]
				],
		"#1-40": [
					[0.158558,0.136587,0.332914],
					[0.219046,0.188693,0.317812],
					[0.0249501,0.0214928,0.192562],
					[0.00757648,0.00652663,0.99]
				],
		"#1-41": [
					[0.595471,0,-0.0937218],
					[0.426119,0,0.0302497],
					[0.473201,0,-0.153745],
					[0,0,1]
				],
		"#1-42": [
					[0.022917,0.0075214,0.458194],
					[0.131431,0.0431359,0.396634],
					[-0.00896469,-0.00294223,0.254963],
					[0.00941627,0.00309044,0.99]
				],
		"#1-43": [
					[-0.183638,-0.165221,0.850149],
					[-0.143817,-0.129394,0.810856],
					[-0.102702,-0.0924025,0.446817],
					[0.00143399,0.00129017,0.991496]
				]
		},
		{
		"#2-1": [
					[0.181687,0.0389321,0.866323],
					[0.292399,0.0626556,0.801812],
					[0.14257,0.03055,0.820894],
					[-0.254305,-0.0544927,0.564718]
				],
		"#2-2": [
					[0.75992,0,-0.187422],
					[0.674922,0,-0.176627],
					[0.58273,0,-0.156053],
					[-0.0818848,-0,0.839771]
				],
		"#2-3": [
					[0.327354,0.271459,0.718767],
					[0.344905,0.286013,0.715707],
					[0.278621,0.231047,0.652772],
					[-0.0982941,-0.0815108,0.270463]
				],
		"#2-4": [
					[0.168291,0,0.894032],
					[0.16622,0,0.836731],
					[-0.0176706,-0,0.872843],
					[-0.665878,-0,1]
				],
		"#2-5": [
					[0.450038,0.0823109,0.407179],
					[0.439205,0.0803296,0.405986],
					[0.321452,0.0587928,0.440842],
					[0.425833,0.0778838,-0.266267]
				],
		"#2-6": [
					[0.0498422,0.00826059,0.153476],
					[0.346815,0.0574793,0.572059],
					[-0.0225317,-0.00373428,0.0351366],
					[0.263867,0.0437319,-0.206338]
				]
		}
	]
}
