{
	"width": 128,
	"height": 128,
	"linearGradients": [
		{
		"#1-1": [
					[-0.00474068,-0,1],
					[-0.0178341,-0,1],
					[-0.014725,-0,1],
					[0,0,0.99]
				]
		},
		{
		"#2-1": [
					[0.677958,0.735101,-0.208774],
					[0.342421,0.371283,0.289825],
					[0.677958,0.735101,-0.254643],
					[0.677958,0.735101,0.146952]
				],
		"#2-2": [
					[-0.550702,-0,0.901403],
					[0.0726549,0,-0.0219552],
					[-0.193837,-0,0.137796],
					[0.579684,0,0.386026]
				],
		"#2-3": [
					[-0.494255,-0.134129,1],
					[-0.515441,-0.139879,0.344095],
					[-0.599126,-0.162589,0.442562],
					[0.965094,0.261904,0.0412041]
				],
		"#2-4": [
					[-0.62124,0.756339,0.680758],
					[-0.634716,0.772745,0.586364],
					[-0.634716,0.772745,0.394105],
					[0.634716,-0.772745,0.824899]
				]
		},
		{
		"#3-1": [
					[0.052627,0.110888,0.938641],
					[0.0971466,0.204692,0.908745],
					[0.112081,0.236161,0.883755],
					[0.149884,0.315813,0.650918]
				],
		"#3-2": [
					[-0.0312362,0.0372357,1],
					[-0.0599097,0.0714165,1],
					[0.521818,-0.622044,1],
					[0.0786679,-0.0937775,0.838602]
				]
		},
		{
		"#4-1": [
					[0.388762,-0.753645,1],
					[0.324302,-0.628683,0.979336],
					[0.458442,-0.888724,0.879494],
					[-0.18928,0.366933,0.667711]
				],
		"#4-2": [
					[0.526211,0,0.369557],
					[-1,-0,0.43402],
					[-1,-0,0.320944],
					[1,0,0.365991]
				],
		"#4-3": [
					[0.24514,-0.208801,0.837083],
					[-0.761277,0.648427,0.20653],
					[-0.0358177,0.0305082,0.00471559],
					[0.761277,-0.648427,0.457193]
				],
		"#4-4": [
					[0.762924,0.646488,-0.00376638],
					[0.762924,0.646488,-0.0802839],
					[0.762924,0.646488,-0.242741],
					[-0.170001,-0.144056,1]
				],
		"#4-5": [
					[-0.567254,-0,1],
					[-0.848212,-0,1],
					[1,0,-0.389271],
					[0.853401,0,0.203346]
				]
		}
	]
}
