{
	"width": 700,
	"height": 700,
	"linearGradients": [
		{
		"#1-1": [
					[0.0408896,0.0564217,0.929713],
					[0.0137817,0.0190167,0.979871],
					[0.0356578,0.0492025,0.928961],
					[0.00471283,0.00650303,0.990059]
				],
		"#1-2": [
					[0.168172,0.764051,0.256426],
					[0.214945,0.976555,-0.359955],
					[0.198228,0.900602,-0.247022],
					[0.000107052,0.000486366,1]
				],
		"#1-3": [
					[-0.0163299,-0.0102185,1],
					[-0.0507059,-0.0317294,1],
					[-0.0519701,-0.0325205,1],
					[0.00847711,0.00530458,0.99]
				],
		"#1-4": [
					[-0.159924,-0.0149339,0.90697],
					[0.995668,0.0929771,-0.119015],
					[0.995668,0.0929771,-0.0499951],
					[0,0,1]
				],
		"#1-5": [
					[0.362219,0.268899,0.46417],
					[-0.591668,-0.439234,0.768528],
					[-0.563962,-0.418666,0.788754],
					[0,0,1]
				],
		"#1-6": [
					[-0.438306,-0.133266,1],
					[-0.956754,-0.290899,0.762376],
					[-0.956754,-0.290899,0.833651],
					[0.00956754,0.00290899,0.997476]
				],
		"#1-7": [
					[-0.217019,-0.0215798,1],
					[-0.995092,-0.0989494,0.937831],
					[-0.995092,-0.0989494,1],
					[0.00995092,0.000989494,1]
				],
		"#1-8": [
					[-0.0274242,-0.0257695,0.969622],
					[-0.548178,-0.515101,1],
					[-0.549989,-0.516803,1],
					[0.00728751,0.00684779,0.99]
				],
		"#1-9": [
					[-0.184952,-0,1],
					[-1,-0,0.905966],
					[-1,-0,0.969117],
					[0.01,0,1]
				],
		"#1-10": [
					[0.592706,0.805419,-0.0205933],
					[0.592706,0.805419,-0.509795],
					[0.592706,0.805419,-0.509012],
					[0.000230735,0.000313543,1]
				],
		"#1-11": [
					[-0.480994,-0.214345,1],
					[-0.913409,-0.407042,0.649409],
					[-0.913409,-0.407042,0.729283],
					[0.00913409,0.00407042,1]
				],
		"#1-12": [
					[-0.402434,-0,0.941025],
					[-0.818484,-0,0.55791],
					[-0.929529,-0,0.677306],
					[0,0,1]
				],
		"#1-13": [
					[-0.185685,-0.0096836,1],
					[-0.998643,-0.05208,0.895676],
					[-0.998643,-0.05208,0.806981],
					[0.00998643,0.0005208,1]
				],
		"#1-14": [
					[-0.00365417,-0.00347287,0.998215],
					[0.0649523,0.0617298,0.903415],
					[0.0079455,0.0075513,0.880093],
					[4.86667e-06,4.62522e-06,0.99]
				],
		"#1-15": [
					[-0.00901524,-0.0053799,1],
					[-0.0311637,-0.0185971,1],
					[-0.0105689,-0.00630707,0.909306],
					[0.00752297,0.00448938,0.99]
				],
		"#1-16": [
					[0.289614,0.544399,0.509147],
					[0.203417,0.382371,-0.035632],
					[-0.175773,-0.330406,0.412034],
					[0,0,0.999991]
				],
		"#1-17": [
					[0.685274,0.0279804,0.331423],
					[0.848114,0.0346293,-0.382138],
					[0.915086,0.0373639,-0.356233],
					[0.000169282,6.91196e-06,1]
				],
		"#1-18": [
					[-0.134428,-0,1],
					[-0.999319,-0,0.967264],
					[0.119101,0,0.316993],
					[0.00932027,0,0.99]
				],
		"#1-19": [
					[0.701074,0.11383,0.293177],
					[0.987074,0.160266,-0.47629],
					[0.987074,0.160266,-0.408413],
					[0,0,1]
				],
		"#1-20": [
					[-0.247785,-0.425035,1],
					[-0.243486,-0.41766,0.634948],
					[-0.209631,-0.359588,0.681045],
					[0.00503641,0.00863913,0.996711]
				],
		"#1-21": [
					[-0.417517,-0.484728,1],
					[-0.293352,-0.340574,0.501254],
					[-0.435128,-0.505174,0.693594],
					[0.00652624,0.00757682,0.99]
				],
		"#1-22": [
					[-0.0813536,-0.072441,0.772252],
					[-0.188515,-0.167863,0.369213],
					[-0.181309,-0.161446,0.438135],
					[0.00746831,0.00665013,0.99]
				],
		"#1-23": [
					[0.292433,0.956286,0.035584],
					[0.292433,0.956286,-0.326971],
					[0.292433,0.956286,-0.289906],
					[0,0,1]
				],
		"#1-24": [
					[-0.267256,-0,1],
					[-0.532235,-0,1],
					[-0.789594,-0,1],
					[0.01,0,0.990001]
				],
		"#1-25": [
					[-0.0417969,-0.0370873,0.725458],
					[-0.2905,-0.257767,0.429718],
					[-0.34703,-0.307928,0.557922],
					[0.00747991,0.00663709,0.99]
				],
		"#1-26": [
					[-0.0918051,-0.071282,0.999278],
					[-0.0418544,-0.0324978,0.464817],
					[-0.46968,-0.364683,1],
					[0.0078384,0.00608612,0.99]
				],
		"#1-27": [
					[0.101903,0.0525587,0.740764],
					[0.121014,0.0624159,0.635056],
					[-0.00353706,-0.00182432,0.783441],
					[0.00887645,0.00457824,0.99]
				],
		"#1-28": [
					[-0.121179,-0,1],
					[-0.648379,-0,1],
					[-0.803024,-0,1],
					[0.01,0,0.99]
				],
		"#1-29": [
					[0.690528,0,0.213486],
					[0.877432,0,-0.0313048],
					[0.758027,0,0.0963856],
					[0.00146217,0,1]
				],
		"#1-30": [
					[-0.115854,-0.0518885,1],
					[0.300275,0.134487,0.0168863],
					[-0.0225175,-0.0100852,0.335817],
					[0.00912644,0.00408755,0.99]
				],
		"#1-31": [
					[0.0455079,0,0.891475],
					[0.14351,0,0.765041],
					[0.0154565,0,0.88133],
					[6.10867e-06,0,0.99]
				],
		"#1-32": [
					[0.0545491,0.0862043,0.719512],
					[0.0740358,0.116999,0.448344],
					[0.534723,0.845027,-0.605882],
					[0.00063358,0.00100125,1]
				],
		"#1-33": [
					[-0.282712,-0.117069,1],
					[-0.47133,-0.195174,1],
					[-0.460454,-0.19067,1],
					[0.00923919,0.00382587,0.99]
				]
		},
		{
		"#2-1": [
					[-0.291853,-0,0.167518],
					[-0.486844,-0,0.539675],
					[-0.665301,-0,0.19771],
					[1,0,0.175378]
				],
		"#2-2": [
					[-0.496191,-0.123561,1],
					[-0.970366,-0.241639,0.445824],
					[-0.970366,-0.241639,0.499703],
					[0.970366,0.241639,0.0802106]
				],
		"#2-3": [
					[0.0144316,0.999896,0.167478],
					[0.0144316,0.999896,-0.27497],
					[0.0144316,0.999896,-0.380355],
					[-0.0144316,-0.999896,0.859678]
				],
		"#2-4": [
					[-0.235729,-0.0726818,0.983399],
					[-0.955608,-0.29464,0.565203],
					[-0.955608,-0.29464,0.690492],
					[0.955608,0.29464,0.0329158]
				],
		"#2-5": [
					[0.156038,0.0586911,0.916269],
					[-0.772384,-0.29052,0.336598],
					[-0.845816,-0.318141,0.35589],
					[0.93598,0.352054,-0.119138]
				],
		"#2-6": [
					[-0.686057,-0,1],
					[-0.824624,-0,0.420778],
					[-1,-0,0.600111],
					[1,0,0.433162]
				],
		"#2-7": [
					[0.0230892,0.0192,0.978234],
					[0.275151,0.228804,0.0361743],
					[-0.768893,-0.639378,0.806064],
					[0.768893,0.639378,-0.138576]
				],
		"#2-8": [
					[0.112486,0.120713,0.781807],
					[-0.586312,-0.629196,0.338832],
					[-0.648907,-0.696369,0.577965],
					[0.681736,0.731599,0.0596707]
				],
		"#2-9": [
					[-0.144583,-0.0379544,1],
					[-0.967229,-0.253907,0.96307],
					[-0.967229,-0.253907,0.983848],
					[0.967229,0.253907,0.456114]
				],
		"#2-10": [
					[-0.0814646,-0,1],
					[-0.678282,-0,1],
					[-0.558679,-0,0.615866],
					[0.684425,0,-0.138263]
				],
		"#2-11": [
					[-0.35217,-0.099037,0.928223],
					[0.0208041,0.00585052,-0.0105023],
					[-0.385171,-0.108318,0.331913],
					[0.962659,0.270718,0.171803]
				],
		"#2-12": [
					[0.584202,0.18943,0.258103],
					[0.951215,0.308436,-0.660488],
					[0.951242,0.308445,-0.572223],
					[-0.40664,-0.131855,1]
				],
		"#2-13": [
					[-0.283299,-0.827257,0.997978],
					[0.0956467,0.279296,0.14747],
					[0.0421992,0.123225,0.339161],
					[0.176276,0.514742,0.362813]
				],
		"#2-14": [
					[-0.0352797,-0,0.767346],
					[0.519811,0,-0.258635],
					[0.710245,0,-0.325972],
					[-0.22569,-0,1]
				],
		"#2-15": [
					[-0.301463,-0.102179,1],
					[-0.947077,-0.321005,0.795411],
					[-0.671893,-0.227733,0.559849],
					[0.947077,0.321005,0.156831]
				],
		"#2-16": [
					[0.385083,0.00308153,0.635826],
					[0.545374,0.00436421,0.463121],
					[0.326358,0.00261159,0.673862],
					[0.351661,0.00281408,0.288376]
				]
		}
	]
}
