{
	"width": 1000,
	"height": 730,
	"linearGradients": [
		{
		"#1-1": [
					[-0.00422747,-0.00253169,1],
					[-0.00422747,-0.00253169,1],
					[-0.00422747,-0.00253169,1],
					[0.00537073,0.00321635,0.99]
				],
		"#1-2": [
					[-0.00063189,-0.0137036,1],
					[0.0064731,0.14038,0.664532],
					[0.0460623,0.998939,-0.242433],
					[4.23749e-05,0.000918971,1]
				],
		"#1-3": [
					[0.0424577,-0.000490612,0.98618],
					[-0.905924,0.0104682,0.906112],
					[-0.999933,0.0115545,0.618726],
					[-0,0,1]
				],
		"#1-4": [
					[-0.00933185,-0,0.999181],
					[0.360009,0,0.632946],
					[1,0,-0.100271],
					[0,0,1]
				],
		"#1-5": [
					[-0.0534761,-0.0228436,1],
					[0.146553,0.0626034,0.58435],
					[0.91961,0.392833,-0.43244],
					[0.00205308,0.000877021,1]
				],
		"#1-6": [
					[0.000460338,0.000281821,0.996892],
					[0.852866,0.522129,0.260481],
					[0.852866,0.522129,-0.281872],
					[0,0,1]
				],
		"#1-7": [
					[0.0247756,0.0424298,0.966891],
					[-0.106696,-0.182724,0.900112],
					[-0.504249,-0.863558,0.663793],
					[0.00504249,0.00863558,0.999747]
				],
		"#1-8": [
					[-0.0201325,-0,1],
					[0.0956761,0,0.565473],
					[0.376639,0,-0.138466],
					[0.01,0,1]
				],
		"#1-9": [
					[-0.0146705,-0.0130875,1],
					[0.0337921,0.0301457,0.580944],
					[0.176835,0.157753,-0.0597721],
					[0.00746221,0.00665699,0.99]
				],
		"#1-10": [
					[-0.0990249,-0.0744051,1],
					[-0.0950682,-0.0714321,0.608115],
					[0.246924,0.185533,-0.189161],
					[0.00799471,0.00600705,0.996118]
				],
		"#1-11": [
					[-0.00453891,-0.00137207,1],
					[0.0184645,0.00558167,0.458063],
					[0.0106727,0.00322626,-0.00424407],
					[0.0095722,0.0028936,0.991991]
				],
		"#1-12": [
					[-0.0512894,-0.00994546,1],
					[0.981714,0.190363,-0.159582],
					[0.981714,0.190363,-0.504015],
					[0.00524247,0.00101656,1]
				],
		"#1-13": [
					[0.0276855,0.0130369,0.971067],
					[-0.308727,-0.145378,1],
					[-0.904712,-0.426023,0.854076],
					[0.00904712,0.00426023,0.994933]
				],
		"#1-14": [
					[-0.0561038,-0.0110082,1],
					[-0.190109,-0.0373016,0.467049],
					[0.00892824,0.00175183,-0.00168667],
					[0.00981289,0.00192541,0.992708]
				],
		"#1-15": [
					[-0.0285493,-0.0636901,1],
					[0.409039,0.912517,-0.140732],
					[0.409039,0.912517,-0.52766],
					[0,0,1]
				],
		"#1-16": [
					[0.0177841,0,0.952649],
					[0.00972105,0,0.94916],
					[-0.0100095,-0,0.967332],
					[0,0,0.990154]
				],
		"#1-17": [
					[1,0,0.266154],
					[1,0,0.187249],
					[1,0,-0.235301],
					[0.01,0,1]
				],
		"#1-18": [
					[0.113927,0.990848,-0.528484],
					[0.102989,0.895717,-0.331173],
					[0.0354305,0.308147,-0.222199],
					[4.30342e-05,0.000374279,1]
				],
		"#1-19": [
					[0.104466,0.905119,0.346426],
					[0.114655,0.993405,-0.247861],
					[0.114655,0.993405,-0.536251],
					[0,0,1]
				],
		"#1-20": [
					[-0.176773,-0.110296,0.583742],
					[-0.252138,-0.157319,0.77208],
					[0.0248122,0.0154814,-0.00661625],
					[0.00848401,0.00529354,0.99]
				],
		"#1-21": [
					[0.346912,0,0.783965],
					[-0.438716,-0,1],
					[-0.479234,-0,0.372819],
					[0.01,0,0.991623]
				],
		"#1-22": [
					[0.324781,0,0.643301],
					[0.188241,0,0.739878],
					[0.240635,0,0.689809],
					[0,0,0.990085]
				],
		"#1-23": [
					[0.0946316,0.020093,0.910666],
					[-0.327219,-0.0694781,0.800469],
					[-0.556849,-0.118235,0.476616],
					[0.00978193,0.00207699,0.990093]
				],
		"#1-24": [
					[0.0436603,0.051555,0.937576],
					[0.123782,0.146164,0.420802],
					[0.00713179,0.00842136,-0.00162],
					[0.00623505,0.00736248,0.99]
				],
		"#1-25": [
					[-0.00157684,-0,0.996042],
					[-0.250894,-0,0.931064],
					[-0.68822,-0,0.640289],
					[0.00991462,0,0.99]
				],
		"#1-26": [
					[0.0641461,0.0113792,0.948375],
					[-0.395448,-0.0701504,1],
					[0.190865,0.0338585,-0.0852977],
					[0,0,0.992968]
				],
		"#1-27": [
					[-0.195988,-0,1],
					[0.401827,0,0.0621615],
					[1,0,-0.636384],
					[0.00176256,0,1]
				],
		"#1-28": [
					[-0.00427215,-0.00450364,1],
					[0.688215,0.725507,-0.316362],
					[0.688215,0.725507,-0.824518],
					[0.00274013,0.0028886,1]
				],
		"#1-29": [
					[-0.0025128,-0.00500199,0.999808],
					[0.0145602,0.0289836,0.639074],
					[0.34533,0.687414,-0.522766],
					[0.00104627,0.00208271,0.99651]
				],
		"#1-30": [
					[-0.0253555,0.0650275,0.245019],
					[-0.363076,0.931157,-0.151042],
					[0.00825357,-0.0211674,0.0127663],
					[-0.00355341,0.0091132,0.99]
				],
		"#1-31": [
					[-0.00104328,-0.00188124,0.967379],
					[0.235042,0.423826,0.107613],
					[0.0713229,0.128609,-0.10553],
					[9.68034e-05,0.000174555,1]
				],
		"#1-32": [
					[-0.225933,-0,1],
					[0.376702,0,0.365811],
					[1,0,-0.369601],
					[0.00839872,0,1]
				],
		"#1-33": [
					[0.0819233,0,0.916006],
					[-0.142338,-0,1],
					[-0.455128,-0,1],
					[0.01,0,0.990148]
				],
		"#1-34": [
					[1,0,-0.417496],
					[1,0,-0.291054],
					[1,0,-0.716638],
					[0.000943859,0,1]
				],
		"#1-35": [
					[-0.00812201,-0.00502467,1],
					[0.848032,0.524634,-0.334424],
					[0.850417,0.526109,-0.783853],
					[0.00206961,0.00128036,1]
				],
		"#1-36": [
					[-0.0107613,-0.00544086,1],
					[0.892422,0.451203,-0.40229],
					[0.892422,0.451203,-0.868129],
					[0.00456627,0.00230868,1]
				],
		"#1-37": [
					[0.112936,0.218183,0.0024655],
					[0.243523,0.470466,-0.203473],
					[0.0129125,0.0249458,-0.0272027],
					[0,0,1]
				],
		"#1-38": [
					[-0.0554592,-7.74385e-05,1],
					[-0.0914855,-0.000127743,0.968173],
					[0.00495003,6.91181e-06,0.870945],
					[0.00998277,1.39391e-05,0.990189]
				],
		"#1-39": [
					[0.782741,0,0.115496],
					[0.481277,0,-0.048933],
					[0.572571,0,-0.309087],
					[0.000913324,0,0.99864]
				],
		"#1-40": [
					[-0.0379538,-0.0198537,1],
					[-0.13646,-0.0713825,1],
					[-0.282533,-0.147793,1],
					[0.00850154,0.00444716,0.99]
				],
		"#1-41": [
					[-0.0530549,-0.0421228,0.99983],
					[0.0478812,0.0380151,0.783566],
					[0.077353,0.0614142,0.73296],
					[0.00187245,0.00148663,0.990106]
				],
		"#1-42": [
					[-0.0747754,-0,1],
					[0.60716,0,0.216611],
					[1,0,-0.174601],
					[0.000503375,0,1]
				],
		"#1-43": [
					[0.606963,0.241782,0.112073],
					[0.867778,0.345677,-0.252711],
					[0.929005,0.370067,-0.32905],
					[0.00115163,0.000458749,1]
				],
		"#1-44": [
					[-0.000588722,-0,0.86417],
					[0.685885,0,-0.0799927],
					[0.591515,0,-0.0931614],
					[8.33512e-05,0,1]
				],
		"#1-45": [
					[-0.0822441,-0.0135767,0.994236],
					[0.430409,0.0710509,0.266068],
					[0.462216,0.0763017,0.185609],
					[0.00986647,0.00162874,0.990013]
				],
		"#1-46": [
					[-0.0653595,0.336922,0.832516],
					[0.0656479,-0.338408,1],
					[0.19044,-0.981699,1],
					[-0.0019044,0.00981699,0.998187]
				]
		},
		{
		"#2-1": [
					[0.0550566,0,0.915582],
					[0.0585467,0,0.641449],
					[-0.174767,-0,0.134801],
					[0.24388,0,0.308614]
				],
		"#2-2": [
					[-0.00608395,-0.00407815,1],
					[-0.255492,-0.17126,0.927507],
					[0.765396,0.513055,-0.708523],
					[0.00429219,0.00287711,0.999018]
				],
		"#2-3": [
					[-0.0632733,-0.0197615,0.997868],
					[-0.0256791,-0.00802009,0.759303],
					[0.392895,0.122709,-0.09271],
					[0.28502,0.0890174,0.325824]
				]
		}
	]
}
