{
	"width": 640,
	"height": 491,
	"linearGradients": [
		{
		"#1-1": [
					[0.363738,0.00568103,0.842691],
					[0.358954,0.0056063,0.847475],
					[0.345722,0.00539965,0.861818],
					[0.00999258,0.000156069,0.99002]
				],
		"#1-2": [
					[-0.100027,-0,0.849512],
					[-0.0387528,-0,0.849794],
					[-0.0573568,-0,0.860813],
					[0.00969153,0,0.99]
				],
		"#1-3": [
					[0.828441,0.0634888,0.528879],
					[0.997076,0.0764125,0.49154],
					[0.940393,0.0720685,0.505525],
					[0,0,1]
				],
		"#1-4": [
					[-0.879882,0.475193,0.293132],
					[-0.879882,0.475193,0.275928],
					[-0.879882,0.475193,0.265681],
					[-0,0,1]
				],
		"#1-5": [
					[0.158385,0.148059,0.698344],
					[0.224924,0.210261,0.590252],
					[0.310952,0.29068,0.460916],
					[0,0,1]
				],
		"#1-6": [
					[-0.280869,-0.0129272,0.805639],
					[-0.266136,-0.0122491,0.821705],
					[-0.401228,-0.0184669,0.847854],
					[0.00998942,0.000459772,0.991846]
				],
		"#1-7": [
					[-1,-0,0.449805],
					[-1,-0,0.433765],
					[-1,-0,0.42581],
					[0.01,0,1]
				],
		"#1-8": [
					[-0.635976,-0,0.228018],
					[-0.695094,-0,0.242137],
					[-0.909252,-0,0.29234],
					[0.000203182,0,0.990714]
				],
		"#1-9": [
					[0.34985,0.180168,0.661189],
					[0.389753,0.200718,0.666189],
					[0.418856,0.215706,0.663939],
					[0.00889034,0.00457842,0.99]
				],
		"#1-10": [
					[-0.335099,-0,0.604769],
					[-0.323392,-0,0.652801],
					[-0.2888,-0,0.610813],
					[0,0,0.993501]
				],
		"#1-11": [
					[-0.760442,0.419656,0.801885],
					[-0.682526,0.376657,0.818738],
					[-0.801039,0.442059,0.835156],
					[-3.6218e-07,1.99872e-07,1]
				],
		"#1-12": [
					[-0.962565,-0.271052,0.395553],
					[-0.962565,-0.271052,0.394343],
					[-0.962565,-0.271052,0.39304],
					[0.00962565,0.00271052,0.997177]
				],
		"#1-13": [
					[0.206117,0.145613,0.471715],
					[0.119722,0.0845784,0.581934],
					[0.387586,0.273812,0.302792],
					[0.00816747,0.00576995,0.990462]
				],
		"#1-14": [
					[0.277339,0,0.604917],
					[0.277189,0,0.634142],
					[0.192826,0,0.631008],
					[0.01,0,0.99]
				],
		"#1-15": [
					[-0.175563,-0,0.544509],
					[-0.185872,-0,0.598779],
					[-0.118017,-0,0.544579],
					[6.74108e-05,0,0.992716]
				],
		"#1-16": [
					[0.542085,0.362682,-0.266879],
					[0.495241,0.331342,-0.24224],
					[0.425044,0.284376,-0.197791],
					[0.00831134,0.00556072,0.993189]
				],
		"#1-17": [
					[-0.0690664,-0.0261192,0.107435],
					[-0.0718721,-0.0271803,0.103924],
					[-0.0923867,-0.0349384,0.113679],
					[0.00555213,0.00209968,0.990612]
				],
		"#1-18": [
					[0.885309,0.465004,0.0485385],
					[0.885309,0.465004,-0.00296475],
					[0.885309,0.465004,-0.261135],
					[0,0,1]
				],
		"#1-19": [
					[1,0,0.292552],
					[1,0,0.225885],
					[1,0,-0.0745576],
					[0,0,1]
				],
		"#1-20": [
					[-0.374056,-0,0.99078],
					[-0.379102,-0,0.960907],
					[-0.560426,-0,1],
					[0.01,0,0.990126]
				],
		"#1-21": [
					[0.666108,0.455387,-0.00967642],
					[0.722016,0.493609,-0.0345499],
					[0.762224,0.521098,-0.0965322],
					[0,0,1]
				],
		"#1-22": [
					[-0.334986,-0,0.29414],
					[-0.333869,-0,0.291329],
					[-0.344281,-0,0.29386],
					[0,0,0.994681]
				],
		"#1-23": [
					[-0.794904,-0,1],
					[-1,-0,0.994539],
					[-1,-0,0.929081],
					[0.01,0,1]
				],
		"#1-24": [
					[-0.39145,-0.311927,0.432398],
					[-0.379673,-0.302542,0.417958],
					[-0.385257,-0.306992,0.417043],
					[0,0,0.998266]
				],
		"#1-25": [
					[0.117112,0.0730431,0.343718],
					[0.123938,0.0773006,0.39582],
					[0.0791311,0.0493543,0.426618],
					[0.00848493,0.00529207,0.99]
				],
		"#1-26": [
					[-0.503055,-0.266256,0.616716],
					[-0.541612,-0.286664,0.625063],
					[-0.584679,-0.309458,0.653871],
					[0,0,0.990381]
				],
		"#1-27": [
					[0.0565321,0.0333769,0.29846],
					[0.0640601,0.0378215,0.349093],
					[0.129243,0.0763059,0.278613],
					[0.00861116,0.00508408,0.99]
				],
		"#1-28": [
					[-0.282802,-0.173809,0.582703],
					[-0.27647,-0.169917,0.62937],
					[-0.186086,-0.114368,0.52081],
					[0,0,0.993605]
				],
		"#1-29": [
					[-0.334426,-0.263381,0.833912],
					[-0.264452,-0.208272,0.790693],
					[-0.186031,-0.146511,0.627012],
					[0.00712857,0.00561418,0.99]
				],
		"#1-30": [
					[0.0774985,0.0555164,0.254968],
					[0.109788,0.0786468,0.28243],
					[0.146601,0.105018,0.23431],
					[0.00812937,0.00582352,0.99]
				],
		"#1-31": [
					[0.151786,0.0667869,0.308209],
					[0.189829,0.0835266,0.327896],
					[0.133344,0.0586725,0.263325],
					[0.00915312,0.00402745,0.99]
				],
		"#1-32": [
					[0.166691,0.137694,0.148281],
					[0.130366,0.107688,0.250758],
					[0.153929,0.127152,0.166605],
					[0.00765123,0.00632027,0.99]
				],
		"#1-33": [
					[0.792272,0.305935,-0.289808],
					[0.498444,0.192473,0.02386],
					[0.0274973,0.0106181,0.344557],
					[0.000270365,0.000104401,1]
				],
		"#1-34": [
					[0.0056096,0.00763626,0.0700079],
					[-0.074048,-0.1008,0.19039],
					[-0.147587,-0.200908,0.289641],
					[0.00592028,0.00805918,0.99]
				],
		"#1-35": [
					[-0.0179211,-0.11227,0.228845],
					[-0.0435067,-0.272554,0.339811],
					[-0.0394413,-0.247086,0.301419],
					[0.0015763,0.00987498,0.99]
				],
		"#1-36": [
					[-0.0130236,-0.0586988,0.574101],
					[-0.0079805,-0.035969,0.58547],
					[-0.0112414,-0.0506661,0.306096],
					[0.000673897,0.00303733,0.994168]
				],
		"#1-37": [
					[0.487298,0.186803,0.11949],
					[0.455674,0.174681,0.168966],
					[0.26771,0.102626,0.16073],
					[5.75884e-05,2.20763e-05,1]
				],
		"#1-38": [
					[0.267125,0.963662,-0.104563],
					[0.267125,0.963662,-0.160153],
					[0.267125,0.963662,-0.267036],
					[0.000657523,0.00237204,1]
				],
		"#1-39": [
					[0.261406,0,0.290233],
					[0.0803131,0,0.475453],
					[-0.230059,-0,0.442462],
					[0.01,0,0.990003]
				],
		"#1-40": [
					[-0.212001,0.28093,0.472291],
					[-0.348433,0.46172,0.41248],
					[-0.406628,0.538836,0.0665978],
					[-0.00602368,0.00798218,0.99]
				],
		"#1-41": [
					[0.257233,0.148035,0.262705],
					[0.218087,0.125507,0.323839],
					[0.108368,0.0623649,0.129835],
					[0.00866327,0.00498564,0.99]
				],
		"#1-42": [
					[0.201515,0.144542,0.313079],
					[0.215432,0.154524,0.334958],
					[0.125877,0.0902888,0.107197],
					[0.00812582,0.00582846,0.99]
				],
		"#1-43": [
					[0.116407,0.0724305,0.38231],
					[0.244568,0.152174,0.297348],
					[0.0411572,0.0256086,0.177856],
					[0.00849059,0.00528298,0.99]
				],
		"#1-44": [
					[0.370444,0.0952854,0.0617645],
					[0.237664,0.0611318,0.168941],
					[0.186883,0.0480699,0.0873032],
					[1.82499e-05,4.69422e-06,1]
				],
		"#1-45": [
					[0.0939448,0.0082714,0.38867],
					[0.184143,0.016213,0.351807],
					[0.146959,0.012939,0.0970382],
					[0.00983807,0.000866197,0.99]
				],
		"#1-46": [
					[0.1021,0.0679904,0.398755],
					[0.157157,0.104654,0.350812],
					[0.245831,0.163703,-0.0139734],
					[0.00482044,0.00321002,0.99]
				]
		},
		{
		"#2-1": [
					[0.0400074,-0.193654,0.371307],
					[-0.00904767,0.0437947,0.265634],
					[0.0996695,-0.482444,0.297599],
					[-0.20232,0.979319,0.588135]
				],
		"#2-2": [
					[-0.060161,-0.14055,0.367782],
					[-0.0816398,-0.190729,0.251548],
					[-0.0756763,-0.176797,0.0933015],
					[0.393507,0.919322,-0.231871]
				],
		"#2-3": [
					[-0.0604119,-0.998174,0.711205],
					[-0.0604119,-0.998174,0.620303],
					[-0.0604119,-0.998174,0.438909],
					[0.0604119,0.998174,0.2365]
				]
		}
	]
}
