{
	"width": 640,
	"height": 491,
	"linearGradients": [
		{
		"#1-1": [
					[0.391488,0.0559268,0.82936],
					[0.381626,0.0545179,0.834859],
					[0.426652,0.0609502,0.847904],
					[0.0098995,0.00141421,0.99]
				],
		"#1-2": [
					[0.299572,0.00444378,0.846005],
					[0.275684,0.00408944,0.84993],
					[0.241332,0.00357987,0.859944],
					[0.00020634,3.06081e-06,0.992847]
				],
		"#1-3": [
					[-0.183178,-0,0.855217],
					[-0.126674,-0,0.857351],
					[-0.141213,-0,0.869639],
					[0.01,0,0.996419]
				],
		"#1-4": [
					[0.317335,0.0126459,0.838937],
					[0.281666,0.0112245,0.843368],
					[0.226753,0.00903618,0.854317],
					[0.00112773,4.49403e-05,0.993959]
				],
		"#1-5": [
					[-0.0261056,0.0957689,0.625451],
					[-0.0475502,0.174439,0.589261],
					[-0.0313125,0.114871,0.616738],
					[-0,0,0.995817]
				],
		"#1-6": [
					[1,0,0.504627],
					[0.919203,0,0.470907],
					[0.801906,0,0.443402],
					[0,0,1]
				],
		"#1-7": [
					[-1,-0,0.334747],
					[-1,-0,0.333537],
					[-1,-0,0.332913],
					[0.01,0,1]
				],
		"#1-8": [
					[-0.402671,-0.0738598,0.813345],
					[-0.554311,-0.101674,0.869496],
					[-0.651222,-0.11945,0.893631],
					[0.00983591,0.00180415,0.997701]
				],
		"#1-9": [
					[-0.542961,-0,0.668493],
					[-0.46352,-0,0.697039],
					[-0.284847,-0,0.61104],
					[0,0,0.996998]
				],
		"#1-10": [
					[0.631475,0.0166401,0.495425],
					[0.574787,0.0151463,0.541751],
					[0.498534,0.013137,0.539209],
					[0,0,1]
				],
		"#1-11": [
					[-0.396309,-0.0737289,0.652137],
					[-0.367095,-0.0682939,0.688624],
					[-0.224825,-0.0418261,0.601677],
					[0,0,0.99]
				],
		"#1-12": [
					[1,0,0.262733],
					[1,0,0.212145],
					[1,0,-0.0417114],
					[0,0,1]
				],
		"#1-13": [
					[1,0,0.314699],
					[1,0,0.247771],
					[1,0,-0.0638625],
					[0,0,1]
				],
		"#1-14": [
					[1,0,0.166159],
					[1,0,0.17008],
					[1,0,0.152624],
					[0,0,1]
				],
		"#1-15": [
					[0.18936,0.40389,0.216498],
					[0.251987,0.53747,0.15999],
					[0.214825,0.458206,0.154041],
					[0.00014968,0.000319257,0.998121]
				],
		"#1-16": [
					[0.131207,0.119811,0.434975],
					[0.147739,0.134908,0.485066],
					[0.160153,0.146243,0.476252],
					[0.00738447,0.00674311,0.99]
				],
		"#1-17": [
					[-0.405008,-0,0.985087],
					[-0.446693,-0,0.973366],
					[-0.564123,-0,0.965835],
					[0.01,0,0.99]
				],
		"#1-18": [
					[-0.0767135,-0.0482906,0.481231],
					[-0.123934,-0.0780153,0.488451],
					[-0.530028,-0.333649,0.714231],
					[0.00846285,0.0053273,0.99]
				],
		"#1-19": [
					[-0.1071,-0.0465746,0.152258],
					[-0.103709,-0.0451,0.14756],
					[-0.105617,-0.04593,0.147726],
					[0.00472063,0.00205287,0.993582]
				],
		"#1-20": [
					[0.190479,0.172913,0.677018],
					[0.0296709,0.0269347,0.766628],
					[-0.0663572,-0.0602379,0.802476],
					[0.00740422,0.00672142,0.99]
				],
		"#1-21": [
					[-0.287153,-0.372075,0.379163],
					[-0.261118,-0.338341,0.348367],
					[-0.266666,-0.34553,0.350776],
					[0.00610968,0.00791655,0.993781]
				],
		"#1-22": [
					[-0.0696991,-0.0219432,0.243207],
					[-0.126391,-0.0397914,0.264888],
					[-0.217522,-0.0684819,0.322943],
					[0.00953692,0.00300248,0.99]
				],
		"#1-23": [
					[-0.18692,-0.0899373,0.5746],
					[-0.112232,-0.0540008,0.555034],
					[-0.0749876,-0.0360807,0.502486],
					[0.00901117,0.00433577,0.99]
				],
		"#1-24": [
					[-0.304684,-0.0802037,0.695906],
					[-0.406561,-0.107021,0.824566],
					[-0.531536,-0.139919,0.863682],
					[0.00967056,0.00254564,0.990436]
				],
		"#1-25": [
					[-0.597898,-0.0505289,0.848009],
					[-0.431829,-0.0364943,0.778445],
					[-0.570962,-0.0482524,0.814675],
					[0.0099007,0.000836716,0.995992]
				],
		"#1-26": [
					[-0.0823914,-0.0408067,0.50716],
					[-0.0730052,-0.036158,0.547219],
					[-0.0319452,-0.0158218,0.485503],
					[0.00896113,0.00443826,0.99]
				],
		"#1-27": [
					[-0.953591,-0.0592786,1],
					[-0.868851,-0.0540109,0.999013],
					[-0.837729,-0.0520762,0.935164],
					[0.00998073,0.000620438,0.990398]
				],
		"#1-28": [
					[-0.60038,-0.149547,0.89726],
					[-0.516743,-0.128714,0.880966],
					[-0.433497,-0.107979,0.754948],
					[0.00970351,0.00241702,0.990687]
				],
		"#1-29": [
					[-0.321794,-0.136937,1],
					[-0.366422,-0.155928,1],
					[-0.423343,-0.180151,0.999591],
					[0.00920151,0.00391563,0.990282]
				],
		"#1-30": [
					[-0.151038,-0.84302,0.998494],
					[-0.176117,-0.982999,1],
					[-0.176355,-0.984327,0.913802],
					[0.00176355,0.00984327,1]
				],
		"#1-31": [
					[-0.365692,-0.0593091,0.390226],
					[-0.406403,-0.0659117,0.419511],
					[-0.468701,-0.0760154,0.462854],
					[0.00987102,0.00160091,0.990056]
				],
		"#1-32": [
					[0.0438742,0.0269416,0.461461],
					[0.00198038,0.00121608,0.547599],
					[-0.0925736,-0.0568462,0.388969],
					[0.00544343,0.00334261,0.990014]
				],
		"#1-33": [
					[0.429976,0.466418,0.0426138],
					[0.40283,0.436971,0.101453],
					[0.256844,0.278612,0.167591],
					[0.00130328,0.00141373,0.999844]
				],
		"#1-34": [
					[-0.0803721,-0.0568638,0.220841],
					[-0.222035,-0.157091,0.385691],
					[-0.255835,-0.181005,0.408711],
					[0.00816343,0.00577568,0.99]
				],
		"#1-35": [
					[0.255085,0.0739122,0.277854],
					[0.146319,0.0423968,0.40712],
					[-0.371837,-0.107742,0.585158],
					[0,0,0.995921]
				],
		"#1-36": [
					[-0.0488176,0.361019,0.201445],
					[-0.0500642,0.370238,0.207727],
					[-0.0591016,0.437072,-0.0936998],
					[-0.00134002,0.00990981,0.99]
				],
		"#1-37": [
					[0.133477,0.103517,0.364736],
					[0.165626,0.128449,0.341608],
					[0.170607,0.132312,0.0636967],
					[0.00159972,0.00124064,0.99]
				],
		"#1-38": [
					[0.395302,0.156484,0.052959],
					[0.383564,0.151837,0.0113955],
					[0.343944,0.136153,-0.0716961],
					[0.000205736,8.14425e-05,1]
				],
		"#1-39": [
					[0.0243342,0.000474064,0.473693],
					[0.129676,0.00252627,0.419576],
					[-0.0246244,-0.000479718,0.281072],
					[0.00993673,0.000193581,0.99]
				],
		"#1-40": [
					[-0.00183037,0.034454,0.506138],
					[0.00438898,-0.082616,0.631075],
					[-0.000240298,0.00452325,0.264782],
					[-0.000530502,0.00998592,0.99]
				],
		"#1-41": [
					[0.263601,0.28644,0.264754],
					[0.234476,0.254791,0.30512],
					[0.28081,0.30514,-0.0600154],
					[0,0,1]
				],
		"#1-42": [
					[0.150886,0.175112,0.273462],
					[0.107801,0.125109,0.380318],
					[0.0858633,0.0996488,0.0910322],
					[0,0,0.99]
				],
		"#1-43": [
					[0.0159058,-0.0148638,0.525476],
					[0.158522,-0.148138,0.530098],
					[0.0408383,-0.0381631,0.25654],
					[-0.00730633,0.00682771,0.998702]
				]
		},
		{
		"#2-1": [
					[-0.982656,-0.185439,0.435846],
					[-0.982656,-0.185439,0.420034],
					[-0.982656,-0.185439,0.417143],
					[0.982656,0.185439,0.62018]
				],
		"#2-2": [
					[-0.193316,-0.0581202,0.0725318],
					[-0.0530532,-0.0159504,0.0180295],
					[-0.256295,-0.0770547,0.0882966],
					[0.957655,0.287918,0.583347]
				],
		"#2-3": [
					[0.371792,0,-0.0719934],
					[0.39299,0,-0.0852447],
					[0.344711,0,-0.0706702],
					[0.51897,0,0.766404]
				],
		"#2-4": [
					[0.201397,0.0159353,-0.0560016],
					[0.211038,0.0166981,-0.0613351],
					[0.193783,0.0153329,-0.0566729],
					[0.441762,0.0349539,0.75478]
				],
		"#2-5": [
					[-0.930337,-0.366706,0.953914],
					[-0.930165,-0.366638,0.716942],
					[-0.930337,-0.366706,0.612286],
					[0.930337,0.366706,-0.0967709]
				],
		"#2-6": [
					[0.973674,0.0553037,0.062989],
					[0.986288,0.0560201,0.0261246],
					[0.821918,0.0466841,0.0415981],
					[-0.0477325,-0.00271116,1]
				]
		}
	]
}
