{
	"width": 851,
	"height": 1239,
	"linearGradients": [
		{
		"#1-1": [
					[-0.165996,-0.0418168,0.207294],
					[-0.369363,-0.0930476,0.488365],
					[-0.18277,-0.0460423,0.852089],
					[0,0,0.992589]
				],
		"#1-2": [
					[-0.0776924,-0.017727,0.173167],
					[-0.165358,-0.0377295,0.413698],
					[-0.506773,-0.11563,0.975592],
					[0.00962227,0.0021955,0.99]
				],
		"#1-3": [
					[0.0477343,0,0.192274],
					[-0.166005,-0,0.472788],
					[-1,-0,0.871977],
					[0.01,0,0.997972]
				],
		"#1-4": [
					[-0.217504,0.352508,0.64107],
					[-0.202318,0.327896,0.560477],
					[-0.337712,0.547328,0.283077],
					[-0,0,1]
				],
		"#1-5": [
					[0.992381,0.0176425,-0.0133049],
					[0.337199,0.00599472,0.542551],
					[-0.925527,-0.016454,0.707157],
					[0,0,0.993319]
				],
		"#1-6": [
					[-0.0256637,-0,0.182485],
					[-0.398015,-0,0.654465],
					[-0.53248,-0,0.534526],
					[0,0,0.990001]
				]
		},
		{
		"#2-1": [
					[-0.96619,-0.257832,0.555441],
					[-0.96619,-0.257832,0.88898],
					[-0.96619,-0.257832,0.18277],
					[-0.96619,-0.257832,0.834495]
				],
		"#2-2": [
					[0.994718,0.102646,0.54409],
					[0.994718,0.102646,0.54336],
					[0.994718,0.102646,0.571283],
					[0.994718,0.102646,0.462763]
				],
		"#2-3": [
					[0.219089,0.0214829,0.930873],
					[0.995227,0.0975876,0.599212],
					[0.995227,0.0975876,0.449248],
					[0.995227,0.0975876,0.41203]
				],
		"#2-4": [
					[-0.221141,-0,1],
					[-0.304935,-0,1],
					[0.541753,0,0.603857],
					[-0.587484,-0,1]
				],
		"#2-5": [
					[-0.300804,-0,0.189943],
					[-0.701897,-0,0.691172],
					[-0.269936,-0,1],
					[-0.249804,-0,0.912262]
				],
		"#2-6": [
					[0.0780412,-0.214811,1],
					[0.290114,-0.798546,0.919367],
					[0.153169,-0.421602,0.324118],
					[0.250973,-0.690811,0.967255]
				],
		"#2-7": [
					[-0.137828,-0.0629864,0.131481],
					[-0.28244,-0.129073,0.487561],
					[-0.31758,-0.145132,1],
					[-0.277613,-0.126867,1]
				],
		"#2-8": [
					[0.00632306,0,1],
					[1,0,0.0608378],
					[1,0,-0.411776],
					[0.137905,0,0.706404]
				],
		"#2-9": [
					[-0.00320343,-0.999995,0.813555],
					[-0.00320343,-0.999995,1],
					[0.00320343,0.999995,-0.145391],
					[-0.00320343,-0.999995,1]
				],
		"#2-10": [
					[-0.157659,-0.0233026,0.172839],
					[-0.158602,-0.0234419,0.174125],
					[-0.194957,-0.0288153,0.214378],
					[0.989253,0.146215,-0.98663]
				]
		},
		{
		"#3-1": [
					[0.397087,0.917781,-0.193429],
					[-0.0831215,-0.192117,0.290128],
					[-0.397087,-0.917781,0.390689],
					[0.397087,0.917781,0.292246]
				],
		"#3-2": [
					[-0.409267,-0,0.730016],
					[-0.461205,-0,0.956285],
					[-0.108872,-0,0.0750091],
					[0.265847,0,0.526836]
				],
		"#3-3": [
					[0.578648,0.815577,-0.494093],
					[0.578648,0.815577,-0.329116],
					[-0.567631,-0.80005,1],
					[0.578648,0.815577,0.0746524]
				]
		}
	]
}
