{
	"width": 1019,
	"height": 1015,
	"linearGradients": [
		{
		"#1-1": [
					[-0.0199059,-0,1],
					[-0.0329444,-0,1],
					[-0.0561877,-0,0.999633],
					[0,0,0.99]
				]
		},
		{
		"#2-1": [
					[0.0157667,0,0.318774],
					[-0.593058,-0,0.606982],
					[0.566182,0,-0.0636562],
					[1,0,0.301827]
				],
		"#2-2": [
					[-0.213997,-0.202744,0.785971],
					[0.0491491,0.0465645,-0.0139247],
					[0.0121946,0.0115534,-0.00897011],
					[0.450832,0.427125,0.190753]
				],
		"#2-3": [
					[0.0254927,0,0.887826],
					[0.504652,0,0.323485],
					[1,0,-0.298945],
					[1,0,-0.0322473]
				],
		"#2-4": [
					[0.0915065,0.105163,0.583143],
					[0.0453743,0.0521461,0.366062],
					[0.239986,0.275802,0.113593],
					[0.296274,0.340491,0.100915]
				],
		"#2-5": [
					[0.261952,0,0.287252],
					[-0.18796,-0,0.271266],
					[0.0360678,0,-0.0206857],
					[0.999818,0,-0.680559]
				]
		},
		{
		"#3-1": [
					[-0.0588472,-0.0536403,0.170107],
					[-0.140719,-0.128268,0.316928],
					[-0.172686,-0.157407,0.100758],
					[0.739047,0.673654,0.0270766]
				],
		"#3-2": [
					[-0.172678,-0.0908891,0.998366],
					[0.884905,0.465771,0.0590995],
					[0.173366,0.0912516,0.255704],
					[0.884905,0.465771,0.380009]
				],
		"#3-3": [
					[0.147516,-0.0744189,1],
					[-0.548341,0.276628,0.946991],
					[-0.892821,0.450411,0.836975],
					[-0.892821,0.450411,0.787143]
				],
		"#3-4": [
					[-0.0785507,-0.61783,1],
					[0.126125,0.992014,-0.104084],
					[0.0148327,0.116665,0.128909],
					[0.0350447,0.275639,0.695026]
				],
		"#3-5": [
					[0.0981704,0.0982547,0.941332],
					[0.602014,0.602532,0.566753],
					[0.102202,0.10229,0.647233],
					[0.29266,0.292911,0.558803]
				],
		"#3-6": [
					[-0.742393,-0.609465,1],
					[-0.748749,-0.614684,0.595697],
					[-0.772909,-0.634517,0.448739],
					[0.772909,0.634517,0.0121857]
				],
		"#3-7": [
					[0.122685,0.0275023,0.929928],
					[0.219868,0.0492878,0.880915],
					[0.429589,0.0963011,0.58796],
					[0.220683,0.0494705,0.378749]
				],
		"#3-8": [
					[-0.0193026,0.0656475,0.932469],
					[-0.282093,0.959387,0.150557],
					[0.170541,-0.580004,0.764337],
					[-0.156073,0.530799,0.547896]
				],
		"#3-9": [
					[1,0,0.538672],
					[1,0,0.496776],
					[1,0,0.312131],
					[0.286537,0,0.681778]
				],
		"#3-10": [
					[-0.0402578,-0,0.305474],
					[0.0563108,0,-0.0334911],
					[-0.144533,-0,0.121873],
					[1,0,0.101366]
				],
		"#3-11": [
					[0.054636,0.0191251,0.967327],
					[-0.141684,-0.0495958,0.931163],
					[0.531859,0.186175,0.345637],
					[0.100646,0.0352307,0.694523]
				],
		"#3-12": [
					[-0.787413,0.481862,1],
					[-0.852961,0.521974,0.704648],
					[-0.852961,0.521974,0.668155],
					[-0.252242,0.154361,0.715417]
				],
		"#3-13": [
					[-0.151175,-0.443252,0.999904],
					[0.213813,0.626908,-0.327296],
					[0.273988,0.803343,-0.497452],
					[0.100486,0.294629,0.48382]
				]
		}
	]
}
