{
	"width": 851,
	"height": 1239,
	"linearGradients": [
		{
		"#1-1": [
					[-0.213606,-0.0570759,0.22043],
					[-0.372572,-0.0995521,0.491987],
					[-0.17058,-0.0455793,0.854443],
					[0,0,0.992296]
				],
		"#1-2": [
					[-0.0790574,-0.0169481,0.171569],
					[-0.168,-0.0360154,0.4127],
					[-0.506248,-0.108528,0.967853],
					[0.00750707,0.00160935,0.99]
				],
		"#1-3": [
					[0.0476796,0,0.192281],
					[-0.166357,-0,0.472841],
					[-1,-0,0.871976],
					[0.01,0,0.99797]
				],
		"#1-4": [
					[-0.208562,0.336498,0.646226],
					[-0.200536,0.323548,0.560458],
					[-0.343548,0.554287,0.280174],
					[-0,0,0.996941]
				],
		"#1-5": [
					[0.977127,0,-0.00397426],
					[0.330017,0,0.547061],
					[-0.927553,-0,0.709764],
					[0,0,0.996909]
				],
		"#1-6": [
					[-0.124208,-0.00853409,0.213971],
					[-0.23972,-0.0164707,0.481457],
					[-0.528049,-0.0362811,1],
					[0.00997648,0.000685463,0.990126]
				]
		},
		{
		"#2-1": [
					[-0.967109,-0.254364,0.552119],
					[-0.967109,-0.254364,0.887451],
					[-0.967109,-0.254364,0.181914],
					[-0.967109,-0.254364,0.83469]
				],
		"#2-2": [
					[0.994825,0.101602,0.544529],
					[0.994825,0.101602,0.54497],
					[0.994825,0.101602,0.571657],
					[0.994825,0.101602,0.462643]
				],
		"#2-3": [
					[0.216974,0.0210516,0.931651],
					[0.995326,0.0965702,0.599914],
					[0.995326,0.0965702,0.449522],
					[0.995326,0.0965702,0.412357]
				],
		"#2-4": [
					[-0.215939,-0,1],
					[-0.298104,-0,1],
					[0.527571,0,0.610926],
					[-0.601643,-0,1]
				],
		"#2-5": [
					[0.435532,0.900173,-0.183613],
					[-0.234179,-0.48401,0.464782],
					[-0.435532,-0.900173,0.398015],
					[0.435532,0.900173,0.283425]
				],
		"#2-6": [
					[-0.64229,-0,0.394978],
					[-0.8087,-0,0.69052],
					[0.031611,0,0.806485],
					[-0.202353,-0,0.90331]
				],
		"#2-7": [
					[0.104166,-0.250905,1],
					[0.354193,-0.853152,0.907341],
					[0.187232,-0.450988,0.318269],
					[0.301924,-0.727249,0.956002]
				],
		"#2-8": [
					[-0.294057,-0,0.619171],
					[-0.458875,-0,0.907589],
					[-0.179007,-0,0.187846],
					[0.122146,0,0.701249]
				],
		"#2-9": [
					[-0.0872199,-0,0.264944],
					[-0.614491,-0,0.86635],
					[-0.06561,-0,0.064687],
					[0.660993,0,0.231166]
				],
		"#2-10": [
					[0.00497196,0,1],
					[1,0,0.0609031],
					[1,0,-0.411604],
					[0.143585,0,0.701973]
				],
		"#2-11": [
					[0.576903,0.816812,-0.482099],
					[0.576903,0.816812,-0.324946],
					[-0.565228,-0.800281,1],
					[0.576903,0.816812,0.0797962]
				],
		"#2-12": [
					[-0.00361318,-0.999993,0.816555],
					[-0.00361318,-0.999993,1],
					[0.00361318,0.999993,-0.143172],
					[-0.00361318,-0.999993,1]
				],
		"#2-13": [
					[-0.110735,-0.0181794,0.121701],
					[-0.119779,-0.0196642,0.130072],
					[-0.159285,-0.0261499,0.177638],
					[0.98679,0.162002,-1]
				]
		}
	]
}
