{
	"width": 1497,
	"height": 1014,
	"linearGradients": [
		{
		"#1-1": [
					[0.169418,0.0562592,0.259281],
					[0.284656,0.0945266,0.351744],
					[0.227234,0.0754583,0.577472],
					[0.00949042,0.00315151,0.99]
				],
		"#1-2": [
					[0.00970058,0.00641742,0.340725],
					[-0.229186,-0.151618,0.506805],
					[-0.834015,-0.551742,0.762031],
					[0.00834015,0.00551742,1]
				],
		"#1-3": [
					[-0.123253,-0,0.355941],
					[-0.461208,-0,0.470244],
					[-1,-0,0.635788],
					[0.01,0,1]
				],
		"#1-4": [
					[0.391357,0.121814,0.232506],
					[0.373181,0.116157,0.337461],
					[0.377059,0.117364,0.563675],
					[0.00701965,0.00218495,0.99]
				],
		"#1-5": [
					[-0.0395035,-0,0.424482],
					[-0.20159,-0,0.534608],
					[-1,-0,0.812467],
					[0,0,1]
				],
		"#1-6": [
					[-0.20452,-0.134879,0.384432],
					[-0.254248,-0.167675,0.449198],
					[-0.269818,-0.177943,0.314674],
					[0,0,0.990012]
				],
		"#1-7": [
					[-0.196227,-0.0113278,0.518304],
					[-0.275076,-0.0158796,0.624374],
					[-0.998338,-0.0576322,0.992075],
					[0.00998338,0.000576322,1]
				],
		"#1-8": [
					[-0.179133,-0.28934,0.432669],
					[-0.314288,-0.507645,0.588607],
					[-0.526393,-0.850242,0.756118],
					[0.00526393,0.00850242,1]
				],
		"#1-9": [
					[-0.372132,0.262429,0.376339],
					[-0.304542,0.214764,0.47835],
					[-0.458992,0.323684,0.607184],
					[-0,0,0.99]
				],
		"#1-10": [
					[-0.142318,0.584565,0.169267],
					[-0.112258,0.461096,0.304687],
					[-0.0461936,0.189738,0.635009],
					[-0,0,0.999747]
				],
		"#1-11": [
					[-0.178756,-0.0552759,0.36961],
					[-0.190164,-0.0588035,0.40463],
					[-0.109288,-0.0337948,0.215269],
					[0,0,1]
				],
		"#1-12": [
					[1,0,0.0925426],
					[0.679347,0,0.277504],
					[-0.206257,-0,0.712686],
					[0.00571129,0,0.997834]
				],
		"#1-13": [
					[0.166467,0.0389178,0.232954],
					[0.124687,0.0291503,0.285995],
					[0.333069,0.0778672,0.0447276],
					[0.00973743,0.00227648,0.99]
				],
		"#1-14": [
					[1,0,-0.100095],
					[1,0,-0.0731504],
					[0.655754,0,-0.0796104],
					[0,0,1]
				],
		"#1-15": [
					[0.619358,0.785108,-0.422509],
					[0.619358,0.785108,-0.394047],
					[0.491883,0.623519,-0.389968],
					[0,0,1]
				],
		"#1-16": [
					[0.378859,0.0786183,0.286778],
					[0.404529,0.0839451,0.369607],
					[0.549969,0.114126,0.505595],
					[9.34699e-06,1.93962e-06,1]
				],
		"#1-17": [
					[0.36306,0.0608402,0.307302],
					[0.399605,0.0669642,0.38431],
					[0.427029,0.0715598,0.585755],
					[0,0,0.99]
				],
		"#1-18": [
					[0.175706,0.984443,-0.267727],
					[0.175706,0.984443,-0.241454],
					[0.175706,0.984443,-0.361001],
					[1.52983e-05,8.57132e-05,1]
				],
		"#1-19": [
					[-0.0604999,0.998168,-0.345364],
					[-0.0578219,0.953986,-0.28661],
					[-0.0604999,0.998168,-0.414344],
					[-0,0,1]
				],
		"#1-20": [
					[-0.470223,-0.725303,0.92627],
					[-0.435304,-0.671441,0.936881],
					[-0.540953,-0.834401,1],
					[0.00543993,0.0083909,0.994599]
				],
		"#1-21": [
					[0.77766,0,-0.188042],
					[0.740345,0,-0.137868],
					[0.927297,0,-0.339158],
					[0.01,0,0.99]
				],
		"#1-22": [
					[0.39522,0.0507628,0.311633],
					[0.415542,0.053373,0.39758],
					[0.438248,0.0562894,0.591673],
					[0,0,0.992942]
				],
		"#1-23": [
					[-0.105777,-0.0635546,0.359682],
					[-0.159259,-0.0956879,0.431807],
					[0.0159843,0.00960392,0.152916],
					[0.00857178,0.00515021,0.990002]
				],
		"#1-24": [
					[0.258498,0.966012,-0.484344],
					[0.258428,0.965753,-0.458435],
					[0.258498,0.966012,-0.534263],
					[0,0,1]
				],
		"#1-25": [
					[0.0700671,0.352966,-0.0205794],
					[0.0782656,0.394267,-0.0235413],
					[0.105692,0.532429,-0.230551],
					[0,0,0.999651]
				],
		"#1-26": [
					[0.739867,0.225523,0.00323493],
					[0.578778,0.176421,0.220092],
					[0.322002,0.0981513,0.609114],
					[0,0,0.999759]
				],
		"#1-27": [
					[0.0519261,0.0370945,0.500079],
					[0.211264,0.150921,0.483846],
					[0.295819,0.211325,0.582263],
					[0.008137,0.00581285,0.99]
				],
		"#1-28": [
					[0.998299,0.0583071,-0.399457],
					[0.998299,0.0583071,-0.376977],
					[0.998299,0.0583071,-0.445461],
					[0.000942759,5.50632e-05,1]
				],
		"#1-29": [
					[-0.0502969,-0.209603,0.612797],
					[-0.0924459,-0.385252,0.740198],
					[-0.233338,-0.972396,1],
					[0.00233338,0.00972396,1]
				],
		"#1-30": [
					[0.587622,0,0.492673],
					[0.556323,0,0.532325],
					[0.444079,0,0.63472],
					[3.19949e-05,0,1]
				],
		"#1-31": [
					[0.966431,0.256925,-0.365752],
					[0.966431,0.256925,-0.338253],
					[0.966431,0.256925,-0.354432],
					[0.00966431,0.00256925,1]
				],
		"#1-32": [
					[-0.0227903,0.259018,0.699725],
					[-0.0221114,0.251302,0.711169],
					[-0.0316573,0.359793,0.621809],
					[-0,0,0.99]
				],
		"#1-33": [
					[0.384522,0,0.0849181],
					[0.420281,0,0.0879593],
					[1,0,-0.439584],
					[9.22687e-05,0,1]
				],
		"#1-34": [
					[-0.207595,-0.455106,0.861293],
					[-0.268891,-0.589484,0.968758],
					[-0.249264,-0.546454,0.994805],
					[0.0041501,0.00909817,0.99943]
				],
		"#1-35": [
					[0.327489,0.00633473,0.761756],
					[0.298895,0.00578162,0.774206],
					[0.316793,0.00612782,0.754903],
					[0,0,0.99]
				],
		"#1-36": [
					[0.109736,-0.993954,0.676914],
					[0.109736,-0.993961,0.698099],
					[0.109736,-0.993961,0.662413],
					[-0.00109736,0.00993961,0.996762]
				],
		"#1-37": [
					[-0.153712,-0.0354152,0.999413],
					[-0.156725,-0.0361093,1],
					[-0.078882,-0.0181744,0.909728],
					[0.0097447,0.00224517,0.990118]
				],
		"#1-38": [
					[-0.000262953,-3.53608e-08,0.798708],
					[-0.134455,-1.80809e-05,0.94503],
					[-0.139425,-1.87493e-05,0.99924],
					[0.01,1.34476e-06,0.990124]
				],
		"#1-39": [
					[0.356137,0.125808,0.471545],
					[0.346504,0.122405,0.49683],
					[0.437022,0.154381,0.408705],
					[0,0,1]
				],
		"#1-40": [
					[0.0408754,0.0173835,0.77307],
					[0.0242346,0.0103065,0.796813],
					[0.105053,0.0446769,0.710484],
					[0.00612676,0.00260559,0.990011]
				],
		"#1-41": [
					[-0.259217,-0.102518,0.999671],
					[-0.237874,-0.0940773,0.991215],
					[-0.274667,-0.108628,1],
					[0.00929915,0.00367774,0.990208]
				],
		"#1-42": [
					[0.069858,0,0.742499],
					[-0.00665729,-0,0.82406],
					[-0.120397,-0,0.930144],
					[0.01,0,0.99]
				],
		"#1-43": [
					[-0.374821,-0,1],
					[-0.343889,-0,0.997433],
					[-0.421871,-0,1],
					[0.01,0,0.991759]
				],
		"#1-44": [
					[-0.318559,-0.410215,1],
					[-0.302879,-0.390025,1],
					[-0.405246,-0.521845,1],
					[0.00613343,0.00789816,0.99]
				],
		"#1-45": [
					[0.234278,0.137066,0.217571],
					[0.219954,0.128686,0.287488],
					[0.110719,0.064777,0.0522831],
					[0.00795799,0.00465587,0.99]
				],
		"#1-46": [
					[0.041665,-0.0186915,0.52227],
					[0.104107,-0.0467036,0.530605],
					[-0.0669577,0.0300381,0.26934],
					[-0.00912395,0.00409312,1]
				],
		"#1-47": [
					[0.0765572,0.0265096,0.415704],
					[0.0593732,0.0205593,0.481075],
					[0.0272233,0.00942665,0.168725],
					[0,0,0.999893]
				]
		},
		{
		"#2-1": [
					[0.257975,0.120567,-0.116781],
					[0.247232,0.115546,-0.0571804],
					[-0.0501589,-0.0234421,0.0317336],
					[0.905943,0.423399,0.00444441]
				],
		"#2-2": [
					[-0.630277,-0.708425,0.822941],
					[-0.664697,-0.747113,0.89985],
					[-0.664508,-0.746901,0.742926],
					[0.664697,0.747113,0.377618]
				]
		}
	]
}
