{
	"width": 640,
	"height": 491,
	"linearGradients": [
		{
		"#1-1": [
					[0.379834,0.00702429,0.842143],
					[0.375925,0.00695201,0.846925],
					[0.365151,0.00675277,0.861265],
					[0.00999829,0.000184899,0.99]
				],
		"#1-2": [
					[-0.0995619,-0,0.849907],
					[-0.0384687,-0,0.85019],
					[-0.0570307,-0,0.861179],
					[0.01,0,0.992702]
				],
		"#1-3": [
					[0.761346,0.0693015,0.538589],
					[0.995883,0.0906501,0.485912],
					[0.862464,0.0785057,0.516937],
					[0,0,1]
				],
		"#1-4": [
					[-0.87993,0.475104,0.293174],
					[-0.87993,0.475104,0.275968],
					[-0.87993,0.475104,0.26572],
					[-0,0,1]
				],
		"#1-5": [
					[0.158095,0.140825,0.701299],
					[0.22602,0.201331,0.59348],
					[0.313532,0.279284,0.464702],
					[0,0,0.999415]
				],
		"#1-6": [
					[0.0652532,0,0.718523],
					[0.0762283,0,0.735996],
					[0.00585013,0,0.742945],
					[0.01,0,0.99]
				],
		"#1-7": [
					[-1,-0,0.449487],
					[-0.966654,-0,0.425652],
					[-0.927303,-0,0.408418],
					[0.01,0,1]
				],
		"#1-8": [
					[-0.296353,-0.013022,0.158243],
					[-0.326841,-0.0143616,0.165727],
					[-0.46979,-0.020643,0.201093],
					[0.00999036,0.000438984,0.998532]
				],
		"#1-9": [
					[0.420214,0.223267,0.639426],
					[0.438284,0.232867,0.650866],
					[0.450881,0.239561,0.653485],
					[0.00773024,0.00410721,0.99]
				],
		"#1-10": [
					[-0.335164,-0,0.604781],
					[-0.323447,-0,0.65281],
					[-0.288844,-0,0.610817],
					[0,0,0.993464]
				],
		"#1-11": [
					[-0.0947048,0.476541,0.623138],
					[-0.0852615,0.429023,0.658206],
					[-0.0997684,0.50202,0.647284],
					[-0.00194922,0.00980819,0.99]
				],
		"#1-12": [
					[-0.670047,-0.318521,0.322233],
					[-0.608638,-0.289329,0.296815],
					[-0.621292,-0.295344,0.300491],
					[0.00823123,0.00391289,0.99]
				],
		"#1-13": [
					[0.276523,0.143173,0.456028],
					[0.209923,0.10869,0.536247],
					[0.425881,0.220505,0.343215],
					[0.00888029,0.00459787,0.99]
				],
		"#1-14": [
					[0.360752,0.0618188,0.541873],
					[0.363383,0.0622697,0.570085],
					[0.314048,0.0538155,0.564604],
					[0.00985633,0.00168899,0.99]
				],
		"#1-15": [
					[-0.151514,-0.0204562,0.538019],
					[-0.168553,-0.0227566,0.595476],
					[-0.118084,-0.0159428,0.547907],
					[0.00991009,0.00133798,0.990014]
				],
		"#1-16": [
					[0.54057,0.1917,-0.187418],
					[0.496476,0.176063,-0.171298],
					[0.426227,0.151151,-0.13738],
					[0.00930622,0.00330022,0.990609]
				],
		"#1-17": [
					[0.895881,0.444295,0.0565081],
					[0.895881,0.444295,0.00500374],
					[0.895881,0.444295,-0.252451],
					[0.000166675,8.26592e-05,1]
				],
		"#1-18": [
					[1,0,0.292552],
					[1,0,0.225885],
					[1,0,-0.0742849],
					[0,0,1]
				],
		"#1-19": [
					[-0.384305,-0,0.997236],
					[-0.384026,-0,0.964871],
					[-0.561987,-0,1],
					[0.01,0,0.990021]
				],
		"#1-20": [
					[0.467795,0.317383,0.0969307],
					[0.495663,0.33629,0.0870717],
					[0.505054,0.342662,0.0415578],
					[0,0,1]
				],
		"#1-21": [
					[-0.0684119,-0.0437057,0.457827],
					[-0.029839,-0.0190629,0.394232],
					[-0.348116,-0.222398,0.546862],
					[0.00842707,0.00538372,0.99]
				],
		"#1-22": [
					[-0.335571,-0,0.292576],
					[-0.334452,-0,0.289759],
					[-0.344885,-0,0.292295],
					[0,0,0.992558]
				],
		"#1-23": [
					[-0.157191,-0.207437,0.962734],
					[-0.197732,-0.260937,0.962823],
					[-0.202432,-0.26714,0.922441],
					[0.00603959,0.00797015,0.99]
				],
		"#1-24": [
					[-0.392158,-0.227191,0.399692],
					[-0.380606,-0.220499,0.386313],
					[-0.386569,-0.223954,0.385271],
					[0.00200571,0.00116198,0.991716]
				],
		"#1-25": [
					[0.207575,0.127865,0.286684],
					[0.22089,0.136067,0.334692],
					[0.198643,0.122363,0.351163],
					[0.00851426,0.00524475,0.99]
				],
		"#1-26": [
					[-0.431095,-0.16543,0.519744],
					[-0.467341,-0.179339,0.522884],
					[-0.507344,-0.19469,0.545276],
					[0.00933618,0.0035827,0.993214]
				],
		"#1-27": [
					[0.153414,0.0877358,0.202355],
					[0.169266,0.0968013,0.244773],
					[0.196261,0.112239,0.21337],
					[0.00868071,0.0049644,0.99]
				],
		"#1-28": [
					[-0.240308,-0.138655,0.550093],
					[-0.230575,-0.133039,0.594029],
					[-0.154908,-0.0893805,0.497503],
					[0.00866161,0.00499765,0.990001]
				],
		"#1-29": [
					[-0.140854,-0.141778,0.597336],
					[-0.0922414,-0.0928464,0.573689],
					[-0.04775,-0.0480632,0.447697],
					[0.00685287,0.00689782,0.99]
				],
		"#1-30": [
					[0.153964,0.105071,0.168313],
					[0.180928,0.123473,0.202823],
					[0.196054,0.133795,0.180846],
					[0.00825988,0.00563687,0.99]
				],
		"#1-31": [
					[0.203203,0.0969793,0.25371],
					[0.233,0.1112,0.280522],
					[0.18086,0.0863159,0.213154],
					[0.00902488,0.00430715,0.99]
				],
		"#1-32": [
					[-0.102561,-0.994727,1],
					[-0.102561,-0.994727,0.946179],
					[-0.102561,-0.994727,0.833191],
					[0.00102561,0.00994727,1]
				],
		"#1-33": [
					[0.186642,0.145143,0.127516],
					[0.181884,0.141442,0.188826],
					[0.181573,0.141201,0.135635],
					[0.00592082,0.00460434,0.99]
				],
		"#1-34": [
					[0.48213,0.304821,-0.0673232],
					[0.300854,0.190211,0.166823],
					[0.0659239,0.0416795,0.291287],
					[2.41218e-05,1.52507e-05,1]
				],
		"#1-35": [
					[0.0322765,0.0427137,0.0299319],
					[-0.00781464,-0.0103417,0.0889315],
					[-0.0452142,-0.0598351,0.1321],
					[0.00602879,0.00797832,0.99]
				],
		"#1-36": [
					[-0.00213873,0.0995151,0.0782064],
					[-0.000565386,0.0263074,0.111734],
					[-0.000737221,0.0343029,0.0879256],
					[-0.000214865,0.00999769,0.99]
				],
		"#1-37": [
					[-0.0014394,-0.060728,0.566206],
					[-0.000756038,-0.0318971,0.576238],
					[-0.00103015,-0.0434618,0.291934],
					[9.83959e-05,0.00415131,0.994583]
				],
		"#1-38": [
					[0.357757,0.183775,0.216026],
					[0.33662,0.172917,0.257539],
					[0.241188,0.123895,0.177414],
					[0,0,1]
				],
		"#1-39": [
					[0.246383,0.88673,-0.0489386],
					[0.267714,0.963499,-0.160503],
					[0.267714,0.963499,-0.267358],
					[0.00075398,0.00271357,1]
				],
		"#1-40": [
					[0.231612,0.0283119,0.312189],
					[0.071683,0.0087624,0.481573],
					[-0.20679,-0.0252776,0.425135],
					[0.0092325,0.00112857,0.99]
				],
		"#1-41": [
					[-0.275974,0.529746,0.291858],
					[-0.313961,0.602663,0.250291],
					[-0.372682,0.715382,-0.128191],
					[-0.0046202,0.0088687,0.99]
				],
		"#1-42": [
					[0.261212,0.146871,0.258738],
					[0.249538,0.140307,0.292608],
					[0.131313,0.0738329,0.106172],
					[0.00698283,0.00392622,0.99]
				],
		"#1-43": [
					[0.232907,0.167478,0.284075],
					[0.246844,0.177499,0.305934],
					[0.138817,0.09982,0.09523],
					[0.00811354,0.00583425,0.99]
				],
		"#1-44": [
					[0.202285,0.117619,0.298617],
					[0.270904,0.157517,0.272368],
					[0.113661,0.0660886,0.107064],
					[0.00864486,0.00502657,0.99]
				],
		"#1-45": [
					[0.242287,0.151901,0.151054],
					[0.169266,0.106121,0.207938],
					[0.131244,0.0822832,0.12044],
					[2.90038e-05,1.81839e-05,1]
				],
		"#1-46": [
					[0.190028,0.0407654,0.283833],
					[0.2378,0.0510137,0.288369],
					[0.15569,0.033399,0.0807142],
					[0.00652231,0.00139919,0.99]
				],
		"#1-47": [
					[0.211319,0.108421,0.28399],
					[0.235608,0.120882,0.2693],
					[0.229813,0.117909,0.00379757],
					[0.000539691,0.000276896,0.99]
				]
		},
		{
		"#2-1": [
					[0.27394,0.10977,-0.100469],
					[0.273417,0.10956,-0.105305],
					[0.253073,0.101408,-0.0954743],
					[0.352099,0.141088,0.778792]
				],
		"#2-2": [
					[-0.98531,-0.170776,0.856497],
					[-0.98531,-0.170776,0.655107],
					[-0.98495,-0.170713,0.553898],
					[0.98531,0.170776,-0.000901782]
				]
		}
	]
}
