{
	"width": 1000,
	"height": 730,
	"linearGradients": [
		{
		"#1-1": [
					[0.589689,0.00011966,0.999126],
					[0.589689,0.00011966,0.999126],
					[0.589689,0.00011966,0.999126],
					[9.56458e-06,1.94085e-09,0.995136]
				],
		"#1-2": [
					[0.000481501,4.7516e-05,0.999217],
					[0.000481501,4.7516e-05,0.999217],
					[0.000481501,4.7516e-05,0.999217],
					[5.94735e-06,5.86904e-07,0.99]
				],
		"#1-3": [
					[-0.0234746,-0.0202548,0.999098],
					[0.334167,0.288332,0.683778],
					[0.757122,0.653274,0.36714],
					[0.00757122,0.00653274,0.993072]
				],
		"#1-4": [
					[-0.0395385,-0.0135005,1],
					[-0.59078,-0.201724,0.936771],
					[-0.405472,-0.13845,0.313927],
					[0.00946353,0.00323135,0.995042]
				],
		"#1-5": [
					[0.499145,0.189935,0.814217],
					[-0.144783,-0.0550928,0.943999],
					[-0.78786,-0.299797,1],
					[0.00934622,0.00355643,0.990204]
				],
		"#1-6": [
					[0.00272608,0.0255208,0.974992],
					[-0.0719766,-0.673823,0.964683],
					[-0.0971196,-0.909203,0.565],
					[0.00106214,0.00994343,0.990189]
				],
		"#1-7": [
					[0.0802511,0.0542958,0.948432],
					[-0.555049,-0.375532,1],
					[-0.828244,-0.560368,0.815906],
					[0.00828244,0.00560368,1]
				],
		"#1-8": [
					[-0.0152654,-0.0232501,1],
					[-0.201261,-0.306533,0.756341],
					[-0.313375,-0.47729,0.323123],
					[0,0,0.997195]
				],
		"#1-9": [
					[0.277258,0.466187,0.803886],
					[0.484665,0.814927,0.397775],
					[0.511164,0.859483,0.0648211],
					[0,0,1]
				],
		"#1-10": [
					[0.00395433,0.0290669,0.974581],
					[0.0521393,0.383257,0.484455],
					[0.126254,0.928049,-0.250402],
					[7.25152e-06,5.33034e-05,1]
				],
		"#1-11": [
					[0.460582,0.189785,0.7846],
					[0.790769,0.325841,0.36231],
					[0.924583,0.38098,0.0296604],
					[0,0,1]
				],
		"#1-12": [
					[-0.0212061,0.0473881,0.985001],
					[-0.382864,0.855564,0.504414],
					[-0.408465,0.912774,-0.0366521],
					[-0,0,1]
				],
		"#1-13": [
					[-0.70385,-0,0.998736],
					[-0.395605,-0,0.68647],
					[-0.341781,-0,0.349506],
					[0.01,0,0.990781]
				],
		"#1-14": [
					[-0.683585,0.729871,0.342938],
					[-0.683585,0.729871,0.225814],
					[-0.683585,0.729871,0.0408467],
					[-0,0,1]
				],
		"#1-15": [
					[0.524556,0.0494344,0.759804],
					[0.557779,0.0525653,0.461307],
					[0.904764,0.0852653,-0.0481234],
					[0,0,1]
				],
		"#1-16": [
					[0.0825223,0,0.90526],
					[0.188725,0,0.717132],
					[0.349803,0,0.482794],
					[0,0,0.99]
				],
		"#1-17": [
					[-0.871879,0.489721,0.942259],
					[-0.871879,0.489721,0.94971],
					[-0.871879,0.489721,0.947749],
					[-0,0,1]
				],
		"#1-18": [
					[0.279623,0.124691,0.832493],
					[-0.10937,-0.0487708,1],
					[-0.288129,-0.128484,1],
					[0.00913309,0.00407268,0.99]
				],
		"#1-19": [
					[0.133355,0.149243,0.847135],
					[-0.179927,-0.201364,1],
					[-0.297791,-0.333271,1],
					[0.00666299,0.00745684,0.990401]
				],
		"#1-20": [
					[0.0142471,0.218531,0.91169],
					[0.00980888,0.150455,0.642718],
					[-0.0650566,-0.997882,0.564615],
					[0.000247813,0.00380111,0.999515]
				],
		"#1-21": [
					[-0.00573454,-0.0031388,0.97551],
					[0.220898,0.120908,0.536748],
					[0.761758,0.416948,-0.382831],
					[0.00877196,0.00480133,0.99]
				],
		"#1-22": [
					[0.0507694,0.0378368,0.938142],
					[-0.120263,-0.0896284,0.686271],
					[-0.50881,-0.3792,0.485968],
					[0.000455041,0.000339127,1]
				],
		"#1-23": [
					[-0.0324947,-0.0314347,1],
					[-0.101685,-0.0983675,1],
					[-0.207148,-0.200391,1],
					[0.00718732,0.00695287,0.990071]
				],
		"#1-24": [
					[0.290941,0,0.821942],
					[0.494394,0,0.466208],
					[1,0,-0.489665],
					[0,0,1]
				],
		"#1-25": [
					[-0.00351761,-0.00336815,1],
					[-0.00369303,-0.00353612,1],
					[-0.0040684,-0.00389554,1],
					[0.000472927,0.000452833,0.99]
				],
		"#1-26": [
					[0.0785224,0.0686333,0.931465],
					[0.0827611,0.0723381,0.926626],
					[0.0567934,0.0496409,0.943236],
					[0,0,0.99]
				],
		"#1-27": [
					[0.0129679,0.999135,0.048047],
					[0.012978,0.999916,0.0434935],
					[0.012978,0.999916,0.0373579],
					[1.91356e-05,0.00147434,1]
				],
		"#1-28": [
					[0.0755875,0.026448,0.924129],
					[0.162191,0.0567505,0.467507],
					[-0.15033,-0.0526006,0.15986],
					[0.00943888,0.00330266,0.99]
				],
		"#1-29": [
					[0.446524,0.0924029,0.642413],
					[0.883807,0.182893,0.24628],
					[0.979252,0.202645,0.0842606],
					[0.000683814,0.000141507,1]
				],
		"#1-30": [
					[0.126509,0,0.902161],
					[-0.292797,-0,1],
					[-0.770448,-0,1],
					[0.01,0,0.99]
				],
		"#1-31": [
					[0.113767,0.00613812,0.824705],
					[0.140575,0.0075845,0.743877],
					[0.239854,0.012941,0.628251],
					[0.00998548,0.000538751,0.99]
				],
		"#1-32": [
					[-0.00517869,-0.00236082,0.982309],
					[-0.0618487,-0.0281951,1],
					[-0.0764867,-0.0348682,1],
					[0.00909911,0.00414803,0.99]
				],
		"#1-33": [
					[0.0309655,0.0126779,0.962745],
					[0.260217,0.106538,0.41706],
					[0.766557,0.313845,-0.630769],
					[0,0,1]
				],
		"#1-34": [
					[0.432403,0.0650771,0.398164],
					[0.246483,0.0370959,0.218511],
					[0.411409,0.0619174,-0.022685],
					[0,0,1]
				],
		"#1-35": [
					[-0.261686,0.599324,0.875518],
					[-0.400153,0.916448,0.619338],
					[-0.400153,0.916448,0.440199],
					[-0,0,1]
				],
		"#1-36": [
					[-0.012483,-0.0285551,0.999552],
					[-0.286524,-0.655427,1],
					[0.400554,0.916273,-0.307755],
					[0.00400554,0.00916273,0.994057]
				],
		"#1-37": [
					[0.42785,0,0.568497],
					[0.427422,0,0.567603],
					[0.427641,0,0.568045],
					[0,0,0.99]
				],
		"#1-38": [
					[0.427773,0,0.568647],
					[0.427394,0,0.56744],
					[0.427781,0,0.568111],
					[0,0,0.99]
				],
		"#1-39": [
					[0.426494,0,0.569857],
					[0.425801,0,0.568964],
					[0.426149,0,0.569409],
					[0,0,0.99]
				]
		},
		{
		"#2-1": [
					[0.383218,0.0452326,0.94819],
					[0.383218,0.0452326,0.94819],
					[0.383218,0.0452326,0.94819],
					[0.482641,0.0569679,0.00603385]
				],
		"#2-2": [
					[-0.34284,0.939394,-0.207861],
					[-0.34284,0.939394,-0.110677],
					[-0.34284,0.939394,-0.534941],
					[0.00384379,-0.0105321,1]
				],
		"#2-3": [
					[0.76979,0.638297,0.0709747],
					[0.76979,0.638297,-0.353487],
					[0.571354,0.473757,-0.418411],
					[-0.00030716,-0.000254692,1]
				],
		"#2-4": [
					[-0.00128639,-0.00400097,1],
					[-0.00922269,-0.0286848,0.727704],
					[0.306087,0.952004,-0.762167],
					[-0.00346738,-0.0107844,1]
				],
		"#2-5": [
					[0.0113362,0.0150581,0.980016],
					[0.00897003,0.0119151,0.675261],
					[0.601445,0.798914,-0.778125],
					[-0.00127136,-0.00168878,1]
				],
		"#2-6": [
					[0.0864553,0.0069127,0.92211],
					[-0.411053,-0.0328665,0.963735],
					[-0.668089,-0.0534183,0.605271],
					[0.996819,0.0797026,0.0906116]
				],
		"#2-7": [
					[0.0381855,0.0273094,0.949734],
					[-0.0152843,-0.010931,0.61317],
					[0.112429,0.0804064,-0.116094],
					[0.339748,0.242979,0.401747]
				],
		"#2-8": [
					[0.598418,0.121776,-0.250397],
					[0.610743,0.124284,-0.144258],
					[0.712332,0.144957,-0.629885],
					[0.0137598,0.00280008,0.98971]
				],
		"#2-9": [
					[0.102015,0.211012,0.562266],
					[-0.0656418,-0.135776,0.361361],
					[-0.278209,-0.575457,0.508215],
					[0.435259,0.900305,0.107924]
				],
		"#2-10": [
					[0.716744,0,-0.128153],
					[0.542239,0,-0.294006],
					[1,0,-0.842229],
					[-0.702364,-0,1]
				]
		}
	]
}
