{
	"width": 1497,
	"height": 1014,
	"linearGradients": [
		{
		"#1-1": [
					[0.158666,0.0546581,0.260112],
					[0.273019,0.0940513,0.352416],
					[0.215164,0.0741211,0.578316],
					[0.00945472,0.00325702,0.99]
				],
		"#1-2": [
					[0.0125445,0.00785991,0.339715],
					[-0.245618,-0.153895,0.510088],
					[-0.847402,-0.530951,0.756079],
					[0.00847402,0.00530951,1]
				],
		"#1-3": [
					[-0.124037,-0,0.356015],
					[-0.462831,-0,0.470397],
					[-1,-0,0.635788],
					[0.01,0,1]
				],
		"#1-4": [
					[0.399265,0.122776,0.231356],
					[0.370918,0.114059,0.339628],
					[0.351777,0.108173,0.573481],
					[0.00858459,0.00263981,0.99]
				],
		"#1-5": [
					[-0.0390646,-0,0.424362],
					[-0.201486,-0,0.534579],
					[-1,-0,0.812467],
					[0,0,1]
				],
		"#1-6": [
					[-0.193049,-0.178466,0.400191],
					[-0.23923,-0.221158,0.468209],
					[-0.255274,-0.23599,0.335913],
					[0,0,0.990004]
				],
		"#1-7": [
					[-0.204061,-0.0114372,0.520475],
					[-0.280229,-0.0157062,0.625612],
					[-0.998433,-0.05596,0.9908],
					[0.00998433,0.0005596,1]
				],
		"#1-8": [
					[-0.179043,-0.289221,0.432614],
					[-0.314164,-0.507491,0.588534],
					[-0.526358,-0.850263,0.756113],
					[0.00526358,0.00850263,1]
				],
		"#1-9": [
					[-0.426799,0.248572,0.405057],
					[-0.347831,0.20258,0.502174],
					[-0.52677,0.306796,0.642531],
					[-0,0,0.990005]
				],
		"#1-10": [
					[-0.263706,0.588901,0.191447],
					[-0.199814,0.446219,0.335938],
					[-0.0559582,0.124965,0.692448],
					[-0,0,0.99]
				],
		"#1-11": [
					[1,0,0.0927637],
					[0.676676,0,0.27864],
					[-0.207927,-0,0.713407],
					[6.59798e-05,0,1]
				],
		"#1-12": [
					[0.17202,0.0238968,0.234776],
					[0.129191,0.017947,0.287134],
					[0.343546,0.0477252,0.0488593],
					[0.00990488,0.00137598,0.99]
				],
		"#1-13": [
					[1,0,-0.100095],
					[1,0,-0.0731504],
					[0.652157,0,-0.0782645],
					[0,0,1]
				],
		"#1-14": [
					[0.627002,0.779018,-0.421788],
					[0.627002,0.779018,-0.393325],
					[0.49198,0.61126,-0.382568],
					[0,0,1]
				],
		"#1-15": [
					[0.383243,0.0787481,0.285148],
					[0.402637,0.0827332,0.371282],
					[0.556851,0.114421,0.50296],
					[5.96066e-08,1.22479e-08,1]
				],
		"#1-16": [
					[0.370578,0.0610485,0.304125],
					[0.404489,0.066635,0.382658],
					[0.39706,0.0654111,0.60314],
					[0,0,0.99]
				],
		"#1-17": [
					[-0.710417,-0.362354,0.912288],
					[-0.720489,-0.367491,0.951524],
					[-0.890814,-0.454367,0.999436],
					[0.00890814,0.00454367,1]
				],
		"#1-18": [
					[0.177034,0.984205,-0.268145],
					[0.177034,0.984205,-0.24187],
					[0.177034,0.984205,-0.361478],
					[0,0,1]
				],
		"#1-19": [
					[-0.0721904,0.997391,-0.339231],
					[-0.0721904,0.997391,-0.310643],
					[-0.0721904,0.997391,-0.408677],
					[-0,0,1]
				],
		"#1-20": [
					[-0.415986,-0.76985,0.90709],
					[-0.385364,-0.71318,0.919313],
					[-0.475385,-0.879778,0.995935],
					[0.00475385,0.00879778,1]
				],
		"#1-21": [
					[0.777677,0,-0.188052],
					[0.74036,0,-0.137877],
					[0.927328,0,-0.339175],
					[0.01,0,0.99]
				],
		"#1-22": [
					[0.410239,0.05271,0.303576],
					[0.428311,0.0550321,0.390694],
					[0.414288,0.0532304,0.605521],
					[0,0,0.994099]
				],
		"#1-23": [
					[0.273339,0.961918,-0.490181],
					[0.273339,0.961918,-0.464821],
					[0.273339,0.961918,-0.540506],
					[0.000156085,0.000549284,1]
				],
		"#1-24": [
					[-0.929271,-0.369399,0.975042],
					[-0.906756,-0.360449,1],
					[-0.929271,-0.369399,0.878352],
					[0.00929271,0.00369399,1]
				],
		"#1-25": [
					[-0.0898618,0.642968,-0.118943],
					[-0.0998325,0.71431,-0.13123],
					[-0.112695,0.806345,-0.286643],
					[-0,0,1]
				],
		"#1-26": [
					[0.784231,0.232031,-0.0261232],
					[0.606752,0.17952,0.202435],
					[0.316155,0.0935408,0.616165],
					[0.000158691,4.69519e-05,1]
				],
		"#1-27": [
					[0.0533498,0.0375631,0.499276],
					[0.212611,0.149697,0.483187],
					[0.296615,0.208843,0.581981],
					[0.00817658,0.00575705,0.99]
				],
		"#1-28": [
					[0.998316,0.058006,-0.399461],
					[0.998316,0.058006,-0.376978],
					[0.998316,0.058006,-0.445472],
					[0.000938201,5.4513e-05,1]
				],
		"#1-29": [
					[-0.0518705,-0.21334,0.614283],
					[-0.0948896,-0.390275,0.74257],
					[-0.236253,-0.971692,1],
					[0.00236253,0.00971692,0.999756]
				],
		"#1-30": [
					[0.649931,0,0.45653],
					[0.603782,0,0.504797],
					[0.435424,0,0.639749],
					[0.000167662,0,1]
				],
		"#1-31": [
					[0.966386,0.257096,-0.365836],
					[0.966386,0.257096,-0.338338],
					[0.966386,0.257096,-0.354516],
					[0.00966386,0.00257096,1]
				],
		"#1-32": [
					[-0.0701756,0.267614,0.72441],
					[-0.0676973,0.258163,0.736153],
					[-0.0951247,0.362757,0.662374],
					[-0,0,0.99]
				],
		"#1-33": [
					[0.379131,0,0.0885858],
					[0.414424,0,0.0919413],
					[1,0,-0.439568],
					[0.00010108,0,1]
				],
		"#1-34": [
					[-0.160022,-0.987113,0.908561],
					[-0.160022,-0.987113,0.956012],
					[-0.160022,-0.987113,1],
					[0.00160022,0.00987113,1]
				],
		"#1-35": [
					[0.281399,0,0.796339],
					[0.248377,0,0.811129],
					[0.263215,0,0.794058],
					[0,0,0.99]
				],
		"#1-36": [
					[-0.154501,-0.0355932,1],
					[-0.156696,-0.036099,1],
					[-0.0433883,-0.0099956,0.88122],
					[0.00974475,0.00224495,0.99]
				],
		"#1-37": [
					[-0.0355254,-0,0.826301],
					[-0.186139,-0,0.985297],
					[-0.140147,-0,1],
					[0.01,0,0.991293]
				],
		"#1-38": [
					[0.358205,0.125877,0.469667],
					[0.348048,0.122308,0.4955],
					[0.441137,0.15502,0.404832],
					[0,0,0.998824]
				],
		"#1-39": [
					[0.0487093,0.0259996,0.763974],
					[0.0360072,0.0192196,0.784509],
					[0.102346,0.0546291,0.70945],
					[0.003089,0.00164882,0.990001]
				],
		"#1-40": [
					[-0.2564,-0.112778,1],
					[-0.236002,-0.103805,0.992101],
					[-0.271376,-0.119364,1],
					[0.00915366,0.00402623,0.99]
				],
		"#1-41": [
					[0.0240723,0.000449651,0.780371],
					[-0.0730998,-0.00136545,0.880614],
					[-0.200854,-0.00375179,1],
					[0.0096647,0.000180529,0.99]
				],
		"#1-42": [
					[-0.374323,-0,1],
					[-0.346608,-0,1],
					[-0.423054,-0,1],
					[0.01,0,0.99]
				],
		"#1-43": [
					[-0.318462,-0.409959,1],
					[-0.303241,-0.390365,1],
					[-0.405135,-0.521533,1],
					[0.00613467,0.00789721,0.99]
				],
		"#1-44": [
					[0.228261,0.138471,0.222428],
					[0.215168,0.130528,0.291196],
					[0.106852,0.06482,0.0548936],
					[0.00721181,0.00437493,0.990311]
				],
		"#1-45": [
					[0.0392549,-0.0125781,0.518619],
					[0.0976262,-0.0312815,0.522706],
					[-0.0659347,0.0211268,0.275151],
					[-0.00952308,0.00305139,1]
				],
		"#1-46": [
					[0.12485,0.0217483,0.372472],
					[0.103742,0.0180713,0.44028],
					[0.0414581,0.0072218,0.156435],
					[0,0,1]
				]
		},
		{
		"#2-1": [
					[0.208332,0.0710358,0.0729109],
					[0.181076,0.0617422,0.120392],
					[0.322986,0.11013,-0.121126],
					[0.42369,0.144467,0.663316]
				],
		"#2-2": [
					[0.145097,0.104204,0.10975],
					[0.0786967,0.0565174,0.197139],
					[0.312044,0.2241,-0.147632],
					[0.323688,0.232462,0.668181]
				],
		"#2-3": [
					[0.0825852,-0.517417,0.239578],
					[0.083363,-0.52229,0.269135],
					[0.107363,-0.672654,0.277522],
					[-0.157615,0.987501,0.407153]
				]
		}
	]
}
