{
	"width": 640,
	"height": 491,
	"linearGradients": [
		{
		"#1-1": [
					[0.358838,0.00634173,0.842416],
					[0.35471,0.00626877,0.847199],
					[0.343311,0.00606732,0.861541],
					[0.00634609,0.000112154,0.99]
				],
		"#1-2": [
					[-0.0995825,-0,0.849829],
					[-0.0384519,-0,0.850111],
					[-0.0570246,-0,0.861105],
					[0.01,0,0.992205]
				],
		"#1-3": [
					[0.78005,0.0677272,0.535898],
					[0.996252,0.0864987,0.487411],
					[0.884849,0.0768262,0.513627],
					[0,0,1]
				],
		"#1-4": [
					[-0.879907,0.475147,0.293154],
					[-0.879907,0.475147,0.275948],
					[-0.879907,0.475147,0.265703],
					[-0,0,1]
				],
		"#1-5": [
					[0.159476,0.144077,0.698007],
					[0.227556,0.205583,0.589224],
					[0.315355,0.284904,0.459228],
					[0,0,0.991524]
				],
		"#1-6": [
					[-0.0131137,-7.05675e-05,0.735868],
					[-0.00279623,-1.50471e-05,0.753443],
					[-0.0790746,-0.000425516,0.762014],
					[0.00999986,5.38113e-05,0.99]
				],
		"#1-7": [
					[-1,-0,0.449935],
					[-1,-0,0.433758],
					[-1,-0,0.425961],
					[0.01,0,1]
				],
		"#1-8": [
					[-0.360241,-0,0.165956],
					[-0.395625,-0,0.17394],
					[-0.553285,-0,0.209533],
					[0.01,0,0.998529]
				],
		"#1-9": [
					[0.412544,0.21842,0.641876],
					[0.432964,0.229232,0.652615],
					[0.447363,0.236855,0.654697],
					[0.00870239,0.00460746,0.99]
				],
		"#1-10": [
					[-0.336284,-0,0.603761],
					[-0.324543,-0,0.651927],
					[-0.289814,-0,0.609803],
					[0,0,0.990711]
				],
		"#1-11": [
					[-0.16912,0.468262,0.64281],
					[-0.152058,0.421019,0.67592],
					[-0.178171,0.493322,0.668027],
					[-0.00336029,0.00930401,0.990002]
				],
		"#1-12": [
					[-0.741464,-0.334768,0.349503],
					[-0.67518,-0.304841,0.322596],
					[-0.688717,-0.310953,0.326537],
					[0.00911411,0.00411498,0.991322]
				],
		"#1-13": [
					[0.26413,0.141354,0.460869],
					[0.191914,0.102706,0.546424],
					[0.423753,0.226779,0.337843],
					[0.0088168,0.00471847,0.99]
				],
		"#1-14": [
					[0.351379,0.0482506,0.55358],
					[0.353202,0.0485009,0.582133],
					[0.2986,0.0410031,0.57722],
					[0.00990703,0.00136041,0.99]
				],
		"#1-15": [
					[-0.173624,-0,0.545249],
					[-0.185695,-0,0.600146],
					[-0.122414,-0,0.548021],
					[0.01,0,0.991297]
				],
		"#1-16": [
					[0.542238,0.209901,-0.197038],
					[0.497755,0.192682,-0.180044],
					[0.427289,0.165404,-0.144951],
					[0.00563373,0.00218083,0.990307]
				],
		"#1-17": [
					[-0.0624423,-0.0280572,0.106959],
					[-0.0639275,-0.0287245,0.102809],
					[-0.0838486,-0.0376757,0.112768],
					[0.00901101,0.00404892,0.990001]
				],
		"#1-18": [
					[0.889839,0.456275,0.0519579],
					[0.889839,0.456275,0.000459881],
					[0.889839,0.456275,-0.257869],
					[0,0,1]
				],
		"#1-19": [
					[1,0,0.292552],
					[1,0,0.225885],
					[1,0,-0.0745458],
					[0,0,1]
				],
		"#1-20": [
					[0.487884,0.339715,0.083643],
					[0.519029,0.361402,0.0718735],
					[0.531884,0.370352,0.0244476],
					[0,0,1]
				],
		"#1-21": [
					[-0.336565,-0,0.290811],
					[-0.335443,-0,0.287987],
					[-0.345904,-0,0.29053],
					[0,0,0.990001]
				],
		"#1-22": [
					[-0.192407,-0.268862,1],
					[-0.230456,-0.322031,1],
					[-0.240684,-0.336323,0.965874],
					[0.00572431,0.00799893,0.995103]
				],
		"#1-23": [
					[-0.800752,-0,1],
					[-1,-0,0.994472],
					[-1,-0,0.928998],
					[0.01,0,1]
				],
		"#1-24": [
					[0.19527,0.120722,0.294385],
					[0.207736,0.128429,0.342925],
					[0.1825,0.112827,0.361296],
					[0.00850575,0.00525854,0.99]
				],
		"#1-25": [
					[-0.478258,-0.142231,0.53071],
					[-0.514879,-0.153122,0.532095],
					[-0.559003,-0.166244,0.555391],
					[0.00958511,0.00285055,0.992363]
				],
		"#1-26": [
					[0.123057,0.0502789,0.247325],
					[0.134105,0.0547929,0.295918],
					[0.17623,0.0720045,0.254517],
					[0.00925712,0.00378229,0.99]
				],
		"#1-27": [
					[-0.25829,-0.151496,0.564363],
					[-0.249141,-0.14613,0.608732],
					[-0.16983,-0.0996116,0.509271],
					[0.00862574,0.00505931,0.990055]
				],
		"#1-28": [
					[-0.236972,-0.115483,0.636043],
					[-0.199961,-0.0974462,0.648011],
					[-0.106722,-0.0520083,0.489424],
					[0.00898938,0.00438076,0.99]
				],
		"#1-29": [
					[0.11356,0.0482918,0.237762],
					[0.149729,0.0636724,0.269005],
					[0.176164,0.074914,0.239287],
					[0.00920247,0.00391337,0.99]
				],
		"#1-30": [
					[0.19833,0.078872,0.269373],
					[0.230421,0.0916338,0.295721],
					[0.170675,0.067874,0.232495],
					[0.00929218,0.00369532,0.99]
				],
		"#1-31": [
					[-0.101036,-0.994883,1],
					[-0.101036,-0.994883,0.944577],
					[-0.101036,-0.994883,0.831542],
					[0.00101036,0.00994883,1]
				],
		"#1-32": [
					[0.169518,0.0829667,0.187239],
					[0.159988,0.0783027,0.252414],
					[0.159645,0.0781347,0.199293],
					[0.00898193,0.00439601,0.99]
				],
		"#1-33": [
					[0.553817,0.300497,-0.114918],
					[0.349489,0.18963,0.132612],
					[0.0592412,0.0321439,0.304014],
					[0.000204961,0.00011121,1]
				],
		"#1-34": [
					[-0.112298,-0.105042,0.299062],
					[-0.174675,-0.163389,0.372339],
					[-0.198978,-0.186122,0.38714],
					[0.00730307,0.00683119,0.99]
				],
		"#1-35": [
					[-0.0307985,-0.049679,0.578369],
					[-0.0243424,-0.0392651,0.599007],
					[-0.0358608,-0.0578446,0.327817],
					[0,0,0.99]
				],
		"#1-36": [
					[0.368603,0.184292,0.207904],
					[0.345436,0.172708,0.251027],
					[0.243546,0.121766,0.175963],
					[0,0,1]
				],
		"#1-37": [
					[0.239825,0.0196725,0.306462],
					[0.073823,0.00605559,0.48033],
					[-0.21402,-0.0175557,0.43084],
					[0.00996196,0.000817164,0.9901]
				],
		"#1-38": [
					[-0.0922382,0.377579,0.278315],
					[-0.10104,0.413611,0.246816],
					[-0.0889175,0.363986,-0.0390379],
					[-0.000707261,0.00289519,0.99]
				],
		"#1-39": [
					[0.249323,0.16006,0.264291],
					[0.231951,0.148908,0.304192],
					[0.112669,0.0723315,0.119987],
					[0.00356259,0.00228711,0.99]
				],
		"#1-40": [
					[0.216798,0.170153,0.298538],
					[0.231235,0.181484,0.319923],
					[0.126336,0.0991548,0.106412],
					[0.00786649,0.006174,0.99]
				],
		"#1-41": [
					[0.166171,0.125865,0.33149],
					[0.24167,0.183052,0.297514],
					[0.0747877,0.0566476,0.143709],
					[0.00797142,0.00603792,0.99]
				],
		"#1-42": [
					[0.281781,0.123611,0.129888],
					[0.198229,0.0869583,0.191492],
					[0.148198,0.0650107,0.114347],
					[2.18033e-06,9.56458e-07,1]
				],
		"#1-43": [
					[0.130815,0.053602,0.340438],
					[0.173176,0.0709596,0.348286],
					[0.0769769,0.0315417,0.161089],
					[0.00899749,0.00368677,0.99]
				],
		"#1-44": [
					[0.160255,0.12858,0.331694],
					[0.191298,0.153487,0.308884],
					[0.158577,0.127234,0.0725086],
					[0,0,0.99]
				]
		},
		{
		"#2-1": [
					[-0.424666,-0,0.790243],
					[-0.40811,-0,0.712637],
					[-0.719368,-0,0.773577],
					[0.45272,0,0.207505]
				],
		"#2-2": [
					[-0.00674852,0.121973,0.160622],
					[-0.0137223,0.248018,0.0706413],
					[0.0129242,-0.233592,0.109516],
					[-0.0506834,0.916054,0.410761]
				],
		"#2-3": [
					[0.0817961,0.0590424,-0.052789],
					[0.0926371,0.0668677,-0.0663164],
					[0.0850225,0.0613713,-0.0657616],
					[0.475674,0.343353,0.520945]
				],
		"#2-4": [
					[-0.000649263,-0.129352,0.0923554],
					[-0.000553711,-0.110315,0.0800984],
					[-0.000244644,-0.04874,0.031393],
					[0.00498168,0.992493,0.380438]
				],
		"#2-5": [
					[0.251643,0.895407,-0.0563309],
					[0.270556,0.962704,-0.160773],
					[0.270556,0.962704,-0.26732],
					[0.00223724,0.00796065,0.999258]
				]
		}
	]
}
