{
	"width": 851,
	"height": 1239,
	"linearGradients": [
		{
		"#1-1": [
					[-0.165476,-0.0419527,0.206009],
					[-0.369586,-0.0937004,0.487798],
					[-0.182849,-0.0463575,0.851967],
					[0,0,0.991044]
				],
		"#1-2": [
					[-0.0786559,-0.0174901,0.173232],
					[-0.167806,-0.0373137,0.414837],
					[-0.507666,-0.112886,0.973597],
					[0.0093006,0.0020681,0.99]
				],
		"#1-3": [
					[0.0477382,0,0.192272],
					[-0.166389,-0,0.472846],
					[-1,-0,0.871976],
					[0.01,0,0.997969]
				],
		"#1-4": [
					[-0.215814,0.34575,0.642822],
					[-0.203346,0.325776,0.559539],
					[-0.346059,0.554411,0.278457],
					[-0,0,0.992487]
				],
		"#1-5": [
					[0.99071,0.0176382,-0.0117776],
					[0.336629,0.00599319,0.543227],
					[-0.924071,-0.0164518,0.707483],
					[0,0,0.994692]
				],
		"#1-6": [
					[-0.119426,-0.0205528,0.211452],
					[-0.221736,-0.0381598,0.470204],
					[-0.522209,-0.08987,1],
					[0.00985513,0.00169603,0.990026]
				]
		},
		{
		"#2-1": [
					[-0.966941,-0.254999,0.555031],
					[-0.966941,-0.254999,0.888472],
					[-0.966941,-0.254999,0.182756],
					[-0.966941,-0.254999,0.834515]
				],
		"#2-2": [
					[0.994868,0.101182,0.544778],
					[0.994868,0.101182,0.544113],
					[0.994868,0.101182,0.571946],
					[0.994868,0.101182,0.463225]
				],
		"#2-3": [
					[0.226923,0.0224784,0.9275],
					[0.99513,0.0985747,0.598619],
					[0.99513,0.0985747,0.448591],
					[0.99513,0.0985747,0.411618]
				],
		"#2-4": [
					[-0.216327,-0,1],
					[-0.298333,-0,1],
					[0.565822,0,0.596738],
					[-0.600091,-0,1]
				],
		"#2-5": [
					[-0.293934,-0,0.184979],
					[-0.698276,-0,0.688688],
					[-0.269218,-0,1],
					[-0.245267,-0,0.910072]
				],
		"#2-6": [
					[0.120682,-0.271379,1],
					[0.393592,-0.885072,0.898906],
					[0.205389,-0.46186,0.312954],
					[0.327858,-0.737255,0.945658]
				],
		"#2-7": [
					[-0.0860435,-0,0.263782],
					[-0.611634,-0,0.864141],
					[-0.0730188,-0,0.0706406],
					[0.649104,0,0.240776]
				],
		"#2-8": [
					[0.00614879,0,1],
					[1,0,0.0608661],
					[1,0,-0.4113],
					[0.147797,0,0.699128]
				],
		"#2-9": [
					[0.58086,0.814004,-0.485513],
					[0.58086,0.814004,-0.329391],
					[-0.565414,-0.792359,1],
					[0.58086,0.814004,0.0783791]
				],
		"#2-10": [
					[-0.00276029,-0.999996,0.812854],
					[-0.00276029,-0.999996,1],
					[0.00276029,0.999996,-0.143907],
					[-0.00276029,-0.999996,1]
				],
		"#2-11": [
					[-0.105714,-0.0157738,0.115367],
					[-0.116447,-0.0173753,0.126763],
					[-0.156579,-0.0233636,0.173582],
					[0.989016,0.147574,-0.988451]
				]
		},
		{
		"#3-1": [
					[0.403731,0.914878,-0.195917],
					[-0.0863962,-0.195779,0.290967],
					[-0.403731,-0.914878,0.387965],
					[0.403731,0.914878,0.284804]
				],
		"#3-2": [
					[-0.406834,-0,0.728031],
					[-0.456538,-0,0.953086],
					[-0.113828,-0,0.0785469],
					[0.278896,0,0.519223]
				]
		}
	]
}
