{
	"width": 1497,
	"height": 1014,
	"linearGradients": [
		{
		"#1-1": [
					[0.373573,0.148675,0.228488],
					[0.316753,0.126061,0.345669],
					[0.316587,0.125995,0.562497],
					[0.00920704,0.00366422,0.990149]
				],
		"#1-2": [
					[0.184403,0.0943226,0.317035],
					[0.172954,0.0884666,0.414734],
					[0.357678,0.182953,0.501748],
					[0.00890293,0.00455388,0.99]
				],
		"#1-3": [
					[-0.0747796,-0.0371156,0.787819],
					[0.0474927,0.0235722,0.721297],
					[0.128648,0.0638521,0.731699],
					[0.00895737,0.00444584,0.99]
				],
		"#1-4": [
					[0.795131,0.548137,-0.146254],
					[0.823324,0.567572,-0.0854364],
					[0.656796,0.452773,0.139661],
					[0.000105086,7.2443e-05,1]
				],
		"#1-5": [
					[0.129715,0,0.473221],
					[0.23698,0,0.513442],
					[1,0,0.231133],
					[0.000908515,0,1]
				],
		"#1-6": [
					[0.202033,0.145649,0.637303],
					[0.177604,0.128038,0.658245],
					[0.286493,0.206537,0.629371],
					[0.00811182,0.00584794,0.99]
				],
		"#1-7": [
					[0.310069,0.126378,0.587539],
					[0.348475,0.142032,0.581528],
					[0.410351,0.167251,0.576999],
					[0.0067363,0.00274558,0.99]
				],
		"#1-8": [
					[-0.204942,-0.0883268,0.265025],
					[-0.280191,-0.120758,0.334672],
					[-0.353472,-0.152341,0.309851],
					[0.00918341,0.00395791,0.99]
				],
		"#1-9": [
					[1,0,0.0847088],
					[1,0,0.104823],
					[1,0,0.0609243],
					[0,0,1]
				],
		"#1-10": [
					[0.631066,0.775729,0.172507],
					[0.631066,0.775729,0.188506],
					[0.631066,0.775729,0.173189],
					[0,0,1]
				],
		"#1-11": [
					[0.309918,0.233553,0.361386],
					[0.31602,0.238151,0.39677],
					[0.375414,0.28291,0.433287],
					[0,0,0.998503]
				],
		"#1-12": [
					[0.811282,0,0.235656],
					[0.816588,0,0.258763],
					[1,0,0.157188],
					[9.43785e-06,0,1]
				],
		"#1-13": [
					[0.288404,0.106428,0.340221],
					[0.372225,0.13736,0.353486],
					[0.390555,0.144124,0.525709],
					[0.00420295,0.00155099,0.99]
				],
		"#1-14": [
					[0.2496,0.122776,0.565283],
					[0.28594,0.140651,0.574015],
					[0.384768,0.189264,0.571721],
					[0.00023209,0.000114163,0.99]
				],
		"#1-15": [
					[-0.321183,0.136955,0.974348],
					[-0.28207,0.120277,0.978753],
					[-0.289004,0.123234,1],
					[-0,0,0.990033]
				],
		"#1-16": [
					[0.0767563,0.0450901,0.0662485],
					[0.0764619,0.0449171,0.0784017],
					[0.271875,0.159712,-0.150855],
					[0,0,1]
				],
		"#1-17": [
					[0.114301,0.0788939,0.65585],
					[0.15398,0.106281,0.652734],
					[-0.295994,-0.204303,1],
					[0.00822993,0.00568052,0.99]
				],
		"#1-18": [
					[-0.65584,-0.0119141,0.877923],
					[-0.531544,-0.00965609,0.800746],
					[-0.508294,-0.00923372,0.747646],
					[0.00999835,0.000181631,0.991008]
				],
		"#1-19": [
					[-0.241369,-0,1],
					[-0.234689,-0,1],
					[-0.258952,-0,1],
					[0.01,0,0.99]
				],
		"#1-20": [
					[0.465197,0.164005,0.388078],
					[0.370827,0.130735,0.487646],
					[0.943106,0.332492,-0.016117],
					[0,0,1]
				],
		"#1-21": [
					[0.186722,0.403276,0.023022],
					[0.292243,0.631179,-0.19037],
					[0.326685,0.705565,-0.292079],
					[0,0,1]
				],
		"#1-22": [
					[6.56722e-05,-0.138501,0.794257],
					[-4.2228e-05,0.0890582,0.689712],
					[-0.000199228,0.420167,0.525154],
					[-1.39073e-06,0.00293303,0.990462]
				],
		"#1-23": [
					[-0.0722135,-0.0370329,0.227003],
					[-0.0661641,-0.0339306,0.233137],
					[0.176521,0.0905245,-0.0603811],
					[0.00878169,0.00450348,0.99]
				],
		"#1-24": [
					[0.179972,0,0.545716],
					[0.264874,0,0.520062],
					[0.383885,0,0.469558],
					[0,0,0.99]
				],
		"#1-25": [
					[0.256932,0.311909,0.382475],
					[0.245816,0.298415,0.447401],
					[0.276429,0.335578,0.451899],
					[0,0,0.992582]
				],
		"#1-26": [
					[-0.117807,-0.0371165,0.825071],
					[0.048255,0.0152033,0.679978],
					[-0.360894,-0.113704,1],
					[0.00953782,0.00300499,0.990025]
				],
		"#1-27": [
					[-0.486929,0.873442,0.510664],
					[-0.486929,0.873442,0.533672],
					[-0.475809,0.853495,0.352545],
					[-0,0,1]
				],
		"#1-28": [
					[0.167607,0,0.550289],
					[0.197507,0,0.538315],
					[-0.035375,-0,0.615424],
					[0.01,0,0.99]
				],
		"#1-29": [
					[-0.127832,0.991796,0.0432526],
					[-0.127832,0.991796,0.064979],
					[-0.127832,0.991796,-0.0943025],
					[-0.000292152,0.00226669,1]
				],
		"#1-30": [
					[0.128092,0.14677,0.454312],
					[0.100209,0.114821,0.527748],
					[0.291579,0.334095,0.0290477],
					[0,0,0.99]
				],
		"#1-31": [
					[0.205961,0.0730042,0.277632],
					[0.176344,0.0625063,0.357571],
					[0.112386,0.0398361,0.0799586],
					[0,0,0.992915]
				],
		"#1-32": [
					[0.204529,0.284836,0.232214],
					[0.123133,0.171481,0.369969],
					[0.0401881,0.0559678,0.11012],
					[0.00548304,0.00763593,0.99]
				],
		"#1-33": [
					[-0.108508,-0.0921595,0.532805],
					[-0.175811,-0.149322,0.656099],
					[-0.0814991,-0.0692197,0.231822],
					[0.00762191,0.00647352,0.99]
				],
		"#1-34": [
					[0.0633919,0.0588308,0.397335],
					[0.0821333,0.0762237,0.427494],
					[0.00146809,0.00136246,0.157418],
					[0.00732985,0.00680245,0.99]
				]
		},
		{
		"#2-1": [
					[0.280521,0.051946,0.280196],
					[0.393673,0.072899,0.359885],
					[0.506317,0.093758,0.582117],
					[0.455251,0.0843017,0.453432]
				],
		"#2-2": [
					[0.226733,0.166065,0.309672],
					[0.244049,0.178748,0.362099],
					[0.209257,0.153265,0.586516],
					[0.369167,0.270388,0.492438]
				],
		"#2-3": [
					[-0.361593,-0.0760977,0.529992],
					[-0.228,-0.0479829,0.569087],
					[0.844795,0.177788,0.326967],
					[0.261614,0.0550569,0.741129]
				],
		"#2-4": [
					[-0.411568,-0,0.488475],
					[-0.433123,-0,0.514019],
					[-0.397272,-0,0.263677],
					[-0.198373,-0,0.840911]
				],
		"#2-5": [
					[0.255321,0.677456,0.14595],
					[0.212291,0.563281,0.262319],
					[0.26518,0.703616,0.182893],
					[0.192866,0.51174,0.529514]
				],
		"#2-6": [
					[0.161937,0.151726,0.311489],
					[0.195116,0.182812,0.349527],
					[0.29958,0.280689,0.441886],
					[0.324642,0.30417,0.457224]
				],
		"#2-7": [
					[0.191316,0.109776,0.415777],
					[0.248543,0.142612,0.435233],
					[0.314503,0.18046,0.552869],
					[0.389743,0.223632,0.537172]
				],
		"#2-8": [
					[0.0440902,0.0220655,0.552779],
					[0.106034,0.0530661,0.564638],
					[0.43978,0.220093,0.507274],
					[0.33901,0.169662,0.596147]
				],
		"#2-9": [
					[0.523875,0.178778,0.302666],
					[0.536763,0.183176,0.348095],
					[0.489789,0.167146,0.511332],
					[0.521798,0.178069,0.523895]
				],
		"#2-10": [
					[-0.166346,-0.0575273,0.681688],
					[0.0680178,0.0235225,0.610169],
					[0.334929,0.115828,0.596428],
					[-0.209114,-0.0723177,0.80807]
				],
		"#2-11": [
					[0.196244,0.0912396,0.318118],
					[0.327643,0.152331,0.330958],
					[0.506604,0.235535,0.430871],
					[0.460436,0.21407,0.533116]
				],
		"#2-12": [
					[0.262257,0.331589,0.165868],
					[0.311308,0.393606,0.196985],
					[0.0944668,0.11944,0.523748],
					[0.324817,0.410687,0.461106]
				],
		"#2-13": [
					[-0.969772,-0.244013,0.79711],
					[-0.969772,-0.244013,0.815691],
					[-0.969772,-0.244013,0.563175],
					[0.969772,0.244013,0.399066]
				],
		"#2-14": [
					[0.748477,0.309874,0.166174],
					[0.707209,0.292789,0.255375],
					[0.923947,0.38252,0.0671731],
					[0.412672,0.170849,0.589657]
				],
		"#2-15": [
					[-0.483663,-0,1],
					[0.0127946,0,0.780429],
					[0.310768,0,0.583376],
					[-0.575871,-0,0.68525]
				]
		}
	]
}
