{
	"width": 1497,
	"height": 1014,
	"linearGradients": [
		{
		"#1-1": [
					[0.23377,0.0534627,0.264167],
					[0.364537,0.0833691,0.354964],
					[0.372927,0.0852878,0.577633],
					[0.00647836,0.00148159,0.993463]
				],
		"#1-2": [
					[0.331763,0.0620564,0.288905],
					[0.360301,0.0673944,0.381046],
					[0.499419,0.0934165,0.591633],
					[0.00759061,0.00141982,0.998436]
				],
		"#1-3": [
					[0.289513,0.132054,0.240857],
					[0.352545,0.160805,0.319103],
					[0.400973,0.182894,0.522461],
					[0.00909825,0.00414993,0.99]
				],
		"#1-4": [
					[0.465484,0.127948,0.227846],
					[0.441823,0.121444,0.334073],
					[0.39894,0.109657,0.559527],
					[0.00964237,0.00265041,0.992405]
				],
		"#1-5": [
					[0.303411,0.0718923,0.254242],
					[0.445923,0.10566,0.347206],
					[0.345995,0.0819823,0.574564],
					[0.00674605,0.00159845,0.992208]
				],
		"#1-6": [
					[0.434647,0.203418,0.227125],
					[0.447501,0.209434,0.327647],
					[0.437535,0.20477,0.532421],
					[0,0,0.999058]
				],
		"#1-7": [
					[0.391098,0.230032,0.230541],
					[0.383331,0.225463,0.323994],
					[0.249623,0.14682,0.55898],
					[0.00861959,0.00506978,0.99]
				],
		"#1-8": [
					[0.340299,0.162058,0.259679],
					[0.359858,0.171373,0.324675],
					[0.404756,0.192754,0.508992],
					[0.00902849,0.00429957,0.99]
				],
		"#1-9": [
					[0.836113,0.232866,0.155245],
					[0.75739,0.210941,0.262583],
					[0.468066,0.130361,0.426199],
					[0.00963336,0.00268299,0.990019]
				],
		"#1-10": [
					[0.497532,0.161722,0.226068],
					[0.49327,0.160336,0.306524],
					[0.506226,0.164548,0.513667],
					[0,0,1]
				],
		"#1-11": [
					[-0.0694749,-0.116477,0.429188],
					[-0.0754183,-0.126442,0.467814],
					[-0.0172631,-0.0289423,0.246997],
					[0.00512263,0.00858828,0.990144]
				],
		"#1-12": [
					[0.384197,0.116524,0.269298],
					[0.448611,0.13606,0.326065],
					[0.523084,0.158647,0.508051],
					[0,0,1]
				],
		"#1-13": [
					[0.370533,0.209373,0.223748],
					[0.385515,0.217838,0.326206],
					[0.338286,0.191151,0.552212],
					[0.00870622,0.00491952,0.99]
				],
		"#1-14": [
					[0.452934,0.513384,0.0709293],
					[0.365373,0.414137,0.216269],
					[0.171077,0.193909,0.572604],
					[0.000130291,0.00014768,1]
				],
		"#1-15": [
					[0.437027,0.185849,0.217921],
					[0.414779,0.176388,0.317883],
					[0.311786,0.13259,0.515828],
					[0,0,0.99658]
				],
		"#1-16": [
					[-0.939297,-0.343106,0.87184],
					[-0.939297,-0.343106,0.90684],
					[-0.939297,-0.343106,0.745666],
					[0.00939297,0.00343106,1]
				],
		"#1-17": [
					[0.227198,0.267248,0.282981],
					[0.239761,0.282025,0.318684],
					[0.271698,0.319593,0.42251],
					[0,0,0.999977]
				],
		"#1-18": [
					[0.404672,0.255242,0.26796],
					[0.422187,0.266289,0.349588],
					[0.451508,0.284783,0.522844],
					[0,0,1]
				],
		"#1-19": [
					[0.360212,0.118105,0.42136],
					[0.370358,0.121432,0.434408],
					[0.357912,0.117351,0.412174],
					[0.00950227,0.00311557,0.99]
				],
		"#1-20": [
					[0.131062,0.0715494,0.565038],
					[0.206756,0.112872,0.560946],
					[0.382203,0.208652,0.55585],
					[0,0,1]
				],
		"#1-21": [
					[0.206966,0.0695791,0.34594],
					[0.308116,0.103584,0.32617],
					[0.299756,0.100774,0.148041],
					[0.00947869,0.0031866,0.99]
				],
		"#1-22": [
					[1,0,0.0609639],
					[1,0,0.0779617],
					[1,0,0.050125],
					[0,0,1]
				],
		"#1-23": [
					[0.0488593,0.108106,0.595417],
					[0.0804622,0.178031,0.579054],
					[0.00491489,0.0108747,0.6395],
					[0.00411847,0.00911253,0.99]
				],
		"#1-24": [
					[0.107253,0.0373835,0.0711812],
					[0.116035,0.0404443,0.081607],
					[-0.060773,-0.0211826,0.142455],
					[0.00944284,0.00329133,0.99]
				],
		"#1-25": [
					[0.240996,0.251496,0.317276],
					[0.256458,0.267632,0.352461],
					[0.301563,0.314703,0.422187],
					[0.000665453,0.000694448,0.999022]
				],
		"#1-26": [
					[-0.989383,-0.145333,0.97331],
					[-0.981196,-0.144131,1],
					[-0.782105,-0.114886,0.683381],
					[0.00989383,0.00145333,0.994605]
				],
		"#1-27": [
					[0.313397,0.131001,0.28965],
					[0.351098,0.14676,0.356241],
					[0.437697,0.182959,0.479806],
					[0,0,0.99]
				],
		"#1-28": [
					[0.340037,0.138155,0.339576],
					[0.420785,0.170963,0.371738],
					[0.343282,0.139473,0.564089],
					[0,0,1]
				],
		"#1-29": [
					[0.307952,0.134852,0.293639],
					[0.35422,0.155113,0.347281],
					[0.435889,0.190876,0.475333],
					[4.47552e-06,1.95983e-06,0.990003]
				],
		"#1-30": [
					[0.331837,0.135212,0.275271],
					[0.358829,0.14621,0.349415],
					[0.435249,0.177348,0.480399],
					[0,0,0.99]
				],
		"#1-31": [
					[0.325536,0.152505,0.26274],
					[0.362888,0.170003,0.325761],
					[0.436012,0.204259,0.457754],
					[0,0,0.996816]
				],
		"#1-32": [
					[0.596653,9.54153e-06,0.241344],
					[0.584213,9.34259e-06,0.253889],
					[0.552956,8.84274e-06,0.247236],
					[0,0,1]
				],
		"#1-33": [
					[0.176787,0.0424472,0.765856],
					[0.137292,0.0329641,0.807812],
					[-0.0732767,-0.0175939,0.99838],
					[6.31158e-05,1.51543e-05,1]
				],
		"#1-34": [
					[0.158837,0.105832,0.461359],
					[0.141779,0.0944663,0.489527],
					[0.155467,0.103587,0.467178],
					[0.00423525,0.00282193,0.99]
				],
		"#1-35": [
					[0.970326,0.170329,0.0309877],
					[0.826733,0.145123,0.163113],
					[0.782953,0.137438,0.186146],
					[0.000109294,1.91854e-05,1]
				],
		"#1-36": [
					[0.744073,0.668098,0.134603],
					[0.744073,0.668098,0.171537],
					[0.309776,0.278146,0.562186],
					[0.00248153,0.00222815,1]
				],
		"#1-37": [
					[-0.241941,-0,1],
					[-0.23607,-0,1],
					[-0.262448,-0,1],
					[0.01,0,0.99]
				],
		"#1-38": [
					[-0.14266,-0.137385,0.651382],
					[-0.0746757,-0.0719144,0.580551],
					[-0.0567041,-0.0546074,0.528703],
					[0.00720298,0.00693664,0.99]
				],
		"#1-39": [
					[0.362003,0.275443,0.356519],
					[0.479462,0.364816,0.248782],
					[0.751299,0.571653,-0.0487929],
					[0.000615907,0.000468635,1]
				],
		"#1-40": [
					[-0.00122709,-0.000822606,0.168444],
					[-0.0262252,-0.0175807,0.209249],
					[0.208748,0.139939,-0.0896314],
					[0.00428529,0.00287274,0.990546]
				],
		"#1-41": [
					[0.516031,0.646018,-0.0854903],
					[0.404745,0.506699,0.161233],
					[0.213184,0.266884,0.559105],
					[0.000454964,0.000569568,1]
				],
		"#1-42": [
					[-0.145664,-0.152714,1],
					[-0.135798,-0.14237,1],
					[-0.123945,-0.129943,0.976001],
					[0.00690208,0.00723611,0.99]
				],
		"#1-43": [
					[0.0535993,0.0657236,0.529628],
					[0.048624,0.0596228,0.559613],
					[0.0761998,0.0934363,0.355858],
					[0.00632005,0.00774965,0.99]
				],
		"#1-44": [
					[0.255274,0.11114,0.452379],
					[0.281692,0.122643,0.447124],
					[0.362579,0.157859,0.29426],
					[0,0,0.99]
				],
		"#1-45": [
					[0.275978,0.131279,0.178255],
					[0.237664,0.113054,0.271641],
					[0.207933,0.0989114,-0.0416641],
					[0,0,1]
				],
		"#1-46": [
					[0.236033,0.115037,0.217078],
					[0.208184,0.101464,0.299026],
					[0.206904,0.10084,-0.0599578],
					[0.000581605,0.000283461,0.992334]
				]
		},
		{
		"#2-1": [
					[0.189573,0.95683,-0.354808],
					[0.170707,0.861604,-0.190016],
					[0.178831,0.902611,-0.131627],
					[-0.0197306,-0.099586,0.878013]
				],
		"#2-2": [
					[-0.62322,-0.223298,0.616176],
					[-0.592219,-0.212191,0.595508],
					[-0.620014,-0.22215,0.573522],
					[0.941397,0.3373,-0.339172]
				],
		"#2-3": [
					[0.032756,0,0.0284493],
					[0.0321147,0,0.192543],
					[0.00669905,0,0.4312],
					[0.552111,0,-0.279398]
				]
		}
	]
}
