{
	"width": 1019,
	"height": 1015,
	"linearGradients": [
		{
		"#1-1": [
					[-0.0210646,-0,1],
					[-0.0340043,-0,1],
					[-0.0572029,-0,0.999817],
					[0,0,0.99]
				]
		},
		{
		"#2-1": [
					[0.0204149,0,0.322469],
					[-0.5844,-0,0.608792],
					[0.560661,0,-0.05616],
					[1,0,0.304964]
				],
		"#2-2": [
					[-0.217787,-0.204973,0.791126],
					[0.0396336,0.0373016,-0.00171166],
					[0.0146835,0.0138195,-0.0104349],
					[0.451194,0.424647,0.192085]
				],
		"#2-3": [
					[0.0188916,0,0.892227],
					[0.496628,0,0.328005],
					[1,0,-0.300645],
					[1,0,-0.0345029]
				],
		"#2-4": [
					[0.235802,0,0.313665],
					[-0.162935,-0,0.251601],
					[-0.0222966,-0,0.0265804],
					[1,0,-0.681289]
				]
		},
		{
		"#3-1": [
					[-0.0694932,-0.0638377,0.178461],
					[-0.160004,-0.146982,0.330587],
					[-0.156622,-0.143876,0.0938832],
					[0.736438,0.676505,0.0285495]
				],
		"#3-2": [
					[-0.158663,-0.0886079,0.992319],
					[0.873076,0.487583,0.0582781],
					[0.131871,0.0736456,0.2762],
					[0.765293,0.42739,0.436366]
				],
		"#3-3": [
					[0.146636,-0.0755486,1],
					[-0.540893,0.278674,0.942997],
					[-0.888953,0.457998,0.831675],
					[-0.888953,0.457998,0.78237]
				],
		"#3-4": [
					[-0.30732,-0.431995,1],
					[0.579679,0.814845,-0.174968],
					[-0.0501768,-0.0705327,0.204179],
					[0.3516,0.494239,0.523426]
				],
		"#3-5": [
					[0.0930878,0.0806401,0.942473],
					[0.595965,0.516273,0.576819],
					[0.103999,0.0900921,0.646331],
					[0.323343,0.280106,0.572379]
				],
		"#3-6": [
					[-0.769988,-0.599302,1],
					[-0.525093,-0.408694,0.458264],
					[-0.789142,-0.61421,0.444496],
					[0.789142,0.61421,0.00886807]
				],
		"#3-7": [
					[0.217112,0.0721177,0.866819],
					[0.270449,0.0898346,0.837602],
					[0.403412,0.134001,0.572265],
					[0.229138,0.0761122,0.348838]
				],
		"#3-8": [
					[-0.0026661,0.156238,0.873417],
					[-0.0170618,0.999854,0.0237725],
					[0.00625914,-0.366797,0.705884],
					[-0.00801817,0.46988,0.527127]
				],
		"#3-9": [
					[0.991774,0,0.583543],
					[1,0,0.583321],
					[1,0,0.371968],
					[1,0,0.384295]
				],
		"#3-10": [
					[-0.0369061,-0,0.303741],
					[0.0606798,0,-0.0358637],
					[-0.134027,-0,0.115723],
					[1,0,0.101627]
				],
		"#3-11": [
					[0.0759803,0.0399134,0.953647],
					[-0.0992464,-0.0521354,0.907051],
					[0.482092,0.253249,0.368702],
					[0.116453,0.0611742,0.68516]
				],
		"#3-12": [
					[0.126107,0.0765801,0.831352],
					[0.114206,0.0693526,0.890182],
					[0.282652,0.171644,0.698823],
					[-0.178505,-0.108399,0.761243]
				],
		"#3-13": [
					[-0.738495,0.674259,0.872773],
					[-0.738495,0.674259,0.542991],
					[-0.658158,0.60091,0.471311],
					[-0.193675,0.176829,0.599729]
				],
		"#3-14": [
					[-0.19498,-0.383098,0.999976],
					[0.270791,0.532051,-0.318737],
					[0.355548,0.698581,-0.505165],
					[0.146584,0.28801,0.477287]
				]
		}
	]
}
