{
	"width": 700,
	"height": 700,
	"linearGradients": [
		{
		"#1-1": [
					[-0.00524385,-0.00363918,1],
					[-0.00729812,-0.00506483,1],
					[-0.00614624,-0.00426543,1],
					[0,0,0.990006]
				],
		"#1-2": [
					[0.23351,0.0133419,0.877225],
					[0.30578,0.0174711,0.89463],
					[0.157435,0.00899523,0.866098],
					[0.001933,0.000110444,0.99]
				],
		"#1-3": [
					[0.520031,0,0.379142],
					[0.353169,0,0.577829],
					[0.429312,0,0.366493],
					[0,0,1]
				],
		"#1-4": [
					[-0.333974,-0,1],
					[-0.31158,-0,1],
					[-0.576126,-0,1],
					[0.00999137,0,0.99]
				],
		"#1-5": [
					[0.367118,0.221619,0.777878],
					[0.289231,0.174601,0.846563],
					[0.323772,0.195453,0.777999],
					[0,0,0.99]
				],
		"#1-6": [
					[0.16096,0.277362,0.773318],
					[0.322551,0.555813,0.521807],
					[0.348104,0.599846,0.483405],
					[0,0,0.99]
				],
		"#1-7": [
					[0.0526963,0.463114,0.607421],
					[0.0825275,0.725281,0.315269],
					[0.0918602,0.8073,0.254049],
					[0,0,0.999999]
				],
		"#1-8": [
					[-0.304705,-0.0415801,0.999917],
					[-0.990816,-0.135207,0.873273],
					[-0.990815,-0.135207,0.905098],
					[0.00990817,0.00135207,0.99995]
				],
		"#1-9": [
					[-0.495073,-0.0410958,0.971952],
					[-0.346126,-0.0287318,0.915338],
					[-0.87582,-0.0727014,0.933593],
					[0.00995691,0.000826519,0.999965]
				],
		"#1-10": [
					[-0.608472,-0,1],
					[-1,-0,0.620262],
					[-1,-0,0.698298],
					[0.01,0,1]
				],
		"#1-11": [
					[-0.649343,0.276414,1],
					[-0.920105,0.391673,0.993353],
					[-0.920105,0.391673,0.925946],
					[-0,0,1]
				],
		"#1-12": [
					[-0.0201345,-0.00456834,0.999886],
					[-0.090605,-0.0205575,1],
					[-0.0819536,-0.0185946,0.999914],
					[0.00975213,0.00221267,0.99]
				],
		"#1-13": [
					[0.39853,0.340576,0.784051],
					[0.428532,0.366216,0.747091],
					[0.434646,0.37144,0.736578],
					[0,0,0.99]
				],
		"#1-14": [
					[0.069401,-0.147132,0.669706],
					[-0.426615,0.904433,0.130993],
					[-0.426615,0.904433,0.0517388],
					[-0,0,1]
				],
		"#1-15": [
					[-0.00314165,0.578618,0.778075],
					[-0.0054295,0.999985,0.567141],
					[-0.0054295,0.999985,0.564488],
					[-3.77492e-05,0.00695252,1]
				],
		"#1-16": [
					[0.451255,0.0494369,0.404682],
					[0.188436,0.0206439,0.290739],
					[0.23369,0.0256018,0.219622],
					[0.00994052,0.00108903,0.99]
				],
		"#1-17": [
					[-0.41767,-1.0527e-05,1],
					[-1,-2.52042e-05,0.880138],
					[-1,-2.52042e-05,0.925079],
					[0.01,2.52042e-07,1]
				],
		"#1-18": [
					[0.0907536,0.395698,0.847339],
					[0.187016,0.815414,0.654478],
					[0.151152,0.659043,0.693613],
					[0,0,1]
				],
		"#1-19": [
					[0.110174,0.0318702,0.918321],
					[-0.195354,-0.0565105,0.789674],
					[-0.633979,-0.183392,0.885234],
					[0.00960616,0.00277879,0.99]
				],
		"#1-20": [
					[0.134864,0.355734,0.592356],
					[0.354495,0.935058,0.0425011],
					[0.215587,0.568658,0.232767],
					[8.35677e-07,2.20428e-06,1]
				],
		"#1-21": [
					[-0.0552523,-0.0198293,0.990308],
					[-0.298481,-0.107121,1],
					[-0.308502,-0.110717,0.999996],
					[0.00941221,0.00337792,0.991448]
				],
		"#1-22": [
					[0.429796,0.0704105,0.671532],
					[0.84047,0.137688,0.324889],
					[0.773353,0.126693,0.367896],
					[0.00986845,0.00161668,0.99]
				],
		"#1-23": [
					[0.872665,0.48832,0.280194],
					[0.872665,0.48832,-0.0574715],
					[-0.261838,-0.146517,0.692357],
					[0.000455621,0.000254953,1]
				],
		"#1-24": [
					[0.0424049,0.00815364,0.958671],
					[0.084281,0.0162056,0.880945],
					[0.0257079,0.00494313,0.815205],
					[0,0,0.991168]
				],
		"#1-25": [
					[0.21759,0.0942358,0.704847],
					[0.917637,0.397419,0.0294019],
					[0.917637,0.397419,-0.186035],
					[0.000824031,0.000356879,1]
				],
		"#1-26": [
					[0.230973,0.180512,0.776045],
					[0.135349,0.105779,0.720979],
					[0.161078,0.125888,0.742396],
					[0.00787917,0.00615781,0.99]
				],
		"#1-27": [
					[0.322911,0.337854,0.629048],
					[0.322997,0.337944,0.611038],
					[0.32846,0.343659,0.536905],
					[0,0,0.99]
				],
		"#1-28": [
					[0.440474,0.13722,0.683377],
					[0.411267,0.128121,0.689976],
					[0.423238,0.13185,0.621823],
					[0,0,0.99]
				],
		"#1-29": [
					[0.0501372,-0.0626015,0.893543],
					[-0.62512,0.780528,0.394499],
					[-0.0988151,0.123381,0.37153],
					[-0,0,1]
				],
		"#1-30": [
					[0.307108,0.0979876,0.732398],
					[0.791225,0.252453,0.362277],
					[0.719454,0.229553,0.42675],
					[1.05737e-06,3.3737e-07,1]
				],
		"#1-31": [
					[0.4967,0,0.482367],
					[0.653571,0,0.238774],
					[0.0189428,0,0.456716],
					[0.000101249,0,1]
				],
		"#1-32": [
					[-0.324118,-0.237999,1],
					[-0.462492,-0.339607,1],
					[-0.581285,-0.426836,1],
					[0.00806034,0.00591869,0.990004]
				],
		"#1-33": [
					[0.00767234,0.00520828,0.877549],
					[0.0664324,0.0450969,0.279685],
					[0.0462435,0.0313919,0.222726],
					[0.00827373,0.00561653,0.99]
				],
		"#1-34": [
					[-0.322855,0.283354,0.912642],
					[-0.655454,0.575261,0.787979],
					[-0.247697,0.217392,0.802842],
					[-0.00751588,0.00659633,0.99]
				],
		"#1-35": [
					[0.433988,0.134964,0.620944],
					[0.954891,0.296957,0.179998],
					[0.892237,0.277472,0.256626],
					[4.4931e-06,1.39729e-06,1]
				],
		"#1-36": [
					[-0.281983,-0.101227,1],
					[-0.405706,-0.145642,1],
					[-0.343467,-0.123299,1],
					[0.00941192,0.00337873,0.99]
				],
		"#1-37": [
					[-0.272768,0.96208,0.556415],
					[-0.272768,0.96208,0.439484],
					[-0.272768,0.96208,0.460925],
					[-0,0,1]
				],
		"#1-38": [
					[0.210933,0.446895,0.150236],
					[0.00819086,0.0173537,0.254209],
					[-0.0341274,-0.0723043,0.343102],
					[0.00426839,0.00904327,0.99]
				],
		"#1-39": [
					[0.386815,0.350118,0.418109],
					[0.433112,0.392023,0.287134],
					[0.371714,0.33645,0.390229],
					[5.19347e-05,4.70077e-05,1]
				],
		"#1-40": [
					[0.422605,0,0.523089],
					[0.335279,0,0.515072],
					[0.390282,0,0.523709],
					[0,0,0.99]
				],
		"#1-41": [
					[0.359062,0.189123,0.360432],
					[0.374742,0.197382,0.256086],
					[0.340932,0.179574,0.296792],
					[3.62886e-05,1.91137e-05,1]
				]
		},
		{
		"#2-1": [
					[-0.375152,-0,0.999948],
					[1,0,-0.271764],
					[1,0,-0.24399],
					[0.0087825,0,1]
				],
		"#2-2": [
					[-0.63019,-0.0564491,1],
					[-0.993123,-0.0889586,1],
					[-0.466291,-0.0417679,0.379502],
					[0.996012,0.0892175,-0.132839]
				],
		"#2-3": [
					[-0.0606947,-0.00173252,0.441391],
					[-0.253121,-0.00722528,0.176197],
					[-0.21958,-0.00626787,0.185591],
					[0.999593,0.0285331,-0.540711]
				],
		"#2-4": [
					[0.0313499,-0.237582,0.566821],
					[0.0340799,-0.258272,0.152961],
					[0.0319567,-0.242182,0.212793],
					[-0.13082,0.991406,-0.0671268]
				],
		"#2-5": [
					[0.190868,0.304978,0.417536],
					[0.244136,0.390093,0.13985],
					[0.278837,0.44554,0.082749],
					[0.162468,0.259599,0.647741]
				],
		"#2-6": [
					[0.181813,0.0877835,0.415093],
					[0.361527,0.174554,0.0205179],
					[0.130706,0.0631077,0.291311],
					[0.346551,0.167323,0.430769]
				],
		"#2-7": [
					[0.0107886,0.0125754,0.329458],
					[-0.024193,-0.0281999,0.0609573],
					[-0.0701061,-0.0817173,0.120786],
					[0.435314,0.507412,-0.015309]
				]
		}
	]
}
