{
	"width": 1000,
	"height": 730,
	"linearGradients": [
		{
		"#1-1": [
					[0.339447,0,0.999358],
					[0.339447,0,0.999358],
					[0.339447,0,0.999358],
					[0,0,0.99]
				],
		"#1-2": [
					[-0.00368434,-0.00273068,1],
					[-0.00465471,-0.00344987,1],
					[-0.00458336,-0.00339699,1],
					[0.00179146,0.00132775,0.990001]
				],
		"#1-3": [
					[-0.0431313,-0.0266431,1],
					[0.126909,0.0783945,0.858629],
					[0.270635,0.167177,0.761064],
					[0.0085077,0.00525538,0.990001]
				],
		"#1-4": [
					[0.00570311,0,0.995085],
					[-0.435949,-0,0.760032],
					[-0.305532,-0,0.144284],
					[0.00601478,0,1]
				],
		"#1-5": [
					[-0.000604315,0.00361106,0.994741],
					[-0.0944839,0.564586,0.458323],
					[-0.119677,0.715124,-0.104262],
					[-1.09959e-05,6.57058e-05,1]
				],
		"#1-6": [
					[0.0179486,0.167473,0.928227],
					[0.0397695,0.371077,0.846507],
					[0.0681433,0.635825,0.756971],
					[0,0,0.99]
				],
		"#1-7": [
					[0.0835154,0.0527127,0.944578],
					[-0.480458,-0.303252,1],
					[-0.845644,-0.533748,0.890501],
					[0.00845644,0.00533748,1]
				],
		"#1-8": [
					[0.0328082,0.0620207,0.963355],
					[-0.215922,-0.408179,0.802577],
					[-0.467595,-0.883943,0.487262],
					[0.00467595,0.00883943,0.996929]
				],
		"#1-9": [
					[0.0230922,0,0.98015],
					[0.285762,0,0.513352],
					[0.873219,0,-0.171702],
					[0.01,0,0.99]
				],
		"#1-10": [
					[0.00148455,0,0.995624],
					[-0.57834,-0,0.946867],
					[-1,-0,0.667578],
					[0.01,0,0.99876]
				],
		"#1-11": [
					[-0.0136802,-0.0225216,1],
					[-0.0394346,-0.0649207,0.62102],
					[0.0732596,0.120606,0.0111528],
					[0.00519155,0.0085468,0.992442]
				],
		"#1-12": [
					[-0.0307155,-0,1],
					[0.198878,0,0.579719],
					[0.712506,0,-0.162427],
					[0.01,0,0.99]
				],
		"#1-13": [
					[0.537898,0.0976967,0.777418],
					[0.619253,0.112473,0.461754],
					[0.847718,0.153968,0.0805486],
					[0,0,1]
				],
		"#1-14": [
					[0.00174674,0.0453141,0.974952],
					[0.0385187,0.999258,0.268385],
					[0.0372176,0.965504,-0.277973],
					[0.000370282,0.00960593,0.99896]
				],
		"#1-15": [
					[0.00335042,0.0157563,0.988571],
					[-0.179306,-0.843233,1],
					[0.0067173,0.0315899,-0.017373],
					[0.0020799,0.00978131,0.990534]
				],
		"#1-16": [
					[-0.130294,-0,1],
					[-0.374169,-0,0.542252],
					[0.00604649,0,-0.00204212],
					[0.01,0,0.990189]
				],
		"#1-17": [
					[-0.789352,-0,1],
					[-1,-0,0.933134],
					[-1,-0,0.623218],
					[0.01,0,0.998239]
				],
		"#1-18": [
					[0.123282,0.211986,0.597988],
					[0.174002,0.2992,0.110485],
					[0.285842,0.491511,-0.505573],
					[0,0,0.999941]
				],
		"#1-19": [
					[-0.15554,0.254979,0.281709],
					[-0.520768,0.853698,0.0480423],
					[-0.348331,0.571021,-0.24153],
					[-0.000738864,0.00121122,1]
				],
		"#1-20": [
					[0.147677,0.0963021,0.849999],
					[-0.0931514,-0.0607452,0.886663],
					[-0.474142,-0.309194,1],
					[0.00837634,0.00546231,0.99]
				],
		"#1-21": [
					[-0.615174,0.788391,0.445296],
					[-0.615174,0.788391,0.127534],
					[-0.558505,0.715766,-0.149362],
					[-0,0,1]
				],
		"#1-22": [
					[-0.736864,0.676041,0.632453],
					[-0.660623,0.606094,0.237291],
					[-0.206232,0.189209,-0.0243781],
					[-0,0,1]
				],
		"#1-23": [
					[-0.0153133,0.153222,0.950113],
					[-0.0586778,0.58712,0.445758],
					[-0.0269585,0.269743,-0.0223594],
					[-3.10635e-05,0.000310816,1]
				],
		"#1-24": [
					[-0.0173025,-0.0115664,0.995025],
					[-0.199342,-0.133257,1],
					[-0.65799,-0.439854,1],
					[0.00831353,0.00555745,0.99]
				],
		"#1-25": [
					[-0.015818,0.0552663,0.951609],
					[0.102924,-0.359604,0.969785],
					[0.275166,-0.961397,0.698236],
					[-0.00275166,0.00961397,1]
				],
		"#1-26": [
					[0.0556433,0.0343432,0.937205],
					[0.354254,0.218646,0.284648],
					[-0.13564,-0.0837171,0.132105],
					[0.00850967,0.00525218,0.99]
				],
		"#1-27": [
					[0.532686,0.846313,0.120811],
					[0.532686,0.846313,-0.291055],
					[0.116042,0.184363,0.0225387],
					[0.00019454,0.000309078,1]
				],
		"#1-28": [
					[0.248454,0.388742,0.57222],
					[0.538529,0.842607,0.0118706],
					[0.538529,0.842607,-0.0959904],
					[0.000338366,0.000529423,1]
				],
		"#1-29": [
					[0.00462984,0.00780122,0.987105],
					[-0.15222,-0.256489,1],
					[-0.42842,-0.721882,1],
					[0.00510365,0.00859958,0.99]
				],
		"#1-30": [
					[-0.00291056,-0,0.997196],
					[-0.430678,-0,1],
					[-0.999696,-0,0.820142],
					[0.0098202,0,0.99]
				],
		"#1-31": [
					[-0.0825795,-0.067859,1],
					[-0.576425,-0.473673,0.949871],
					[0.0418442,0.0343851,-0.0411355],
					[0.00772608,0.00634884,0.99]
				],
		"#1-32": [
					[0.568515,0,0.593176],
					[-0.293671,-0,0.999909],
					[-0.644671,-0,1],
					[0.01,0,0.990188]
				],
		"#1-33": [
					[-0.00363257,0.00199883,0.996994],
					[-0.390775,0.215025,0.80056],
					[-0.719375,0.395837,0.395864],
					[-0.00876123,0.00482088,0.99]
				],
		"#1-34": [
					[-0.000354162,-0.000772195,0.996067],
					[-0.0322705,-0.0703608,0.728026],
					[0.190124,0.414535,-0.286298],
					[0.00327195,0.00713397,0.991227]
				],
		"#1-35": [
					[-0.0029634,-0.00214482,1],
					[0.158307,0.114578,0.493918],
					[0.630957,0.456668,-0.617221],
					[4.97912e-05,3.60374e-05,1]
				],
		"#1-36": [
					[-0.0627101,-0.0496483,0.998311],
					[0.257525,0.203885,0.124292],
					[-0.0692305,-0.0548105,0.0852603],
					[0.00784029,0.00620724,0.990098]
				],
		"#1-37": [
					[-0.0136788,-0.00235439,0.99375],
					[0.985509,0.169626,-0.130953],
					[0.985509,0.169626,-0.638525],
					[0.000637948,0.000109804,1]
				],
		"#1-38": [
					[0.31612,0.121395,0.711753],
					[0.524284,0.201334,0.119985],
					[-0.156687,-0.0601704,0.144171],
					[0.00933533,0.00358492,0.990004]
				],
		"#1-39": [
					[0.0256723,0.00365779,0.899665],
					[0.443704,0.063219,0.353531],
					[0.607831,0.0866038,0.160009],
					[0.00990002,0.00141055,0.990001]
				],
		"#1-40": [
					[0.689861,0.000120414,0.192777],
					[0.920768,0.000160719,-0.144524],
					[1,0.000174549,-0.333729],
					[0.000138916,2.42477e-08,1]
				],
		"#1-41": [
					[0.0342267,0.0141878,0.724144],
					[-0.123805,-0.0513204,0.434509],
					[-0.0375045,-0.0155465,0.105021],
					[0.00923778,0.00382928,0.99]
				],
		"#1-42": [
					[0.335393,0.0342375,0.635109],
					[0.399552,0.0407871,0.563513],
					[0.368239,0.0375905,0.598496],
					[0.00467202,0.000476929,0.992672]
				],
		"#1-43": [
					[0.35682,0.0329726,0.614413],
					[0.402275,0.037173,0.56424],
					[0.379845,0.0351003,0.589013],
					[0.00381817,0.000352825,0.992391]
				],
		"#1-44": [
					[0.41404,0,0.582249],
					[0.413182,0,0.581798],
					[0.413618,0,0.582016],
					[0,0,0.99928]
				]
		},
		{
		"#2-1": [
					[0.00616278,0.0203662,0.968695],
					[-0.125213,-0.413793,0.900288],
					[-0.0439776,-0.145333,0.173089],
					[0.132785,0.438816,0.554423]
				],
		"#2-2": [
					[0.050633,-0.0866107,0.985025],
					[-0.135183,0.231238,0.66921],
					[-0.149202,0.255218,0.0494042],
					[0.127625,-0.218309,0.683156]
				],
		"#2-3": [
					[0.0256163,0.315567,0.00129012],
					[0.0657445,0.809906,-0.352016],
					[-0.0155079,-0.191042,0.202279],
					[-5.52243e-05,-0.000680308,1]
				],
		"#2-4": [
					[0.364647,0.171928,0.402592],
					[0.260415,0.122784,0.0947943],
					[0.215152,0.101443,-0.0211809],
					[0.443672,0.209188,0.49588]
				],
		"#2-5": [
					[0.187267,0,0.270845],
					[-0.234464,-0,0.272981],
					[-0.153769,-0,0.130957],
					[-0.80158,-0,1]
				]
		}
	]
}
