{
	"width": 700,
	"height": 700,
	"linearGradients": [
		{
		"#1-1": [
					[0.0358926,0.053466,0.936458],
					[0.0125331,0.0186695,0.978534],
					[0.0411888,0.0613552,0.922296],
					[0.00489139,0.00728625,0.99]
				],
		"#1-2": [
					[0.125569,0.796716,0.243518],
					[0.155687,0.987806,-0.353143],
					[0.149386,0.947828,-0.268981],
					[0,0,1]
				],
		"#1-3": [
					[-0.0149951,-0.00945548,0.99935],
					[-0.0493344,-0.0311088,1],
					[-0.050332,-0.0317378,0.999306],
					[0.00845874,0.00533383,0.990112]
				],
		"#1-4": [
					[-0.178134,-0.0166099,0.914706],
					[0.995681,0.0928414,-0.118905],
					[0.995681,0.0928414,-0.0498853],
					[0,0,1]
				],
		"#1-5": [
					[0.358779,0.273153,0.463102],
					[-0.612911,-0.466633,0.79125],
					[-0.585048,-0.44542,0.811069],
					[0,0,0.999918]
				],
		"#1-6": [
					[-0.435348,-0.134445,1],
					[-0.955475,-0.295072,0.765151],
					[-0.955475,-0.295072,0.836408],
					[0.00955475,0.00295072,0.998783]
				],
		"#1-7": [
					[-0.218519,-0.0213198,1],
					[-0.995274,-0.0971035,0.937345],
					[-0.995274,-0.0971035,1],
					[0.00995274,0.000971035,1]
				],
		"#1-8": [
					[-0.0463792,-0.0465238,0.986634],
					[-0.52712,-0.528763,1],
					[-0.532923,-0.534584,1],
					[0.00706005,0.00708206,0.99]
				],
		"#1-9": [
					[-0.194258,-0,1],
					[-1,-0,0.905967],
					[-1,-0,0.969119],
					[0.01,0,1]
				],
		"#1-10": [
					[0.578228,0.815875,-0.0199105],
					[0.578228,0.815875,-0.508152],
					[0.578228,0.815875,-0.507381],
					[0.00161032,0.00227214,1]
				],
		"#1-11": [
					[-0.483283,-0.207379,1],
					[-0.918967,-0.394334,0.64964],
					[-0.918967,-0.394334,0.729514],
					[0.00918967,0.00394334,1]
				],
		"#1-12": [
					[-0.413021,-0,0.946364],
					[-0.835607,-0,0.5665],
					[-0.948181,-0,0.686678],
					[0,0,1]
				],
		"#1-13": [
					[-0.187549,-0.00761117,1],
					[-0.999178,-0.0405489,0.891107],
					[-0.999178,-0.0405489,0.802408],
					[0.00999178,0.000405489,1]
				],
		"#1-14": [
					[-0.00651097,-0.00611869,1],
					[0.0515222,0.048418,0.916907],
					[-0.00741053,-0.00696406,0.895156],
					[0,0,0.99]
				],
		"#1-15": [
					[-0.00894026,-0.00529984,1],
					[-0.0308799,-0.0183058,1],
					[-0.0244307,-0.0144826,0.922375],
					[0.00612094,0.00362853,0.990006]
				],
		"#1-16": [
					[0.283434,0.558433,0.506935],
					[0.203031,0.400019,-0.0448164],
					[-0.176977,-0.348688,0.415362],
					[0.00452593,0.00891717,0.990486]
				],
		"#1-17": [
					[0.687252,0.0187331,0.332393],
					[0.853273,0.0232585,-0.382463],
					[0.92044,0.0250893,-0.356458],
					[0,0,1]
				],
		"#1-18": [
					[0.0146499,0,0.771548],
					[0.69072,0,-0.233071],
					[0.845606,0,-0.285391],
					[0,0,0.999864]
				],
		"#1-19": [
					[0.712583,0.103852,0.288379],
					[0.989546,0.144217,-0.4745],
					[0.989432,0.1442,-0.407372],
					[0,0,0.999287]
				],
		"#1-20": [
					[-0.250495,-0.415351,1],
					[-0.250024,-0.41457,0.638193],
					[-0.21579,-0.357805,0.684283],
					[0.00516442,0.00856322,0.996136]
				],
		"#1-21": [
					[-0.415885,-0.489305,1],
					[-0.292755,-0.344438,0.501637],
					[-0.434653,-0.511387,0.694546],
					[0.00647626,0.00761958,0.990008]
				],
		"#1-22": [
					[-0.0970088,-0.0882739,0.786265],
					[-0.202432,-0.184204,0.382192],
					[-0.196319,-0.178642,0.452036],
					[0.00739621,0.00673024,0.99]
				],
		"#1-23": [
					[0.290105,0.956995,0.0369183],
					[0.290105,0.956995,-0.325637],
					[0.290105,0.956995,-0.288572],
					[0,0,1]
				],
		"#1-24": [
					[-0.267298,-0,1],
					[-0.532285,-0,1],
					[-0.789458,-0,1],
					[0.01,0,0.990107]
				],
		"#1-25": [
					[-0.057644,-0.0522316,0.740627],
					[-0.307611,-0.278729,0.447441],
					[-0.367906,-0.333362,0.579505],
					[0.0074104,0.00671461,0.990024]
				],
		"#1-26": [
					[-0.0896817,-0.0756316,1],
					[-0.0519324,-0.0437963,0.478398],
					[-0.454774,-0.383526,1],
					[0.00764448,0.00644685,0.99]
				],
		"#1-27": [
					[0.092782,0.0530113,0.747404],
					[0.109526,0.0625779,0.643606],
					[-0.00815507,-0.00465942,0.788289],
					[0.00863832,0.00493553,0.99]
				],
		"#1-28": [
					[-0.121375,-0,1],
					[-0.649426,-0,1],
					[-0.799853,-0,1],
					[0.01,0,0.990224]
				],
		"#1-29": [
					[0.743448,0,0.174366],
					[0.937317,0,-0.0755722],
					[0.828238,0,0.0444831],
					[0.00149658,0,1]
				],
		"#1-30": [
					[-0.111846,-0.0564992,1],
					[0.291752,0.147379,0.0148916],
					[-0.0336131,-0.0169797,0.348788],
					[0.0089258,0.00450889,0.99]
				],
		"#1-31": [
					[0.0297632,0,0.903503],
					[0.13348,0,0.772704],
					[-0.000495614,-0,0.893517],
					[1.39215e-05,0,0.99]
				],
		"#1-32": [
					[0.0457666,0.0804672,0.730659],
					[0.0722375,0.127009,0.441185],
					[0.49439,0.86924,-0.594915],
					[0.000670326,0.00117857,1]
				],
		"#1-33": [
					[-0.285295,-0.113884,1],
					[-0.475626,-0.189861,1],
					[-0.464647,-0.185478,1],
					[0.00928739,0.00370734,0.99]
				]
		},
		{
		"#2-1": [
					[-0.230941,-0,0.160051],
					[-0.437296,-0,0.538358],
					[-0.598939,-0,0.189332],
					[1,0,0.181567]
				],
		"#2-2": [
					[-0.517329,-0.120145,1],
					[-0.974076,-0.226221,0.446322],
					[-0.974076,-0.226221,0.498858],
					[0.974076,0.226221,0.0970007]
				],
		"#2-3": [
					[0.0223656,0.99975,0.172491],
					[0.0223656,0.99975,-0.25243],
					[0.0223656,0.99975,-0.368623],
					[-0.0223656,-0.99975,0.872683]
				],
		"#2-4": [
					[-0.255465,-0.0921278,0.999735],
					[-0.940699,-0.339243,0.575601],
					[-0.940699,-0.339243,0.699846],
					[0.940699,0.339243,-0.00740286]
				],
		"#2-5": [
					[0.147225,0.0543195,0.893683],
					[-0.779846,-0.287728,0.353789],
					[-0.855015,-0.315462,0.368226],
					[0.93818,0.346146,-0.115554]
				],
		"#2-6": [
					[-0.815165,-0,1],
					[-0.861712,-0,0.293536],
					[-0.999804,-0,0.468673],
					[1,0,0.318798]
				],
		"#2-7": [
					[0.036595,0.0320374,0.956422],
					[0.448495,0.392639,-0.153405],
					[-0.647487,-0.566848,0.67382],
					[0.752406,0.6587,-0.169268]
				],
		"#2-8": [
					[0.112995,0.121311,0.774434],
					[-0.618158,-0.663652,0.342013],
					[-0.66852,-0.717721,0.58354],
					[0.681581,0.731743,0.0530465]
				],
		"#2-9": [
					[-0.254015,-0.0624138,1],
					[-0.971115,-0.238612,0.575559],
					[-0.971115,-0.238612,0.602868],
					[0.971115,0.238612,0.0603388]
				],
		"#2-10": [
					[-0.101463,-0,1],
					[-0.699297,-0,1],
					[-0.473019,-0,0.491108],
					[0.740353,0,-0.188841]
				],
		"#2-11": [
					[-0.378803,-0.0978629,0.941553],
					[0.0405403,0.0104735,-0.0126904],
					[-0.37633,-0.097224,0.334966],
					[0.968211,0.250135,0.178157]
				],
		"#2-12": [
					[0.5747,0.209702,0.241253],
					[0.939415,0.342783,-0.693264],
					[0.939415,0.342783,-0.608213],
					[-0.398773,-0.145508,1]
				],
		"#2-13": [
					[-0.15527,-0,1],
					[-0.218774,-0,0.400127],
					[1,0,-0.312406],
					[1,0,0.259206]
				],
		"#2-14": [
					[-0.2525,-0.740525,0.993483],
					[0.0897111,0.263102,0.246527],
					[0.0390067,0.114398,0.41582],
					[0.193089,0.566286,0.420902]
				],
		"#2-15": [
					[-0.322938,-0.104661,1],
					[-0.951288,-0.308303,0.74132],
					[-0.702051,-0.227528,0.524981],
					[0.951288,0.308303,0.112726]
				],
		"#2-16": [
					[0.371188,0.00655662,0.653558],
					[0.536441,0.00947561,0.48477],
					[0.310142,0.00547831,0.691085],
					[0.440482,0.00778061,0.308956]
				]
		}
	]
}
