{
	"width": 128,
	"height": 128,
	"linearGradients": [
		{
		"#1-1": [
					[-0.00561106,-0,1],
					[-0.00964178,-0,1],
					[-0.0132533,-0,1],
					[0.01,0,0.99]
				]
		},
		{
		"#2-1": [
					[-0.751169,-0,0.971575],
					[0.0569297,0,-0.0152574],
					[-0.0554542,-0,0.101809],
					[1,0,0.253199]
				],
		"#2-2": [
					[-0.493008,-0.133733,1],
					[-0.512013,-0.138888,0.341316],
					[-0.60164,-0.1632,0.445208],
					[0.965123,0.261799,0.0423458]
				],
		"#2-3": [
					[0.044615,-0.0651883,0.984781],
					[-0.564792,0.825234,0.48781],
					[-0.328807,0.480429,0.440415],
					[0.564792,-0.825234,0.87125]
				]
		},
		{
		"#3-1": [
					[1,0,0.174633],
					[0.167575,0,0.728956],
					[0.606134,0,0.350557],
					[0.797937,0,0.54382]
				],
		"#3-2": [
					[0.0523819,0.101177,0.942832],
					[0.102506,0.197992,0.909954],
					[0.116959,0.22591,0.886313],
					[0.161798,0.312516,0.64808]
				],
		"#3-3": [
					[-0.28817,-0,1],
					[0.242764,0,-0.117573],
					[-0.00129724,-0,-0.000803191],
					[0.867589,0,-0.169551]
				],
		"#3-4": [
					[0.770685,0.637216,-0.00704342],
					[0.770685,0.637216,-0.0694922],
					[0.770685,0.637216,-0.24098],
					[-0.173677,-0.1436,1]
				],
		"#3-5": [
					[-0.583554,-0,1],
					[-0.843425,-0,1],
					[1,0,-0.39637],
					[0.770498,0,0.25775]
				]
		},
		{
		"#4-1": [
					[0.100232,0.316585,0.22679],
					[-0.124152,-0.392137,0.73895],
					[0.143139,0.452111,-0.204255],
					[0.301836,0.95336,-0.215376]
				],
		"#4-2": [
					[0.545645,0,0.362533],
					[-1,-0,0.4326],
					[-1,-0,0.319687],
					[1,0,0.365572]
				],
		"#4-3": [
					[0.143418,0,0.907066],
					[0.146715,0,0.924079],
					[0.0212552,0,0.867073],
					[-0.00130007,-0,0.81246]
				]
		}
	]
}
