{
	"width": 1497,
	"height": 1014,
	"linearGradients": [
		{
		"#1-1": [
					[0.217878,0.0677826,0.2548],
					[0.316343,0.0984153,0.349461],
					[0.272942,0.084913,0.573507],
					[0.00954859,0.0029706,0.99]
				],
		"#1-2": [
					[0.012572,0.00788705,0.339702],
					[-0.245525,-0.15403,0.510124],
					[-0.847103,-0.531429,0.75621],
					[0.00847103,0.00531429,1]
				],
		"#1-3": [
					[-0.124305,-0,0.35604],
					[-0.463392,-0,0.47045],
					[-1,-0,0.635789],
					[0.01,0,1]
				],
		"#1-4": [
					[0.381252,0.120316,0.233915],
					[0.378654,0.119496,0.333699],
					[0.409955,0.129374,0.550744],
					[0.00380196,0.00119983,0.99]
				],
		"#1-5": [
					[-0.0388661,-0,0.424308],
					[-0.201227,-0,0.534509],
					[-1,-0,0.812467],
					[0,0,1]
				],
		"#1-6": [
					[-0.207165,-0.127075,0.381818],
					[-0.257691,-0.158067,0.446045],
					[-0.27323,-0.167598,0.311178],
					[0,0,0.99]
				],
		"#1-7": [
					[-0.207747,-0.0116608,0.521634],
					[-0.282528,-0.0158583,0.626343],
					[-0.998428,-0.0560416,0.990859],
					[0.00998428,0.000560416,1]
				],
		"#1-8": [
					[-0.178689,-0.289127,0.432486],
					[-0.313566,-0.507365,0.588326],
					[-0.525728,-0.850653,0.756016],
					[0.00525728,0.00850653,1]
				],
		"#1-9": [
					[-0.239313,0.33721,0.269466],
					[-0.194509,0.274078,0.392177],
					[-0.292691,0.412424,0.477751],
					[-0,0,0.99]
				],
		"#1-10": [
					[0.0472711,0.427578,0.261099],
					[0.0417004,0.37719,0.340903],
					[0.0305404,0.276245,0.540107],
					[3.70777e-06,3.35376e-05,1]
				],
		"#1-11": [
					[-0.176211,-0.0671675,0.36808],
					[-0.187453,-0.0714525,0.403589],
					[-0.107404,-0.0409399,0.21102],
					[0,0,0.992227]
				],
		"#1-12": [
					[1,0,0.0928396],
					[0.678037,0,0.278242],
					[-0.207072,-0,0.713179],
					[0.00530636,0,0.998314]
				],
		"#1-13": [
					[0.160876,0.0532574,0.231306],
					[0.120092,0.0397561,0.285034],
					[0.322839,0.106875,0.0407547],
					[0.00949333,0.00314273,0.99]
				],
		"#1-14": [
					[1,0,-0.0999775],
					[1,0,-0.073055],
					[0.649768,0,-0.0771188],
					[0,0,1]
				],
		"#1-15": [
					[0.658287,0.752767,-0.418078],
					[0.658287,0.752767,-0.389613],
					[0.444947,0.508807,-0.302009],
					[0,0,1]
				],
		"#1-16": [
					[0.365095,0.0878728,0.282509],
					[0.397523,0.0956775,0.361165],
					[0.528949,0.12731,0.501357],
					[0,0,0.997445]
				],
		"#1-17": [
					[0.35207,0.0692653,0.304182],
					[0.391332,0.0769897,0.378686],
					[0.451778,0.0888816,0.560515],
					[0,0,0.99]
				],
		"#1-18": [
					[-0.710582,-0.362647,0.912448],
					[-0.720537,-0.367728,0.951606],
					[-0.890708,-0.454575,0.999427],
					[0.00890708,0.00454575,1]
				],
		"#1-19": [
					[0.177543,0.984113,-0.268388],
					[0.177543,0.984113,-0.242125],
					[0.177543,0.984113,-0.361545],
					[0,0,1]
				],
		"#1-20": [
					[0.00925498,0.656898,-0.147137],
					[0.00794513,0.563928,-0.0532832],
					[0.0140875,0.999901,-0.457845],
					[1.21182e-06,8.60123e-05,1]
				],
		"#1-21": [
					[-0.427353,-0.764399,0.911895],
					[-0.396044,-0.708398,0.92387],
					[-0.487985,-0.872852,1],
					[0.00487985,0.00872852,1]
				],
		"#1-22": [
					[0.777939,0,-0.186742],
					[0.740614,0,-0.136619],
					[0.927584,0,-0.337734],
					[0.01,0,0.991961]
				],
		"#1-23": [
					[0.374108,0.0536098,0.317408],
					[0.399054,0.0571845,0.400669],
					[0.462339,0.0662533,0.57136],
					[0,0,0.990063]
				],
		"#1-24": [
					[-0.106815,-0.0591456,0.358529],
					[-0.161182,-0.0892495,0.430361],
					[0.0167955,0.00929999,0.15256],
					[0.00874839,0.00484415,0.99]
				],
		"#1-25": [
					[0.294324,0.839876,-0.428943],
					[0.297823,0.849861,-0.411396],
					[0.330718,0.94373,-0.560785],
					[0.00110608,0.00315629,1]
				],
		"#1-26": [
					[-0.929243,-0.369469,0.975172],
					[-0.906205,-0.360309,1],
					[-0.929243,-0.369469,0.878502],
					[0.00929243,0.00369469,1]
				],
		"#1-27": [
					[0.140052,0.207799,0.0339833],
					[0.15711,0.233107,0.036403],
					[0.23949,0.355336,-0.190472],
					[0,0,1]
				],
		"#1-28": [
					[0.63815,0.210786,0.0693682],
					[0.521689,0.172318,0.253411],
					[0.344786,0.113886,0.582961],
					[0.00022215,7.33781e-05,1]
				],
		"#1-29": [
					[0.0881903,0.0620737,0.478682],
					[0.232229,0.163457,0.471593],
					[0.316862,0.223026,0.570016],
					[0.00817746,0.00575579,0.99]
				],
		"#1-30": [
					[0.998222,0.0596121,-0.398523],
					[0.998222,0.0596121,-0.376094],
					[0.998222,0.0596121,-0.444418],
					[0.00370107,0.000221022,1]
				],
		"#1-31": [
					[-0.0520426,-0.214839,0.614434],
					[-0.095056,-0.392404,0.742792],
					[-0.235431,-0.971891,1],
					[0.00235431,0.00971891,0.999656]
				],
		"#1-32": [
					[0.516725,0,0.533827],
					[0.502642,0,0.563486],
					[0.454278,0,0.628811],
					[0.000266161,0,1]
				],
		"#1-33": [
					[0.966372,0.257148,-0.365862],
					[0.966372,0.257148,-0.338364],
					[0.966372,0.257148,-0.354542],
					[0.00966372,0.00257148,1]
				],
		"#1-34": [
					[0.0431416,0.227636,0.682349],
					[0.0425048,0.224276,0.690872],
					[0.0637448,0.336348,0.577417],
					[0,0,0.99]
				],
		"#1-35": [
					[0.366628,0,0.0971656],
					[0.400796,0,0.101277],
					[1,0,-0.439391],
					[0.000354616,0,1]
				],
		"#1-36": [
					[0.139415,0.0262742,0.563505],
					[0.00150974,0.000284527,0.706614],
					[-0.359509,-0.0677533,1],
					[0.00982701,0.001852,0.99]
				],
		"#1-37": [
					[0.375745,0.0372603,0.705056],
					[0.354907,0.0351939,0.713867],
					[0.36998,0.0366887,0.695387],
					[0,0,0.99]
				],
		"#1-38": [
					[0.128689,-0.932619,0.63036],
					[0.130352,-0.944672,0.656101],
					[0.136692,-0.990614,0.636802],
					[-0.00136692,0.00990614,0.999916]
				],
		"#1-39": [
					[-0.161095,-0.00938881,0.999745],
					[-0.0994665,-0.00579702,0.950416],
					[0.0298951,0.00174232,0.823572],
					[0.00998306,0.000581824,0.99006]
				],
		"#1-40": [
					[0.103848,0.0322729,0.717602],
					[0.0894182,0.0277886,0.738921],
					[0.1598,0.0496611,0.664249],
					[0.000183198,5.69326e-05,0.99]
				],
		"#1-41": [
					[-0.25624,-0.113426,1],
					[-0.235563,-0.104273,0.99187],
					[-0.271087,-0.119998,1],
					[0.00914418,0.00404772,0.99002]
				],
		"#1-42": [
					[0.151909,0,0.672275],
					[0.0988078,0,0.734398],
					[0.0220387,0,0.809653],
					[0.000572858,0,0.99]
				],
		"#1-43": [
					[-0.318572,-0.40918,1],
					[-0.302877,-0.389022,1],
					[-0.405285,-0.520557,1],
					[0.00614325,0.00789053,0.990089]
				],
		"#1-44": [
					[0.236735,0.13441,0.212635],
					[0.22636,0.12852,0.278807],
					[0.110477,0.0627254,0.0482941],
					[0.0035707,0.00202732,0.99]
				],
		"#1-45": [
					[-0.0973434,0.0121794,0.623862],
					[-0.0930919,0.0116475,0.662696],
					[-0.0284017,0.00355356,0.254245],
					[-0.00966745,0.00120957,1]
				],
		"#1-46": [
					[0.0632279,0.0274178,0.42515],
					[0.047796,0.020726,0.489536],
					[0.0233897,0.0101426,0.167702],
					[0.00083514,0.000362145,0.994715]
				]
		},
		{
		"#2-1": [
					[0.138954,0.0436006,0.199167],
					[0.11415,0.0358178,0.36183],
					[0.110326,0.0346178,0.529706],
					[0.252363,0.079186,0.0416801]
				],
		"#2-2": [
					[0.376636,0.158788,0.42671],
					[0.36585,0.15424,0.45423],
					[0.435681,0.183681,0.384432],
					[0.411977,0.173688,0.52001]
				],
		"#2-3": [
					[-0.400156,-0,0.419585],
					[-0.367334,-0,0.467472],
					[-0.793205,-0,0.684181],
					[1,0,-0.516729]
				]
		}
	]
}
