{
	"width": 640,
	"height": 491,
	"linearGradients": [
		{
		"#1-1": [
					[0.388842,0.0122455,0.841933],
					[0.377345,0.0118834,0.844481],
					[0.316232,0.00995885,0.858596],
					[0.00947025,0.000298239,0.991319]
				],
		"#1-2": [
					[-0.126945,-0,0.853882],
					[-0.103753,-0,0.857202],
					[-0.11658,-0,0.869127],
					[0.01,0,0.995763]
				],
		"#1-3": [
					[-0.289652,-0.143628,0.894049],
					[-0.115465,-0.0572551,0.829587],
					[-0.251777,-0.124847,0.890448],
					[0.00895905,0.00444247,0.99]
				],
		"#1-4": [
					[-0.748827,0.662765,0.18867],
					[-0.748827,0.662765,0.16843],
					[-0.748827,0.662765,0.168936],
					[-0,0,1]
				],
		"#1-5": [
					[0.977244,0.21212,0.412872],
					[0.977244,0.21212,0.349748],
					[0.977244,0.21212,0.274226],
					[0,0,1]
				],
		"#1-6": [
					[0.266309,0.590717,0.484965],
					[0.268761,0.596157,0.422001],
					[0.29629,0.657221,0.321758],
					[0,0,0.999998]
				],
		"#1-7": [
					[-0.194059,-0,0.755748],
					[-0.078222,-0,0.754429],
					[-0.306012,-0,0.788889],
					[0.00997,0,0.99984]
				],
		"#1-8": [
					[-1,-0,0.570868],
					[-1,-0,0.566174],
					[-1,-0,0.557699],
					[0.01,0,1]
				],
		"#1-9": [
					[0.772728,1.76478e-05,-0.101076],
					[0.763604,1.74394e-05,-0.0996117],
					[0.655584,1.49725e-05,-0.0745886],
					[0.00998108,2.27951e-07,0.999885]
				],
		"#1-10": [
					[0.0258659,0.0321681,0.661892],
					[0.0704129,0.0875691,0.674249],
					[0.0599753,0.0745883,0.672162],
					[0,0,0.999996]
				],
		"#1-11": [
					[-0.407384,-0,0.619675],
					[-0.364083,-0,0.660343],
					[-0.234347,-0,0.591702],
					[0,0,0.998663]
				],
		"#1-12": [
					[-0.948148,-0.113929,0.365975],
					[-0.901212,-0.108289,0.350258],
					[-0.992858,-0.119301,0.374247],
					[0.00991831,0.00119178,0.999945]
				],
		"#1-13": [
					[-0.123648,-0.0994664,0.703406],
					[-0.0800389,-0.0643859,0.709412],
					[-0.218946,-0.176127,0.792233],
					[0.00779181,0.00626799,0.990009]
				],
		"#1-14": [
					[-0.246483,-0,0.573763],
					[-0.228875,-0,0.618551],
					[-0.210977,-0,0.58539],
					[0,0,0.996641]
				],
		"#1-15": [
					[-0.108105,-0.0232775,0.175525],
					[-0.110197,-0.0237278,0.16947],
					[-0.105012,-0.0226114,0.161335],
					[0,0,0.991905]
				],
		"#1-16": [
					[0.501705,0,-0.0881683],
					[0.442778,0,-0.0748727],
					[0.364645,0,-0.0493341],
					[0.01,0,0.990026]
				],
		"#1-17": [
					[0.999996,0.0027594,0.243044],
					[0.999996,0.0027594,0.190625],
					[0.999996,0.0027594,-0.0772181],
					[0,0,1]
				],
		"#1-18": [
					[1,0,0.281207],
					[1,0,0.218462],
					[1,0,-0.0647769],
					[0,0,1]
				],
		"#1-19": [
					[-0.386073,-0,0.988218],
					[-0.426086,-0,0.981656],
					[-0.565991,-0,1],
					[0.01,0,0.99]
				],
		"#1-20": [
					[-0.210713,-0,0.19535],
					[-0.179338,-0,0.170569],
					[-0.20732,-0,0.184511],
					[0,0,0.992573]
				],
		"#1-21": [
					[-0.674006,-0.0527824,1],
					[-0.895583,-0.0701345,0.999989],
					[-0.996948,-0.0780725,0.986038],
					[0.00996948,0.000780725,1]
				],
		"#1-22": [
					[-0.505137,-0.413764,0.552761],
					[-0.427939,-0.35053,0.474273],
					[-0.424979,-0.348105,0.4679],
					[0,0,1]
				],
		"#1-23": [
					[0.122588,0.083607,0.339336],
					[0.113717,0.0775573,0.401371],
					[0.142137,0.0969399,0.385361],
					[0.0082615,0.0056345,0.99]
				],
		"#1-24": [
					[-0.999999,-0.00158567,0.779826],
					[-0.999999,-0.00158567,0.7563],
					[-0.999999,-0.00158567,0.74759],
					[0.00999999,1.58567e-05,1]
				],
		"#1-25": [
					[0.219064,0,0.260494],
					[0.12537,0,0.367418],
					[-0.572318,-0,0.767219],
					[0.01,0,0.990004]
				],
		"#1-26": [
					[-0.00380106,0.264059,0.3452],
					[-0.00294172,0.204361,0.402291],
					[-0.002655,0.184443,0.358871],
					[-0.000143932,0.00999896,0.99]
				],
		"#1-27": [
					[-0.389052,-0.138647,0.763008],
					[-0.412065,-0.146848,0.837195],
					[-0.351693,-0.125333,0.719889],
					[0.00941972,0.00335692,0.991343]
				],
		"#1-28": [
					[-0.0707848,-0.0706536,0.393039],
					[0.0658452,0.0657232,0.320435],
					[0.0223393,0.0222979,0.332583],
					[0.00707762,0.00706451,0.990001]
				],
		"#1-29": [
					[0.118834,0.0543801,0.231033],
					[0.124609,0.0570226,0.28969],
					[0.174338,0.0797791,0.236215],
					[0.00909313,0.00416113,0.99]
				],
		"#1-30": [
					[0.4805,0.115061,0.0926058],
					[0.231465,0.0554268,0.332513],
					[0.269797,0.0646059,0.137265],
					[0,0,0.999999]
				],
		"#1-31": [
					[0.358366,0.222767,-0.323093],
					[0.209191,0.130037,-0.162987],
					[0.0642184,0.0399194,-0.0164444],
					[0,0,1]
				],
		"#1-32": [
					[0.0828907,0.796855,-0.427026],
					[0.0564986,0.543139,-0.255036],
					[0.0285236,0.274207,-0.0783802],
					[0,0,0.999378]
				],
		"#1-33": [
					[0.161508,0.110055,0.372404],
					[0.155682,0.106085,0.40616],
					[0.328661,0.223956,0.100886],
					[0.0082638,0.00563112,0.990008]
				],
		"#1-34": [
					[0.240087,0,0.305213],
					[0.111293,0,0.454276],
					[0.0964713,0,0.176419],
					[0,0,0.999969]
				],
		"#1-35": [
					[0.0841729,0.0785042,0.413377],
					[0.0229695,0.0214226,0.537374],
					[-0.273339,-0.254931,0.731201],
					[0.00731303,0.00682053,0.990093]
				],
		"#1-36": [
					[0.148956,0.587969,0.179056],
					[0.220529,0.870489,-0.075475],
					[0.245579,0.969368,-0.257879],
					[0.00245581,0.00969376,0.990056]
				],
		"#1-37": [
					[0.198085,0.0385141,0.337239],
					[0.0599222,0.0116508,0.489031],
					[-0.0960307,-0.0186715,0.329713],
					[0.00981444,0.00190824,0.99]
				],
		"#1-38": [
					[0.0162745,0.044307,0.501701],
					[0.0658734,0.179339,0.328287],
					[0.0497894,0.135551,0.061472],
					[0.00226129,0.00615631,0.99]
				],
		"#1-39": [
					[0.247055,0.15006,0.270571],
					[0.200565,0.121823,0.339953],
					[0.103938,0.0631318,0.133513],
					[0.0085467,0.00519124,0.99]
				],
		"#1-40": [
					[0.0470625,0.203307,0.254798],
					[0.0343699,0.148476,0.334254],
					[0.0425487,0.183808,0.0449077],
					[4.60316e-05,0.000198854,0.99]
				],
		"#1-41": [
					[0.239658,0.199454,0.272899],
					[0.214453,0.178477,0.331694],
					[0.130874,0.108919,0.0987175],
					[0.00436784,0.00363511,0.99]
				],
		"#1-42": [
					[0.144228,0.124164,0.34731],
					[0.21458,0.184729,0.322304],
					[0.00527266,0.00453916,0.212327],
					[0.00757853,0.00652425,0.99]
				],
		"#1-43": [
					[0.662831,0,-0.157733],
					[0.483159,0,-0.0239207],
					[0.54085,0,-0.217987],
					[0.000404847,0,1]
				],
		"#1-44": [
					[-0.00866189,-0.00242563,0.491912],
					[0.121401,0.0339966,0.408883],
					[-0.0142998,-0.00400444,0.260555],
					[0.00962504,0.00269535,0.99]
				],
		"#1-45": [
					[-0.161467,-0.167725,0.828717],
					[-0.125001,-0.129845,0.791197],
					[-0.0923304,-0.0959084,0.43725],
					[7.25115e-07,7.53215e-07,0.990002]
				]
		},
		{
		"#2-1": [
					[0.432017,0.207518,0.35151],
					[0.14208,0.0682477,0.444054],
					[0.0940122,0.0451584,0.385445],
					[0.540607,0.259679,0.0637761]
				],
		"#2-2": [
					[-0.879898,-0.386197,0.964178],
					[-0.81901,-0.359473,0.867525],
					[-0.87314,-0.383231,0.740602],
					[0.915682,0.401903,0.0729747]
				],
		"#2-3": [
					[-0.196422,-0.0907069,0.461114],
					[-0.144988,-0.066955,0.277696],
					[-0.127241,-0.0587597,0.0844625],
					[0.90787,0.419252,-0.392011]
				],
		"#2-4": [
					[-0.250189,-0.968147,1],
					[-0.250187,-0.968137,0.927055],
					[-0.250201,-0.968194,0.787714],
					[0.250201,0.968194,0.209151]
				]
		}
	]
}
