{
	"width": 700,
	"height": 700,
	"linearGradients": [
		{
		"#1-1": [
					[0.000353664,0.000236265,1],
					[0.0002843,0.000189926,1],
					[-0.010738,-0.00717351,1],
					[0,0,1]
				],
		"#1-2": [
					[0.52132,0,0.378609],
					[0.354363,0,0.577388],
					[0.430626,0,0.365938],
					[0,0,0.999563]
				],
		"#1-3": [
					[-0.316118,-0.0436773,1],
					[-0.990589,-0.136868,0.877046],
					[-0.990589,-0.136868,0.908822],
					[0.00990589,0.00136868,0.999688]
				],
		"#1-4": [
					[-0.670094,-0,1],
					[-0.601717,-0,0.970155],
					[-1,-0,0.933847],
					[0.01,0,0.997772]
				],
		"#1-5": [
					[-0.611578,-0,1],
					[-1,-0,0.620436],
					[-1,-0,0.698454],
					[0.01,0,1]
				],
		"#1-6": [
					[-0.0212431,-0.016974,1],
					[-0.0454016,-0.0362775,1],
					[-0.0584543,-0.0467071,1],
					[0.00781236,0.00624236,0.99]
				],
		"#1-7": [
					[0.464738,-0.869748,0.80506],
					[-0.471277,0.881985,0.152466],
					[-0.471277,0.881985,0.0733809],
					[-0,0,1]
				],
		"#1-8": [
					[-0.00330971,0.578469,0.778162],
					[-0.00572141,0.999984,0.567225],
					[-0.00572141,0.999984,0.564572],
					[-3.99873e-05,0.00698895,1]
				],
		"#1-9": [
					[0.567811,0,0.407953],
					[-0.0473487,-0,0.376668],
					[0.237633,0,0.240207],
					[0.01,0,0.996323]
				],
		"#1-10": [
					[-0.0301963,-0.0975454,1],
					[-0.230209,-0.74366,1],
					[-0.291564,-0.94186,1],
					[0.00295716,0.00955276,0.994004]
				],
		"#1-11": [
					[0.0846023,0.287165,0.646458],
					[0.282602,0.959237,0.052882],
					[0.196093,0.665597,0.186572],
					[0.000300434,0.00101976,1]
				],
		"#1-12": [
					[-0.0834218,-0.0213173,1],
					[-0.330277,-0.0843978,1],
					[-0.342352,-0.0874832,1],
					[0.00968867,0.00247581,0.990112]
				],
		"#1-13": [
					[0.924446,0.381312,0.310913],
					[0.924446,0.381312,-0.0267122],
					[-0.631274,-0.260386,0.911664],
					[0.000619743,0.000255629,1]
				],
		"#1-14": [
					[0.216242,0.0941433,0.705598],
					[0.916876,0.399172,0.0287228],
					[0.916876,0.399172,-0.18665],
					[0.00113428,0.000493821,1]
				],
		"#1-15": [
					[0.0821682,0.36707,0.720599],
					[0.0957728,0.427846,0.657806],
					[0.128975,0.576172,0.480622],
					[2.06243e-05,9.21349e-05,1]
				],
		"#1-16": [
					[0.384775,0.0151348,0.798352],
					[0.299081,0.0117641,0.82797],
					[0.397598,0.0156392,0.717846],
					[0,0,0.99]
				],
		"#1-17": [
					[0.0491383,-0.0614328,0.893497],
					[-0.624633,0.780918,0.393892],
					[-0.0991963,0.124015,0.371405],
					[-0,0,1]
				],
		"#1-18": [
					[0.647453,0,0.399265],
					[1,0,0.0483932],
					[-0.243189,-0,0.597451],
					[0.01,0,0.990657]
				],
		"#1-19": [
					[-0.132271,-0.106547,1],
					[-0.0508973,-0.0409988,0.379611],
					[-0.191851,-0.15454,0.429681],
					[0.00778768,0.00627313,0.99]
				],
		"#1-20": [
					[-0.381886,-0,1],
					[1,0,-0.276074],
					[1,0,-0.248112],
					[0.000709685,0,1]
				],
		"#1-21": [
					[-0.426426,-0,1],
					[-0.670258,-0,1],
					[-0.881821,-0,1],
					[0.01,0,0.99]
				],
		"#1-22": [
					[-0.133177,-0,1],
					[-0.233882,-0,1],
					[-0.217905,-0,1],
					[0.01,0,0.99]
				],
		"#1-23": [
					[-0.0988313,0.462812,0.368849],
					[-0.00711789,0.033332,0.257163],
					[0.0121494,-0.0568937,0.301429],
					[-0.00208837,0.00977951,0.99]
				],
		"#1-24": [
					[0.394401,0.373303,0.402932],
					[0.547855,0.518548,0.149424],
					[0.380247,0.359906,0.374232],
					[4.06567e-05,3.84818e-05,1]
				],
		"#1-25": [
					[0.160676,0,0.421985],
					[0.125807,0,0.226194],
					[0.0947851,0,0.241426],
					[0,0,1]
				]
		},
		{
		"#2-1": [
					[0.191944,0.0808329,0.173269],
					[0.295134,0.124289,0.445274],
					[0.0906554,0.0381774,-0.0244071],
					[0.921611,0.388115,-0.253589]
				],
		"#2-2": [
					[0.275119,0.283749,0.185826],
					[-0.389527,-0.401746,0.690517],
					[-0.117139,-0.120813,0.0962394],
					[0.696104,0.717941,-0.442627]
				],
		"#2-3": [
					[0.317833,0.188721,0.408359],
					[0.274317,0.162882,0.685183],
					[0.244846,0.145383,0.32521],
					[0.512875,0.304531,-0.0973002]
				],
		"#2-4": [
					[0.00246373,0.286173,0.798664],
					[0.00658497,0.764874,0.438301],
					[0.00712412,0.827498,0.394895],
					[0.00328293,0.381327,0.452397]
				],
		"#2-5": [
					[-0.366027,0.562261,0.618722],
					[-0.545573,0.838064,0.3394],
					[-0.545573,0.838064,0.341068],
					[0.0708047,-0.108764,0.859159]
				],
		"#2-6": [
					[-0.13258,-0,0.599871],
					[-1,-0,0.60155],
					[-1,-0,0.279964],
					[1,0,-0.0926373]
				],
		"#2-7": [
					[0.235598,0.437678,0.796544],
					[0.305577,0.567682,0.710456],
					[0.316055,0.587146,0.693931],
					[0.245565,0.456195,0.496418]
				],
		"#2-8": [
					[-0.58202,-0.0630486,1],
					[-0.317145,-0.0343555,0.18898],
					[-0.519312,-0.0562558,0.370084],
					[0.994184,0.107697,0.102715]
				],
		"#2-9": [
					[-0.106322,0.218807,0.926465],
					[-0.43705,0.899437,0.783632],
					[-0.43705,0.899437,0.782027],
					[-0.0919293,0.189188,0.786238]
				],
		"#2-10": [
					[0.599317,0,0.638256],
					[1,0,0.328539],
					[1,0,0.335466],
					[0.351476,0,0.621571]
				],
		"#2-11": [
					[0.194281,0.00264886,0.829862],
					[0.450198,0.00613807,0.445922],
					[0.00966083,0.000131717,0.223816],
					[-0.0881004,-0.00120117,0.253026]
				],
		"#2-12": [
					[0.380153,0.23242,0.564405],
					[0.28926,0.176849,0.36495],
					[0.308716,0.188745,0.444344],
					[0.511945,0.312996,0.161336]
				],
		"#2-13": [
					[0.113304,0.00625831,0.81503],
					[0.998478,0.0551505,0.215957],
					[0.998478,0.0551505,0.249224],
					[0.101258,0.00559296,0.746498]
				],
		"#2-14": [
					[-0.332294,-0.545005,1],
					[-0.472768,-0.775401,1],
					[-0.520577,-0.853815,0.878984],
					[0.520577,0.853815,-0.25211]
				],
		"#2-15": [
					[-0.168032,-0.075118,0.857556],
					[-0.466757,-0.208662,0.667545],
					[0.492417,0.220133,-0.441596],
					[0.912778,0.408054,-0.821536]
				],
		"#2-16": [
					[0.405854,0.0693815,0.615331],
					[0.9857,0.168507,0.114719],
					[0.9857,0.168507,0.164283],
					[-0.329436,-0.0563178,0.996573]
				],
		"#2-17": [
					[-0.179494,-0.00334047,0.430991],
					[-0.182329,-0.00339322,0.135186],
					[-0.199539,-0.0037135,0.314938],
					[0.999827,0.0186072,-0.407357]
				],
		"#2-18": [
					[-0.311328,0.950303,0.524853],
					[-0.311328,0.950303,0.37136],
					[-0.311328,0.950303,0.40312],
					[0.311328,-0.950303,0.956103]
				],
		"#2-19": [
					[0.195841,-0.740049,0.704382],
					[0.255827,-0.966723,0.354378],
					[0.255827,-0.966723,0.450608],
					[-0.255827,0.966723,0.0344522]
				],
		"#2-20": [
					[0.151389,0.138188,0.300819],
					[-0.0355277,-0.0324298,0.231883],
					[0.0851791,0.0777519,0.310306],
					[0.459079,0.419049,-0.163332]
				],
		"#2-21": [
					[-0.0838193,0.996481,0.0113113],
					[-0.0838193,0.996481,-0.192686],
					[-0.0838193,0.996481,-0.168836],
					[0.0222688,-0.264741,1]
				],
		"#2-22": [
					[0.11704,0.086191,0.444041],
					[0.381497,0.280942,-0.10472],
					[0.0999362,0.073595,0.277344],
					[0.334515,0.246344,0.337179]
				],
		"#2-23": [
					[0.376883,0.273589,0.231868],
					[0.461405,0.334945,0.0128883],
					[0.385248,0.279661,0.117888],
					[0.10492,0.0761643,0.659455]
				]
		}
	]
}
