{
	"width": 1000,
	"height": 730,
	"linearGradients": [
		{
		"#1-1": [
					[0.384252,0,0.999374],
					[0.384252,0,0.999374],
					[0.384252,0,0.999374],
					[0,0,0.99]
				],
		"#1-2": [
					[-0.00302626,-0.00189991,1],
					[-0.00399333,-0.00250704,1],
					[-0.00403732,-0.00253466,1],
					[0.00604106,0.00379262,0.99]
				],
		"#1-3": [
					[0.373092,0,0.998465],
					[0.373092,0,0.998465],
					[0.373092,0,0.998465],
					[0,0,0.99]
				],
		"#1-4": [
					[0.412223,0,0.998304],
					[0.412223,0,0.998304],
					[0.412223,0,0.998304],
					[0,0,0.99]
				],
		"#1-5": [
					[-0.184841,-0,0.999259],
					[-0.354524,-0,0.994361],
					[-0.288539,-0,0.982293],
					[0.00976885,0,0.996097]
				],
		"#1-6": [
					[-0.0259992,-0.00233065,1],
					[-0.592721,-0.0531335,0.836281],
					[-0.62276,-0.0558263,0.332818],
					[0.00236693,0.00021218,1]
				],
		"#1-7": [
					[0.45315,0.134074,0.858346],
					[0.61107,0.180798,0.793191],
					[0.549784,0.162666,0.806597],
					[0,0,0.99]
				],
		"#1-8": [
					[-0.0642884,-0,0.999936],
					[-0.385781,-0,1],
					[-0.632348,-0,1],
					[0.01,0,0.995465]
				],
		"#1-9": [
					[-0.00628402,-0.0018432,0.998449],
					[-0.407233,-0.119448,0.906362],
					[0.0487705,0.0143052,0.254496],
					[0.00914162,0.00268138,0.994662]
				],
		"#1-10": [
					[0.244025,0.1464,0.885185],
					[0.353359,0.211993,0.827925],
					[0.520278,0.312134,0.755496],
					[0,0,0.99]
				],
		"#1-11": [
					[0.012459,0.0370486,0.969387],
					[-0.198425,-0.590047,1],
					[-0.318746,-0.94784,0.718065],
					[0.00318746,0.0094784,1]
				],
		"#1-12": [
					[0.522834,0.415188,0.76079],
					[0.355178,0.282051,0.813359],
					[0.238953,0.189755,0.859272],
					[0,0,0.99]
				],
		"#1-13": [
					[-0.000525032,-0.000587048,0.990009],
					[-0.195302,-0.21837,0.741407],
					[-0.394169,-0.440727,0.366367],
					[0.000603911,0.000675244,1]
				],
		"#1-14": [
					[0.107949,0,0.943476],
					[-0.409515,-0,1],
					[-0.763297,-0,1],
					[0.01,0,0.99]
				],
		"#1-15": [
					[-0.00440971,-0.00122266,0.999307],
					[0.132661,0.0367824,0.721308],
					[0.963645,0.267186,-0.00745841],
					[0,0,1]
				],
		"#1-16": [
					[0.522649,4.24871e-05,0.805657],
					[1,8.12918e-05,0.356084],
					[1,8.12918e-05,0.0756932],
					[0,0,1]
				],
		"#1-17": [
					[-0.0408787,0.0577005,0.991012],
					[-0.354766,0.500753,0.601099],
					[-0.282577,0.398858,0.0383754],
					[-0.00578088,0.00815974,1]
				],
		"#1-18": [
					[-0.801803,-0,1],
					[-1,-0,0.925965],
					[0.448281,0,-0.0106148],
					[0.01,0,0.992429]
				],
		"#1-19": [
					[0.228703,0.34927,0.536221],
					[0.168846,0.257858,0.644063],
					[0.318674,0.486672,0.367156],
					[0,0,0.99]
				],
		"#1-20": [
					[0.0440196,0.00582316,0.948262],
					[0.510744,0.0675641,0.0858926],
					[0.0107899,0.00142734,-0.00547289],
					[0.00270383,0.000357678,0.995837]
				],
		"#1-21": [
					[-0.999476,-0,1],
					[-0.819975,-0,1],
					[-1,-0,0.690398],
					[0.01,0,1]
				],
		"#1-22": [
					[0.0746078,0.107274,0.888743],
					[-0.0651872,-0.0937283,0.860457],
					[-0.431157,-0.619933,1],
					[0.00570975,0.00820967,0.990084]
				],
		"#1-23": [
					[-0.63548,0.772118,0.476568],
					[-0.63548,0.772118,0.14526],
					[-0.63548,0.772118,-0.182778],
					[-0,0,1]
				],
		"#1-24": [
					[-0.605634,0.795743,0.81159],
					[-0.605634,0.795743,0.224797],
					[-0.158853,0.208717,-0.00223324],
					[-0,0,1]
				],
		"#1-25": [
					[-0.128201,-0.11248,0.805401],
					[0.142393,0.124931,0.133899],
					[0.197663,0.173424,-0.22135],
					[0.00751693,0.00659514,0.990429]
				],
		"#1-26": [
					[0.0628078,0.00699212,0.932267],
					[0.0996728,0.0110961,0.710575],
					[0.458692,0.0510641,-0.0440887],
					[0.0099386,0.00110642,0.99]
				],
		"#1-27": [
					[0.0405151,0.0732166,0.936253],
					[-0.0344323,-0.0622241,0.629996],
					[-0.46103,-0.833147,0.615634],
					[0,0,0.999585]
				],
		"#1-28": [
					[-0.00817387,-0.0141542,1],
					[0.209563,0.362887,0.390311],
					[0.349701,0.605554,-0.32402],
					[0,0,1]
				],
		"#1-29": [
					[0.498778,0.50169,0.29635],
					[0.705046,0.709162,-0.357022],
					[0.207916,0.20913,-0.0663197],
					[0.000347518,0.000349547,0.99986]
				],
		"#1-30": [
					[0.139141,0.325199,0.684646],
					[0.39337,0.91938,0.0703678],
					[0.39337,0.91938,-0.0536876],
					[0.00101696,0.00237682,1]
				],
		"#1-31": [
					[-0.00490899,-0.0001506,1],
					[-0.438719,-0.0134592,1],
					[0.305155,0.00936167,-0.0559587],
					[0.00967133,0.000296701,0.992608]
				],
		"#1-32": [
					[0.665293,0,0.530567],
					[-0.292653,-0,1],
					[-0.669525,-0,1],
					[0.01,0,0.99]
				],
		"#1-33": [
					[0.0279144,0.0523927,0.943457],
					[-0.191012,-0.35851,1],
					[-0.470217,-0.882551,1],
					[0.00470217,0.00882551,0.991145]
				],
		"#1-34": [
					[0.00262368,-0.00743062,0.99908],
					[-0.322284,0.912751,0.267814],
					[-0.332946,0.942946,-0.295625],
					[-0,0,1]
				],
		"#1-35": [
					[-0.127281,-0.0868215,1],
					[-0.178477,-0.121743,0.471691],
					[0.0432988,0.0295352,-0.0393623],
					[0.0082611,0.00563509,0.99]
				],
		"#1-36": [
					[0.0137738,0.436383,-0.107583],
					[0.0302357,0.957928,-0.461912],
					[0.0104671,0.33162,-0.287327],
					[4.43968e-05,0.00140658,0.99976]
				],
		"#1-37": [
					[0.192211,0.00518687,0.747359],
					[0.59281,0.0159972,0.246496],
					[0.729948,0.0196979,0.086185],
					[0.00999636,0.000269755,0.99]
				],
		"#1-38": [
					[-0.0956326,-0.0614124,1],
					[0.160028,0.102765,0.216686],
					[-0.04979,-0.0319737,0.0854332],
					[0.00841441,0.00540349,0.990031]
				],
		"#1-39": [
					[0.101233,0.0353823,0.8989],
					[0.749191,0.261852,-0.0494399],
					[0.944002,0.329941,-0.853823],
					[3.61341e-05,1.26294e-05,1]
				],
		"#1-40": [
					[0.244554,0.133582,0.766134],
					[0.397818,0.217299,0.219571],
					[-0.26784,-0.146301,0.253717],
					[0.00877611,0.00479374,0.99]
				],
		"#1-41": [
					[0.248861,0.224905,0.466865],
					[-0.246114,-0.222423,0.653822],
					[-0.465666,-0.420841,0.742019],
					[0.00735105,0.00664343,0.99]
				],
		"#1-42": [
					[0.872574,0,0.21131],
					[1,0,-0.308177],
					[1,0,-0.642951],
					[0.00192251,0,1]
				],
		"#1-43": [
					[0.305073,0.271421,0.463785],
					[0.301114,0.267898,0.470053],
					[0.303093,0.26966,0.466919],
					[0,0,0.99]
				],
		"#1-44": [
					[0.176286,0.0751381,0.566726],
					[-0.0431394,-0.0183872,0.343879],
					[0.0238933,0.010184,0.0223251],
					[0.00919924,0.00392097,0.99]
				],
		"#1-45": [
					[0.141013,0.0639419,0.803372],
					[0.141013,0.0639419,0.803372],
					[0.141013,0.0639419,0.803372],
					[0,0,0.99]
				],
		"#1-46": [
					[0.226208,0.6531,0.373664],
					[0.327285,0.944926,-0.223191],
					[0.0724438,0.209157,-0.0881529],
					[0.000518599,0.00149728,1]
				],
		"#1-47": [
					[0.447519,0,0.551639],
					[0.44575,0,0.55289],
					[0.446632,0,0.552267],
					[2.53234e-07,0,0.99]
				],
		"#1-48": [
					[0.447879,0,0.546982],
					[0.451212,0,0.541824],
					[0.447675,0,0.546532],
					[0.00472259,0,0.99493]
				],
		"#1-49": [
					[0.426914,0.0296528,0.546634],
					[0.426318,0.0296114,0.547264],
					[0.426616,0.0296321,0.546948],
					[0.00432087,0.000300121,0.994632]
				]
		}
	]
}
